group,time,att,se,anticipation,band_label,spec_label
2002,2002,579.9542591397498,22.493290793489038,0,2-10km,baseline
2002,2003,840.6403865823066,21.5144697890114,0,2-10km,baseline
2002,2004,-65.81551288703508,26.054481051140556,0,2-10km,baseline
2002,2005,351.98790529314994,24.466416569038344,0,2-10km,baseline
2002,2006,252.3578098404771,26.8237624705443,0,2-10km,baseline
2002,2007,34.343093812160994,26.911299935724074,0,2-10km,baseline
2002,2008,396.0738088252938,26.174454926767055,0,2-10km,baseline
2002,2009,-67.5929779743966,27.589508112882655,0,2-10km,baseline
2002,2010,460.8800210996721,26.250253417537092,0,2-10km,baseline
2002,2011,386.95772242693226,26.179463049640574,0,2-10km,baseline
2002,2012,144.6950067205214,28.104678407155163,0,2-10km,baseline
2002,2013,1071.987140790281,23.811811893877074,0,2-10km,baseline
2002,2014,653.5130500138707,26.798947333605817,0,2-10km,baseline
2002,2015,1045.4946229285138,24.782757933191167,0,2-10km,baseline
2002,2016,323.8505037717955,67.3833525241907,0,2-10km,baseline
2002,2017,-994.5861687645062,48.01195641190294,0,2-10km,baseline
2002,2018,-310.87715427892226,38.77459971112735,0,2-10km,baseline
2002,2019,229.07904736515815,30.992463866896834,0,2-10km,baseline
2002,2020,173.73467284539433,44.307091748860415,0,2-10km,baseline
2002,2021,312.76318950514417,35.228089512616116,0,2-10km,baseline
2002,2022,319.36268328745365,36.09907924107006,0,2-10km,baseline
2002,2023,775.9612470392865,66.03590892280201,0,2-10km,baseline
2002,2024,606.1017085691259,51.48129217901539,0,2-10km,baseline
2002,2025,844.7579265882155,45.26594099060185,0,2-10km,baseline
2003,2002,-4478.450953261061,1774.9672357620136,0,2-10km,baseline
2003,2003,5.265964318558645,137.80253015637803,0,2-10km,baseline
2003,2004,-172.66924850225791,255.26496213888987,0,2-10km,baseline
2003,2005,226.42895183712116,312.0803726969014,0,2-10km,baseline
2003,2006,-444.30983886363083,196.488723569575,0,2-10km,baseline
2003,2007,-852.8891641415332,145.71486376873622,0,2-10km,baseline
2003,2008,-127.95115164355889,206.04123052366717,0,2-10km,baseline
2003,2009,-512.5110834863444,207.32305093072586,0,2-10km,baseline
2003,2010,-157.2817044678247,217.36194082693225,0,2-10km,baseline
2003,2011,-53.730187354553465,267.15595282923374,0,2-10km,baseline
2003,2012,3183.710789182584,804.0888341157098,0,2-10km,baseline
2003,2013,283.9367728401051,146.5133767163234,0,2-10km,baseline
2003,2014,421.81296927537534,357.76999383555943,0,2-10km,baseline
2003,2015,162.90276121753016,147.65769502274796,0,2-10km,baseline
2003,2016,-789.8892349192281,161.50565129823246,0,2-10km,baseline
2003,2017,-1883.577609334053,194.4302256388825,0,2-10km,baseline
2003,2018,-1161.592082093631,171.48004041716,0,2-10km,baseline
2003,2019,-418.9627477063646,224.77826700640787,0,2-10km,baseline
2003,2020,-902.6682973748257,156.54237621042145,0,2-10km,baseline
2003,2021,-592.1569250831853,165.2624382178853,0,2-10km,baseline
2003,2022,-723.8780099294144,144.81038665060814,0,2-10km,baseline
2003,2023,91.86372005523548,393.36472160188345,0,2-10km,baseline
2003,2024,-362.08269013974063,170.3238110856745,0,2-10km,baseline
2003,2025,-184.47477886602127,152.97338793144843,0,2-10km,baseline
2004,2002,-1234.0945139699543,592.3347240067403,0,2-10km,baseline
2004,2003,443.09889851186824,139.43930303678354,0,2-10km,baseline
2004,2004,-166.20948923049036,629.1138243445577,0,2-10km,baseline
2004,2005,-183.83509959950578,272.3758943720039,0,2-10km,baseline
2004,2006,-193.81056420354196,337.95185129917365,0,2-10km,baseline
2004,2007,-349.3137760812749,348.71935283850274,0,2-10km,baseline
2004,2008,210.7331331500103,490.7102515547209,0,2-10km,baseline
2004,2009,-278.3823658756879,409.9108985536954,0,2-10km,baseline
2004,2010,-341.8214665141206,289.55894019544,0,2-10km,baseline
2004,2011,-10.147695922243201,359.69631759375085,0,2-10km,baseline
2004,2012,447.58168488873696,593.7877200816666,0,2-10km,baseline
2004,2013,124.89655989840642,205.17625060702105,0,2-10km,baseline
2004,2014,1375.078434647488,1138.9377137520594,0,2-10km,baseline
2004,2015,71.79405940680593,266.60770856339616,0,2-10km,baseline
2004,2016,-505.8465498424559,476.41446239387403,0,2-10km,baseline
2004,2017,-1059.9741388907887,759.0219676922874,0,2-10km,baseline
2004,2018,-927.3889159109783,223.98400358375562,0,2-10km,baseline
2004,2019,268.79690543382844,884.0298906169437,0,2-10km,baseline
2004,2020,-1029.1618225833747,248.45102834909883,0,2-10km,baseline
2004,2021,-713.3678270801179,278.4434920242018,0,2-10km,baseline
2004,2022,-748.1031437945034,262.16643705343415,0,2-10km,baseline
2004,2023,-360.37885077664436,328.8811320892208,0,2-10km,baseline
2004,2024,-768.3594015250844,208.45337929649529,0,2-10km,baseline
2004,2025,-260.3589855960015,403.3250355769268,0,2-10km,baseline
2005,2002,1042.8588717163507,234.94006269342603,0,2-10km,baseline
2005,2003,-221.36810263336088,261.53704076708897,0,2-10km,baseline
2005,2004,-885.067373633683,129.62468310351295,0,2-10km,baseline
2005,2005,777.6986793723238,167.9115663599455,0,2-10km,baseline
2005,2006,317.26914265953866,151.1501406387065,0,2-10km,baseline
2005,2007,213.05637946794573,128.97916585107976,0,2-10km,baseline
2005,2008,293.11345822289974,116.16968524779855,0,2-10km,baseline
2005,2009,-45.722362390073954,118.71368497803633,0,2-10km,baseline
2005,2010,569.5645126419162,118.15752063321565,0,2-10km,baseline
2005,2011,217.44944978957238,113.88551298458674,0,2-10km,baseline
2005,2012,277.3559629527484,133.889702509513,0,2-10km,baseline
2005,2013,792.9401449542463,114.52781157989949,0,2-10km,baseline
2005,2014,689.7076886998163,220.96020112473025,0,2-10km,baseline
2005,2015,746.4680471900949,123.60350982660721,0,2-10km,baseline
2005,2016,79.80342485981066,142.23402762857862,0,2-10km,baseline
2005,2017,-903.7456791961823,294.0501345930101,0,2-10km,baseline
2005,2018,-194.65345161262064,153.58749355299003,0,2-10km,baseline
2005,2019,-26.412815443968725,115.16416071617994,0,2-10km,baseline
2005,2020,-131.5616420366838,139.1584613587264,0,2-10km,baseline
2005,2021,163.4508875952942,139.49961787423706,0,2-10km,baseline
2005,2022,-55.354519317019424,114.21061343746807,0,2-10km,baseline
2005,2023,267.829937270234,120.32666436538715,0,2-10km,baseline
2005,2024,236.28346121040522,130.54041067810135,0,2-10km,baseline
2005,2025,512.8099170528465,127.19759200458061,0,2-10km,baseline
2006,2002,55.04380875209654,446.56962575842135,0,2-10km,baseline
2006,2003,-1220.824140502842,426.8112375477416,0,2-10km,baseline
2006,2004,899.9033989163462,442.4208281520846,0,2-10km,baseline
2006,2005,-549.3814155322364,423.8747300028184,0,2-10km,baseline
2006,2006,-106.49288794711606,413.35194813012623,0,2-10km,baseline
2006,2007,-262.44163355063483,381.52504407459304,0,2-10km,baseline
2006,2008,-268.7364420657143,486.97851142284236,0,2-10km,baseline
2006,2009,-11.843425018526489,357.5851973209966,0,2-10km,baseline
2006,2010,614.3927294224957,674.7241362683702,0,2-10km,baseline
2006,2011,-102.38216892879973,385.7991019685967,0,2-10km,baseline
2006,2012,-71.91458161022615,449.9632888167596,0,2-10km,baseline
2006,2013,-76.94846703014707,388.9124893574793,0,2-10km,baseline
2006,2014,-360.7201430889295,393.4680052367252,0,2-10km,baseline
2006,2015,-166.55124255949102,401.9723319565627,0,2-10km,baseline
2006,2016,-618.9270197759527,394.9724437243421,0,2-10km,baseline
2006,2017,19.16718531087122,683.7179763004032,0,2-10km,baseline
2006,2018,-1006.9516464791662,395.36317583449284,0,2-10km,baseline
2006,2019,-1027.0004647802784,272.89042387618764,0,2-10km,baseline
2006,2020,-1422.3330910539464,347.85448353679254,0,2-10km,baseline
2006,2021,-992.0222613835925,376.976077720878,0,2-10km,baseline
2006,2022,-1460.6202073867719,326.0047142385419,0,2-10km,baseline
2006,2023,-462.05443994981533,373.78580971612917,0,2-10km,baseline
2006,2024,-492.65749037800265,411.17034560694196,0,2-10km,baseline
2006,2025,-542.5952625498605,338.6007669893646,0,2-10km,baseline
2007,2002,283.6165491145249,77.75950599501,0,2-10km,baseline
2007,2003,161.63154014323044,58.46195280847198,0,2-10km,baseline
2007,2004,-833.6259966116193,60.03517389277608,0,2-10km,baseline
2007,2005,404.5812240940141,53.13995269033925,0,2-10km,baseline
2007,2006,-140.6150185488953,49.90952002220699,0,2-10km,baseline
2007,2007,-92.62084178837753,50.90210055843461,0,2-10km,baseline
2007,2008,440.6346733150349,63.72593736063542,0,2-10km,baseline
2007,2009,-155.44343661998852,58.363457213352596,0,2-10km,baseline
2007,2010,457.0806002810446,63.42324524491489,0,2-10km,baseline
2007,2011,155.41777946023984,51.16855766941738,0,2-10km,baseline
2007,2012,77.01241615042778,64.61271208667202,0,2-10km,baseline
2007,2013,701.5331464829823,50.04978490294409,0,2-10km,baseline
2007,2014,322.52995400158557,50.66281778333956,0,2-10km,baseline
2007,2015,548.8532809097859,46.58781508453685,0,2-10km,baseline
2007,2016,-223.411790650304,56.779181259344426,0,2-10km,baseline
2007,2017,-1168.2091500605784,72.9987519400605,0,2-10km,baseline
2007,2018,-739.8990422469469,56.494765601443945,0,2-10km,baseline
2007,2019,-76.6251851304259,59.68468699828688,0,2-10km,baseline
2007,2020,-330.95202416329465,65.00212669803282,0,2-10km,baseline
2007,2021,-54.12769706328423,60.17863272644472,0,2-10km,baseline
2007,2022,-42.57534269953311,65.59060570629293,0,2-10km,baseline
2007,2023,88.28546913134588,52.430477602181455,0,2-10km,baseline
2007,2024,62.01365941641578,57.16687441514862,0,2-10km,baseline
2007,2025,294.3500851269324,58.564855616704364,0,2-10km,baseline
2008,2002,961.4989295528347,198.3775318556461,0,2-10km,baseline
2008,2003,-13.176594129837326,202.51418918588791,0,2-10km,baseline
2008,2004,-764.1130170771264,180.94401677118864,0,2-10km,baseline
2008,2005,46.73412666134391,168.36017368426454,0,2-10km,baseline
2008,2006,-233.95739131962705,143.73896721826216,0,2-10km,baseline
2008,2007,-476.12917317997847,117.22931841499197,0,2-10km,baseline
2008,2008,227.57887600744004,110.46879175180074,0,2-10km,baseline
2008,2009,312.8375377047216,123.79473129726797,0,2-10km,baseline
2008,2010,499.3109812616852,133.17945179243355,0,2-10km,baseline
2008,2011,495.01098720084354,146.82382947846395,0,2-10km,baseline
2008,2012,-24.425244068663346,106.97454188197675,0,2-10km,baseline
2008,2013,509.94018046312,100.36984749294228,0,2-10km,baseline
2008,2014,183.57061625201715,101.42733846139213,0,2-10km,baseline
2008,2015,452.53170935414437,104.56511412261578,0,2-10km,baseline
2008,2016,-169.83893393811059,113.92291040543907,0,2-10km,baseline
2008,2017,219.3030235931701,237.42119244575213,0,2-10km,baseline
2008,2018,-255.03113305066006,137.90335801718422,0,2-10km,baseline
2008,2019,128.0851766177518,123.35465365308035,0,2-10km,baseline
2008,2020,387.8506219385697,162.23772545360316,0,2-10km,baseline
2008,2021,53.70092025758487,120.61856570271989,0,2-10km,baseline
2008,2022,-120.48417053336033,108.84336761396682,0,2-10km,baseline
2008,2023,412.11024250837875,124.07006984643549,0,2-10km,baseline
2008,2024,66.14619283080094,114.17351004951975,0,2-10km,baseline
2008,2025,437.9310328694777,125.36714848262078,0,2-10km,baseline
2009,2002,474.69696710876536,57.08895120638985,0,2-10km,baseline
2009,2003,87.54730131343331,51.05741368608245,0,2-10km,baseline
2009,2004,-573.8201029241006,56.52760269705515,0,2-10km,baseline
2009,2005,240.7019153393615,56.976470420558584,0,2-10km,baseline
2009,2006,-237.81119276508917,48.433698372053264,0,2-10km,baseline
2009,2007,-185.44298438599284,48.99093460117081,0,2-10km,baseline
2009,2008,416.20334078745344,50.72485089861637,0,2-10km,baseline
2009,2009,-256.9928668244154,57.18120703523632,0,2-10km,baseline
2009,2010,247.93846939712347,63.267641518117976,0,2-10km,baseline
2009,2011,-19.981819655553352,50.02405051680821,0,2-10km,baseline
2009,2012,-214.47776612764068,51.00424901107861,0,2-10km,baseline
2009,2013,560.436711980974,45.90515976217377,0,2-10km,baseline
2009,2014,200.09272824633695,48.50524741340814,0,2-10km,baseline
2009,2015,457.9386880185449,41.204218650149684,0,2-10km,baseline
2009,2016,-18.517958907846037,64.16774354939211,0,2-10km,baseline
2009,2017,-1281.9676974893375,65.71343683065714,0,2-10km,baseline
2009,2018,-713.0522868343778,59.40699834641782,0,2-10km,baseline
2009,2019,-185.96957792146625,50.130502475491944,0,2-10km,baseline
2009,2020,-254.7342146077351,61.01087140102767,0,2-10km,baseline
2009,2021,-159.42355702386044,59.62929355209552,0,2-10km,baseline
2009,2022,-154.18224032642746,54.570522959161536,0,2-10km,baseline
2009,2023,120.12505127022663,52.63245576054162,0,2-10km,baseline
2009,2024,-1.0661520836776006,53.70808231755254,0,2-10km,baseline
2009,2025,193.91002663384273,55.57265065364918,0,2-10km,baseline
2010,2002,371.0760399011307,193.61618190834704,0,2-10km,baseline
2010,2003,-299.7156727191389,148.7459679334149,0,2-10km,baseline
2010,2004,-107.47519587051625,119.5756686354187,0,2-10km,baseline
2010,2005,-51.620873113792584,126.06144461031202,0,2-10km,baseline
2010,2006,532.8302154148544,168.47640744797653,0,2-10km,baseline
2010,2007,-951.9356856161278,166.4325033788523,0,2-10km,baseline
2010,2008,614.7920858042128,117.09608178659204,0,2-10km,baseline
2010,2009,117.49922644230321,151.4825830360365,0,2-10km,baseline
2010,2010,-12.527645527390291,162.0414279491932,0,2-10km,baseline
2010,2011,109.2255744513073,170.04483193173348,0,2-10km,baseline
2010,2012,-180.1444557410564,150.8249644622173,0,2-10km,baseline
2010,2013,286.97754194077595,155.90329333503698,0,2-10km,baseline
2010,2014,-212.8123947261413,183.9679010137687,0,2-10km,baseline
2010,2015,-2.920188927037316,142.69810086968442,0,2-10km,baseline
2010,2016,-519.4341748107811,214.35274689798015,0,2-10km,baseline
2010,2017,-1491.301879475583,208.18393392234057,0,2-10km,baseline
2010,2018,-1423.0294051805076,144.21097899381442,0,2-10km,baseline
2010,2019,-819.6291277875798,137.3851552538666,0,2-10km,baseline
2010,2020,-972.3923626735368,140.59670113673786,0,2-10km,baseline
2010,2021,-661.8606896567503,189.85199022028718,0,2-10km,baseline
2010,2022,-690.12287872664,161.0613187971665,0,2-10km,baseline
2010,2023,-323.7001895277849,169.3729519399153,0,2-10km,baseline
2010,2024,151.54658765485397,254.59582376225214,0,2-10km,baseline
2010,2025,-245.11033355182406,173.59645272776635,0,2-10km,baseline
2011,2002,187.3619806924711,102.1472968960916,0,2-10km,baseline
2011,2003,61.60625898596919,98.59965405680765,0,2-10km,baseline
2011,2004,823.5188186240268,129.47519238631526,0,2-10km,baseline
2011,2005,-710.3566542868057,137.09158453665037,0,2-10km,baseline
2011,2006,82.90160405576307,129.36340541356782,0,2-10km,baseline
2011,2007,269.1633478910471,136.78791939775243,0,2-10km,baseline
2011,2008,-811.3537881750515,141.6335681318072,0,2-10km,baseline
2011,2009,459.3079051550023,125.85274388858264,0,2-10km,baseline
2011,2010,-163.2626123510338,129.40108291058095,0,2-10km,baseline
2011,2011,-863.6143865585434,111.46078057907117,0,2-10km,baseline
2011,2012,-779.5798580427207,130.36845766058548,0,2-10km,baseline
2011,2013,-745.5617156300773,118.75930965528278,0,2-10km,baseline
2011,2014,-446.8696740553187,153.94527198301478,0,2-10km,baseline
2011,2015,-484.2667166131015,124.37717685633085,0,2-10km,baseline
2011,2016,-926.1478475927335,138.41954607238662,0,2-10km,baseline
2011,2017,-127.60895715329775,162.62573366967933,0,2-10km,baseline
2011,2018,-793.5724464271273,145.36695048600603,0,2-10km,baseline
2011,2019,-774.1470510558438,131.2579712000465,0,2-10km,baseline
2011,2020,-1069.4577873857597,126.87237625121324,0,2-10km,baseline
2011,2021,-669.3005708364781,132.578970248187,0,2-10km,baseline
2011,2022,-1094.0414154126745,125.5345335709744,0,2-10km,baseline
2011,2023,-914.2126220828543,118.9838134812652,0,2-10km,baseline
2011,2024,-1065.0585974147725,133.69239398317944,0,2-10km,baseline
2011,2025,-629.4950988016874,132.60958867923668,0,2-10km,baseline
2012,2002,-455.4597283906302,264.96678013018294,0,2-10km,baseline
2012,2003,1543.054749609691,276.67169444866823,0,2-10km,baseline
2012,2004,-1406.37192059763,270.8622536812746,0,2-10km,baseline
2012,2005,839.7258531325065,247.52262920532465,0,2-10km,baseline
2012,2006,-921.5239872686138,322.5467086828207,0,2-10km,baseline
2012,2007,37.61054948158153,187.86095297147625,0,2-10km,baseline
2012,2008,607.9148925342404,203.950396950889,0,2-10km,baseline
2012,2009,-221.4592852348826,343.55668993019873,0,2-10km,baseline
2012,2010,416.7397437394693,362.6131516949316,0,2-10km,baseline
2012,2011,-616.207813901604,227.75312289746088,0,2-10km,baseline
2012,2012,-359.8722664660399,164.37238990973867,0,2-10km,baseline
2012,2013,213.1164719489259,128.42030237232782,0,2-10km,baseline
2012,2014,-12.253822404497782,156.0675229994025,0,2-10km,baseline
2012,2015,760.2325260442909,224.37219502180724,0,2-10km,baseline
2012,2016,-113.82241518039842,280.2010968102652,0,2-10km,baseline
2012,2017,-678.1840110814428,312.99428347182777,0,2-10km,baseline
2012,2018,429.80413388912405,423.7513696807695,0,2-10km,baseline
2012,2019,395.5685161395222,375.8557763830323,0,2-10km,baseline
2012,2020,-263.7285744321684,209.64066792624908,0,2-10km,baseline
2012,2021,219.72400808199416,265.12138748913964,0,2-10km,baseline
2012,2022,-400.75095584886753,164.49842519483914,0,2-10km,baseline
2012,2023,237.90580869350867,201.2867390612354,0,2-10km,baseline
2012,2024,75.83368016938425,211.5455140476866,0,2-10km,baseline
2012,2025,282.1871416423478,249.66537338253795,0,2-10km,baseline
2013,2002,314.9755986747989,136.55846879999015,0,2-10km,baseline
2013,2003,756.4368361282902,197.46164842953465,0,2-10km,baseline
2013,2004,-1391.6713131013319,219.73624109609622,0,2-10km,baseline
2013,2005,611.9857159641323,164.29281170985033,0,2-10km,baseline
2013,2006,65.38329098124305,233.4653442161674,0,2-10km,baseline
2013,2007,-351.4243197572174,234.39810915486456,0,2-10km,baseline
2013,2008,727.5504488718744,195.92193582388643,0,2-10km,baseline
2013,2009,-658.9165132098656,201.90882750361214,0,2-10km,baseline
2013,2010,134.57528324592795,179.78124274809434,0,2-10km,baseline
2013,2011,151.7168230295572,185.65783370450285,0,2-10km,baseline
2013,2012,-150.5998056670507,199.4288721643574,0,2-10km,baseline
2013,2013,396.08594919056804,174.68590086208397,0,2-10km,baseline
2013,2014,552.2462698528102,267.7451392969784,0,2-10km,baseline
2013,2015,639.284618300439,161.72779903917385,0,2-10km,baseline
2013,2016,24713.057686222688,2619.6319079408354,0,2-10km,baseline
2013,2017,-680.1589594264631,229.06400245875002,0,2-10km,baseline
2013,2018,-635.8048318068761,201.84462013295234,0,2-10km,baseline
2013,2019,1750.8156516500756,703.2515249852571,0,2-10km,baseline
2013,2020,-460.26058861019123,179.8224248708437,0,2-10km,baseline
2013,2021,45.29516008598691,233.10826369460077,0,2-10km,baseline
2013,2022,-174.25098396506013,178.83433454750917,0,2-10km,baseline
2013,2023,91.868124803775,184.62057381685665,0,2-10km,baseline
2013,2024,-299.9404510402478,160.90853616315133,0,2-10km,baseline
2013,2025,241.61885502541372,179.7656045819648,0,2-10km,baseline
2014,2002,-1788.9196395394047,516.3477190538142,0,2-10km,baseline
2014,2003,-143.63010973959206,146.1016569910628,0,2-10km,baseline
2014,2004,-165.97803177157755,230.74334882577523,0,2-10km,baseline
2014,2005,-17.843199047246173,240.13867401780723,0,2-10km,baseline
2014,2006,-42.299229217474874,161.08708223126044,0,2-10km,baseline
2014,2007,1985.524282585206,458.20370647168096,0,2-10km,baseline
2014,2008,-803.6211172064029,717.2084002872087,0,2-10km,baseline
2014,2009,-755.4872217612387,728.9408396282814,0,2-10km,baseline
2014,2010,-260.71293783365763,227.28931496317995,0,2-10km,baseline
2014,2011,-20.742176345483642,268.5225643395993,0,2-10km,baseline
2014,2012,213.6112829748593,286.8640162441838,0,2-10km,baseline
2014,2013,329.11466409626667,270.9700700008366,0,2-10km,baseline
2014,2014,-402.28764649838894,188.9477834067532,0,2-10km,baseline
2014,2015,262.2526580121561,345.7517355902321,0,2-10km,baseline
2014,2016,-546.2336328986692,383.30480531091825,0,2-10km,baseline
2014,2017,-1747.5073718698131,437.93475872488466,0,2-10km,baseline
2014,2018,-1633.8776560476804,191.93445084645978,0,2-10km,baseline
2014,2019,-56.98414029990238,583.4369838349935,0,2-10km,baseline
2014,2020,-1173.6294083691064,210.78588369268206,0,2-10km,baseline
2014,2021,-516.8293557219321,311.1587431871919,0,2-10km,baseline
2014,2022,-848.8947655978069,258.67927235826744,0,2-10km,baseline
2014,2023,-938.9850948413732,181.22516502428672,0,2-10km,baseline
2014,2024,-1043.44536315217,181.94497879789355,0,2-10km,baseline
2014,2025,-190.93961078288976,399.2200343611863,0,2-10km,baseline
2018,2002,28.58041901622653,84.24109141626214,0,2-10km,baseline
2018,2003,80.33896568579212,71.36176439331517,0,2-10km,baseline
2018,2004,-122.63428448546517,97.40499028369901,0,2-10km,baseline
2018,2005,-0.8183799142406656,101.76057497285817,0,2-10km,baseline
2018,2006,374.60237512353274,121.01276782964037,0,2-10km,baseline
2018,2007,-506.56635356547054,117.78945209725677,0,2-10km,baseline
2018,2008,273.0433858583836,98.5359884620039,0,2-10km,baseline
2018,2009,-196.54297088707585,98.05336573425507,0,2-10km,baseline
2018,2010,582.006023764367,112.84520109771594,0,2-10km,baseline
2018,2011,-455.7292006071575,103.95637401580882,0,2-10km,baseline
2018,2012,-113.47337535750268,83.43998706961408,0,2-10km,baseline
2018,2013,302.03724313741225,71.09588904470105,0,2-10km,baseline
2018,2014,-57.885180730758236,76.94101230585044,0,2-10km,baseline
2018,2015,134.35437625476533,87.34911621723887,0,2-10km,baseline
2018,2016,-691.2442527402501,83.40059098785578,0,2-10km,baseline
2018,2017,-508.9050631782304,105.57539611178741,0,2-10km,baseline
2018,2018,43.20397368448914,106.64801494231789,0,2-10km,baseline
2018,2019,544.6509858531336,102.7233686938702,0,2-10km,baseline
2018,2020,530.2200080005138,114.04643685499259,0,2-10km,baseline
2018,2021,860.285149905972,123.21427574796945,0,2-10km,baseline
2018,2022,764.4144088106291,112.51158118695665,0,2-10km,baseline
2018,2023,1043.8478288190124,114.63627908309844,0,2-10km,baseline
2018,2024,864.7046262666872,125.17491296126998,0,2-10km,baseline
2018,2025,905.241216084335,107.84698683996162,0,2-10km,baseline
2019,2002,1803.042470681404,1131.0079253195775,0,2-10km,baseline
2019,2003,-798.4868726891054,1101.0289370096257,0,2-10km,baseline
2019,2004,1669.7989161824203,2477.4365876564702,0,2-10km,baseline
2019,2005,-273.56360609390276,1877.213774514239,0,2-10km,baseline
2019,2006,-2077.08083815186,1467.2474820416837,0,2-10km,baseline
2019,2007,1209.06368236523,920.7195471090744,0,2-10km,baseline
2019,2008,-740.5626687299525,1171.0387020333717,0,2-10km,baseline
2019,2009,4499.451226873822,3265.818644748532,0,2-10km,baseline
2019,2010,-4502.033644083566,3156.8253478567426,0,2-10km,baseline
2019,2011,2104.9758117487363,1073.4729906846114,0,2-10km,baseline
2019,2012,-576.4838410506181,1151.5264299949606,0,2-10km,baseline
2019,2013,-436.02447077585,711.125947544346,0,2-10km,baseline
2019,2014,-816.4416964713903,284.26940782919075,0,2-10km,baseline
2019,2015,599.6910767830711,438.0922189016505,0,2-10km,baseline
2019,2016,-767.003014295387,361.5719131296128,0,2-10km,baseline
2019,2017,1758.4642235980332,1528.369977943943,0,2-10km,baseline
2019,2018,-2659.0317444158063,1784.8539081416088,0,2-10km,baseline
2019,2019,1491.544441471794,530.9953948473635,0,2-10km,baseline
2019,2020,4233.659934587073,4113.011170447503,0,2-10km,baseline
2019,2021,1308.9343727971109,1099.9301604280051,0,2-10km,baseline
2019,2022,2335.8744234897817,1483.5699100301326,0,2-10km,baseline
2019,2023,1252.7656917425527,1011.7858828577016,0,2-10km,baseline
2019,2024,1287.7265380180488,1095.8268720585281,0,2-10km,baseline
2019,2025,1704.5941330062537,1012.78660602678,0,2-10km,baseline
2020,2002,536.641579168052,31.69144744324023,0,2-10km,baseline
2020,2003,209.93806701882977,29.284769716538857,0,2-10km,baseline
2020,2004,-697.0713191323237,48.3558163654853,0,2-10km,baseline
2020,2005,248.0444237341817,48.97753481521894,0,2-10km,baseline
2020,2006,-46.1002605675414,34.252101311811,0,2-10km,baseline
2020,2007,-158.64152232289723,35.8706492124662,0,2-10km,baseline
2020,2008,351.9524162958349,37.47619598885636,0,2-10km,baseline
2020,2009,-405.311981458665,42.94630542664968,0,2-10km,baseline
2020,2010,417.1036297308195,42.40346575536849,0,2-10km,baseline
2020,2011,10.87170052060543,34.34543299264546,0,2-10km,baseline
2020,2012,-347.55284207995885,36.106014461133185,0,2-10km,baseline
2020,2013,997.6874581734628,35.74585536812508,0,2-10km,baseline
2020,2014,-524.8172041869852,30.336036392191602,0,2-10km,baseline
2020,2015,341.8321037502987,26.04409853195126,0,2-10km,baseline
2020,2016,-971.3008133693219,35.70980634544298,0,2-10km,baseline
2020,2017,-891.2298846921486,61.230997094856214,0,2-10km,baseline
2020,2018,1486.3169658407237,115.83569028645202,0,2-10km,baseline
2020,2019,122.09660622396632,110.56342455311663,0,2-10km,baseline
2020,2020,-29.545751055539085,104.346155059693,0,2-10km,baseline
2020,2021,182.78678464180734,95.13584514100808,0,2-10km,baseline
2020,2022,313.2450328991416,99.61442684031202,0,2-10km,baseline
2020,2023,-3.945313240179189,72.69183551764526,0,2-10km,baseline
2020,2024,342.06172065644296,90.18667101263628,0,2-10km,baseline
2020,2025,237.2902840906129,74.75251467078945,0,2-10km,baseline
2021,2002,379.1189207268143,231.75681671682116,0,2-10km,baseline
2021,2003,-640.1922998331984,219.33993810981218,0,2-10km,baseline
2021,2004,1881.7278948640374,350.1784216021177,0,2-10km,baseline
2021,2005,-1340.8826448691957,364.7017308294937,0,2-10km,baseline
2021,2006,-205.81638635027414,254.902442568358,0,2-10km,baseline
2021,2007,-213.0136494217852,234.2976848127451,0,2-10km,baseline
2021,2008,-198.77373628310602,186.27380008426306,0,2-10km,baseline
2021,2009,167.21105094134782,216.00300054635082,0,2-10km,baseline
2021,2010,-139.8452230098469,195.0248118224337,0,2-10km,baseline
2021,2011,348.8899426256685,180.64894652290707,0,2-10km,baseline
2021,2012,568.5248770207434,226.7039505473476,0,2-10km,baseline
2021,2013,-976.2013842658638,233.4015861970153,0,2-10km,baseline
2021,2014,127.64660081981265,133.34604391010058,0,2-10km,baseline
2021,2015,114.21304139875389,168.08270450156266,0,2-10km,baseline
2021,2016,-264.9605220507648,185.50648007956516,0,2-10km,baseline
2021,2017,762.9425407459473,269.25510348282296,0,2-10km,baseline
2021,2018,-963.9363001493498,290.502740596878,0,2-10km,baseline
2021,2019,78.33003495983712,186.97626787858633,0,2-10km,baseline
2021,2020,-483.3398686595483,146.8332938299818,0,2-10km,baseline
2021,2021,316.6057795609543,155.16051669219613,0,2-10km,baseline
2021,2022,379.77747467720684,165.69349745244838,0,2-10km,baseline
2021,2023,896.637727982861,182.1225352691387,0,2-10km,baseline
2021,2024,591.4186678118219,159.80792737516146,0,2-10km,baseline
2021,2025,881.9282478409638,212.49233861785527,0,2-10km,baseline
2024,2002,-477.85515558695215,91.03057834599953,0,2-10km,baseline
2024,2003,925.8726401735644,72.71664464806612,0,2-10km,baseline
2024,2004,-1019.3354504928236,102.5368360926068,0,2-10km,baseline
2024,2005,389.4468309352409,97.33613147254168,0,2-10km,baseline
2024,2006,-190.54149584604602,93.95613943224801,0,2-10km,baseline
2024,2007,213.64682246578653,101.40038612268675,0,2-10km,baseline
2024,2008,-305.9459190283461,91.718975458539,0,2-10km,baseline
2024,2009,-46.814436178522556,80.92353995345171,0,2-10km,baseline
2024,2010,573.3042454045478,86.30765158382154,0,2-10km,baseline
2024,2011,-684.6413487707841,72.0708518687612,0,2-10km,baseline
2024,2012,359.82554559280584,70.10669891258885,0,2-10km,baseline
2024,2013,26.86450124367127,65.51118616659748,0,2-10km,baseline
2024,2014,31.54992670588848,57.1431481545093,0,2-10km,baseline
2024,2015,166.3000655571321,73.03452105358369,0,2-10km,baseline
2024,2016,73.41713359084076,101.3953260207063,0,2-10km,baseline
2024,2017,-368.7419292639986,120.94587503869656,0,2-10km,baseline
2024,2018,-609.2437098208738,101.21765073645487,0,2-10km,baseline
2024,2019,222.91835900913702,68.57864015731545,0,2-10km,baseline
2024,2020,-184.17234721551486,65.91779418396378,0,2-10km,baseline
2024,2021,230.55182698113737,71.68695535201456,0,2-10km,baseline
2024,2022,90.04754132808364,64.39660381100109,0,2-10km,baseline
2024,2023,428.6380667197518,72.96936291374861,0,2-10km,baseline
2024,2024,-520.0637749634466,71.33260682192665,0,2-10km,baseline
2024,2025,-260.99026992121014,74.93200629837838,0,2-10km,baseline
2025,2002,476.2260464865783,241.6488144432833,0,2-10km,baseline
2025,2003,167.18352334729275,220.59577812554315,0,2-10km,baseline
2025,2004,584.3907171951741,218.23200752791004,0,2-10km,baseline
2025,2005,-329.72987757923164,237.84636347333992,0,2-10km,baseline
2025,2006,772.530697049827,290.6439211891385,0,2-10km,baseline
2025,2007,-754.4478595978987,331.0728752351742,0,2-10km,baseline
2025,2008,6.739636871736593,306.86402193916604,0,2-10km,baseline
2025,2009,-564.5874944175818,243.83549697123755,0,2-10km,baseline
2025,2010,883.8950756329596,244.84760428083968,0,2-10km,baseline
2025,2011,166.4413219843293,285.0197634529407,0,2-10km,baseline
2025,2012,-971.8951674808711,259.1838802010047,0,2-10km,baseline
2025,2013,-704.5228122611911,219.9707502399786,0,2-10km,baseline
2025,2014,322.2302508172932,189.7967977633123,0,2-10km,baseline
2025,2015,116.38711603847509,148.4333078342586,0,2-10km,baseline
2025,2016,910.8782946142466,215.20233555373807,0,2-10km,baseline
2025,2017,355.19471642119515,293.1559662399247,0,2-10km,baseline
2025,2018,268.92856038083255,301.4707668650333,0,2-10km,baseline
2025,2019,-448.8067137676852,328.54280128531497,0,2-10km,baseline
2025,2020,-39.19054568978481,295.7593550742001,0,2-10km,baseline
2025,2021,-640.4664775249335,258.86930232022814,0,2-10km,baseline
2025,2022,271.9182850272259,304.924203946748,0,2-10km,baseline
2025,2023,-483.1830957501493,290.6830022788872,0,2-10km,baseline
2025,2024,-1137.2606139831848,177.2287686426569,0,2-10km,baseline
2025,2025,764.0113654975426,163.33923536163354,0,2-10km,baseline
2003,2002,-4478.450953261061,1774.9672357620136,1,2-10km,anticipation1
2003,2003,-4473.289663104392,1780.1290393183988,1,2-10km,anticipation1
2003,2004,-4651.514759188001,1804.0992428837626,1,2-10km,anticipation1
2003,2005,-4250.522689617662,1771.1431011612553,1,2-10km,anticipation1
2003,2006,-4920.824673953917,1791.656327444616,1,2-10km,anticipation1
2003,2007,-5327.994806034123,1777.2985968814016,1,2-10km,anticipation1
2003,2008,-4580.235735614632,1764.213120388496,1,2-10km,anticipation1
2003,2009,-4950.599133724605,1775.3667284654287,1,2-10km,anticipation1
2003,2010,-4586.094566370032,1783.9210855437277,1,2-10km,anticipation1
2003,2011,-4481.862265325097,1802.2994041787283,1,2-10km,anticipation1
2003,2012,-1243.8148631682561,1542.837989941146,1,2-10km,anticipation1
2003,2013,-4144.65757662151,1782.008191118514,1,2-10km,anticipation1
2003,2014,-4007.1587286661606,1821.5419981963075,1,2-10km,anticipation1
2003,2015,-4266.068936724006,1782.3943236387001,1,2-10km,anticipation1
2003,2016,-5218.8609328607645,1785.090355209953,1,2-10km,anticipation1
2003,2017,-6350.666379873111,1790.1670804517807,1,2-10km,anticipation1
2003,2018,-5587.092846570168,1787.1022072404496,1,2-10km,anticipation1
2003,2019,-4782.09798257329,1790.884139248906,1,2-10km,anticipation1
2003,2020,-5278.888239093432,1783.9082247886033,1,2-10km,anticipation1
2003,2021,-4955.194548784383,1786.0601599485576,1,2-10km,anticipation1
2003,2022,-5086.915633630612,1780.8795300220825,1,2-10km,anticipation1
2003,2023,-4277.513350201683,1817.848493471721,1,2-10km,anticipation1
2003,2024,-4751.83093731218,1783.4512876204606,1,2-10km,anticipation1
2003,2025,-4557.138528645778,1767.2656519171603,1,2-10km,anticipation1
2004,2002,-1235.436349504564,592.334652846361,1,2-10km,anticipation1
2004,2003,443.09889851186824,139.43930303678354,1,2-10km,anticipation1
2004,2004,272.95322904426337,616.3313740921745,1,2-10km,anticipation1
2004,2005,256.29100908651014,203.81156463560552,1,2-10km,anticipation1
2004,2006,239.797263075793,273.00872995871737,1,2-10km,anticipation1
2004,2007,79.3859901516289,287.877803740913,1,2-10km,anticipation1
2004,2008,638.69648026049,443.6800352121631,1,2-10km,anticipation1
2004,2009,166.27980465382882,388.2628712508734,1,2-10km,anticipation1
2004,2010,101.17282814870418,215.58846259064717,1,2-10km,anticipation1
2004,2011,437.54508010911206,329.85101702155885,1,2-10km,anticipation1
2004,2012,898.644495928722,587.3871223280526,1,2-10km,anticipation1
2004,2013,582.1045490352598,133.65222912940996,1,2-10km,anticipation1
2004,2014,1831.7329036464137,1263.883118737496,1,2-10km,anticipation1
2004,2015,528.4485284057317,208.24297013921816,1,2-10km,anticipation1
2004,2016,-49.19208084353022,443.78728995915554,1,2-10km,anticipation1
2004,2017,-644.9087750491619,727.8071026624079,1,2-10km,anticipation1
2004,2018,-466.6277281631375,300.97481282144577,1,2-10km,anticipation1
2004,2019,733.9399726261681,845.9014029799042,1,2-10km,anticipation1
2004,2020,-559.1330906642946,165.79347369677018,1,2-10km,anticipation1
2004,2021,-235.59802076005377,203.06882313094826,1,2-10km,anticipation1
2004,2022,-270.33333747443953,180.31615896602176,1,2-10km,anticipation1
2004,2023,128.10615945625023,266.71244177578666,1,2-10km,anticipation1
2004,2024,-262.0625007636656,95.85635551096921,1,2-10km,anticipation1
2004,2025,266.2346291625721,355.6888924419704,1,2-10km,anticipation1
2005,2002,1041.5135880953853,234.9398828225563,1,2-10km,anticipation1
2005,2003,-221.30946111203195,261.53718458772926,1,2-10km,anticipation1
2005,2004,-885.067373633683,129.62468310351295,1,2-10km,anticipation1
2005,2005,-106.50028068949405,133.2886183224899,1,2-10km,anticipation1
2005,2006,-573.3587760085421,179.83800941776352,1,2-10km,anticipation1
2005,2007,-693.7339390246143,126.05643095882681,1,2-10km,anticipation1
2005,2008,-625.3053969422363,153.3010476498361,1,2-10km,anticipation1
2005,2009,-974.6687409615542,153.87896331349486,1,2-10km,anticipation1
2005,2010,-364.341848454992,158.32262990483244,1,2-10km,anticipation1
2005,2011,-683.7376116994392,149.3757356571606,1,2-10km,anticipation1
2005,2012,-629.9734451852173,168.47471037693816,1,2-10km,anticipation1
2005,2013,-117.02025059653803,150.3766128020286,1,2-10km,anticipation1
2005,2014,-221.07031095344735,242.7248721403992,1,2-10km,anticipation1
2005,2015,-164.3099524631691,155.1973449768703,1,2-10km,anticipation1
2005,2016,-830.974574793453,172.93233528505388,1,2-10km,anticipation1
2005,2017,-1860.285056364966,308.6242979843197,1,2-10km,anticipation1
2005,2018,-1112.2095354465255,188.2850336232431,1,2-10km,anticipation1
2005,2019,-961.941666890863,151.5610962797512,1,2-10km,anticipation1
2005,2020,-1128.6873524464368,165.84239845542436,1,2-10km,anticipation1
2005,2021,-809.8433196031142,170.27193000893328,1,2-10km,anticipation1
2005,2022,-1028.6487265154278,148.94798802385222,1,2-10km,anticipation1
2005,2023,-740.360657849381,154.38066824295296,1,2-10km,anticipation1
2005,2024,-810.1344554449729,161.95013823580524,1,2-10km,anticipation1
2005,2025,-507.63323898627846,145.1899781185573,1,2-10km,anticipation1
2006,2002,53.69889058059766,446.5695306762312,1,2-10km,anticipation1
2006,2003,-1220.765860146832,426.81132530813653,1,2-10km,anticipation1
2006,2004,896.754708307994,442.42415269511173,1,2-10km,anticipation1
2006,2005,-549.3814155322364,423.8747300028184,1,2-10km,anticipation1
2006,2006,-652.292640047079,463.52135588732756,1,2-10km,anticipation1
2006,2007,-812.108474310116,493.67367225731783,1,2-10km,anticipation1
2006,2008,-801.2020188557262,551.2318613430973,1,2-10km,anticipation1
2006,2009,-542.5001300416493,472.83882457031865,1,2-10km,anticipation1
2006,2010,45.54910976324339,706.5503497126349,1,2-10km,anticipation1
2006,2011,-663.5139786326922,473.73980656180515,1,2-10km,anticipation1
2006,2012,-627.5292705605109,525.0164979297876,1,2-10km,anticipation1
2006,2013,-631.1172838689424,476.6856511334686,1,2-10km,anticipation1
2006,2014,-915.7402583475485,450.33141528825996,1,2-10km,anticipation1
2006,2015,-721.5713578181098,484.12688108185824,1,2-10km,anticipation1
2006,2016,-1173.9471350345716,501.57041558385475,1,2-10km,anticipation1
2006,2017,-574.8746453368283,724.7698280766715,1,2-10km,anticipation1
2006,2018,-1562.4250470132145,481.8725849352047,1,2-10km,anticipation1
2006,2019,-1528.532628879981,420.03718654375956,1,2-10km,anticipation1
2006,2020,-1978.0954195135803,446.58822117665335,1,2-10km,anticipation1
2006,2021,-1535.9711889762627,447.1592507123998,1,2-10km,anticipation1
2006,2022,-2004.569134979442,427.50036619963606,1,2-10km,anticipation1
2006,2023,-988.0727600038778,469.8714316163777,1,2-10km,anticipation1
2006,2024,-1043.9165882380105,498.48748817481385,1,2-10km,anticipation1
2006,2025,-1071.8489109095922,437.93477136564195,1,2-10km,anticipation1
2007,2002,282.25767103509077,77.75896472158925,1,2-10km,anticipation1
2007,2003,161.69117505873544,58.462616672057,1,2-10km,anticipation1
2007,2004,-836.8591613254486,60.060559993354225,1,2-10km,anticipation1
2007,2005,403.2027958415492,53.154592471059594,1,2-10km,anticipation1
2007,2006,-140.6150185488953,49.90952002220699,1,2-10km,anticipation1
2007,2007,-239.46632682459534,49.24911137193713,1,2-10km,anticipation1
2007,2008,297.1938159316715,67.19399663839121,1,2-10km,anticipation1
2007,2009,-308.5013637099023,56.97995296676717,1,2-10km,anticipation1
2007,2010,297.5149202457581,61.377641284771606,1,2-10km,anticipation1
2007,2011,3.799901508199639,49.47072686600854,1,2-10km,anticipation1
2007,2012,-75.95540156360141,62.454744409728214,1,2-10km,anticipation1
2007,2013,550.372575721446,45.89717802315409,1,2-10km,anticipation1
2007,2014,170.4425950032125,46.26832738238291,1,2-10km,anticipation1
2007,2015,396.7659219114129,41.508395669488635,1,2-10km,anticipation1
2007,2016,-375.499149648677,51.66725740245782,1,2-10km,anticipation1
2007,2017,-1358.9601543037631,70.3372121747002,1,2-10km,anticipation1
2007,2018,-876.1508467951846,52.50052207464755,1,2-10km,anticipation1
2007,2019,-182.46497318766288,57.80878463356471,1,2-10km,anticipation1
2007,2020,-483.24697828341675,58.94346891976163,1,2-10km,anticipation1
2007,2021,-196.49275923093586,56.44479237323057,1,2-10km,anticipation1
2007,2022,-184.94040486718472,62.45453256618201,1,2-10km,anticipation1
2007,2023,-54.813575846613816,49.75819468551593,1,2-10km,anticipation1
2007,2024,-111.57055816267837,54.08799669471487,1,2-10km,anticipation1
2007,2025,152.59787116214972,54.31237563309012,1,2-10km,anticipation1
2008,2002,960.1482050684776,198.37731621457178,1,2-10km,anticipation1
2008,2003,-13.117565753375857,202.51437633506177,1,2-10km,anticipation1
2008,2004,-767.3127911061964,180.95227570253803,1,2-10km,anticipation1
2008,2005,45.34976455466381,168.36468320406155,1,2-10km,anticipation1
2008,2006,-235.92046169555738,143.7872406012654,1,2-10km,anticipation1
2008,2007,-476.12917317997847,117.22931841499197,1,2-10km,anticipation1
2008,2008,-237.7485777892806,114.65376675122045,1,2-10km,anticipation1
2008,2009,-173.1852590885489,129.85555241690165,1,2-10km,anticipation1
2008,2010,0.0787593499675836,146.5931782608263,1,2-10km,anticipation1
2008,2011,17.529821675736372,148.6255744676718,1,2-10km,anticipation1
2008,2012,-503.4813042997073,119.22656702847428,1,2-10km,anticipation1
2008,2013,30.49895980179815,114.93093901317673,1,2-10km,anticipation1
2008,2014,-294.1145010672066,113.89187532838285,1,2-10km,anticipation1
2008,2015,-25.153407965079396,117.2909347532915,1,2-10km,anticipation1
2008,2016,-647.5240512573345,125.54085874973951,1,2-10km,anticipation1
2008,2017,-312.96674529347115,226.9955974349094,1,2-10km,anticipation1
2008,2018,-755.3408892102678,143.92672527469145,1,2-10km,anticipation1
2008,2019,-337.52842530457224,128.88146327299637,1,2-10km,anticipation1
2008,2020,-140.82349290427462,165.67741317277918,1,2-10km,anticipation1
2008,2021,-467.4029646881447,131.5211483119644,1,2-10km,anticipation1
2008,2022,-641.5880554790899,123.85087114398881,1,2-10km,anticipation1
2008,2023,-100.51391933649279,132.91152806190266,1,2-10km,anticipation1
2008,2024,-479.0807457300465,123.10118014045378,1,2-10km,anticipation1
2008,2025,-85.7644940130138,136.78884303135197,1,2-10km,anticipation1
2009,2002,473.2970243100489,57.08820565377558,1,2-10km,anticipation1
2009,2003,87.60924818220843,51.05824215355315,1,2-10km,anticipation1
2009,2004,-577.222338627606,56.55713347711208,1,2-10km,anticipation1
2009,2005,239.2907171475518,56.99169377769341,1,2-10km,anticipation1
2009,2006,-239.9855086631954,48.59406378507779,1,2-10km,anticipation1
2009,2007,-189.89929008493695,49.08775608594097,1,2-10km,anticipation1
2009,2008,416.20334078745344,50.72485089861637,1,2-10km,anticipation1
2009,2009,162.1394837953776,58.1914031408758,1,2-10km,anticipation1
2009,2010,645.583993179293,65.93177115572134,1,2-10km,anticipation1
2009,2011,365.6378945366666,51.72456925348253,1,2-10km,anticipation1
2009,2012,173.7894737009683,54.51652039396735,1,2-10km,anticipation1
2009,2013,950.1899897520398,47.85977418822228,1,2-10km,anticipation1
2009,2014,590.5050660198838,50.34858608788155,1,2-10km,anticipation1
2009,2015,848.351025792092,47.141149652156685,1,2-10km,anticipation1
2009,2016,371.8943788657008,66.8276132328514,1,2-10km,anticipation1
2009,2017,-923.5287277852389,68.51450817724,1,2-10km,anticipation1
2009,2018,-310.92464043508664,61.052940934513984,1,2-10km,anticipation1
2009,2019,269.31754495892704,54.36094403287825,1,2-10km,anticipation1
2009,2020,174.79068631100466,63.17189025660221,1,2-10km,anticipation1
2009,2021,276.2408617045185,61.48485987070373,1,2-10km,anticipation1
2009,2022,281.48217840195144,56.61191687979091,1,2-10km,anticipation1
2009,2023,556.5602431002701,56.392457316998616,1,2-10km,anticipation1
2009,2024,400.5067457670904,56.35634888717871,1,2-10km,anticipation1
2009,2025,617.4510431467033,59.08611470817498,1,2-10km,anticipation1
2010,2002,369.72998193701403,193.61596394848502,1,2-10km,anticipation1
2010,2003,-299.65706729218465,148.7462213640806,1,2-10km,anticipation1
2010,2004,-110.63683281981571,119.58804208479962,1,2-10km,anticipation1
2010,2005,-52.999761475380865,126.06739186544839,1,2-10km,anticipation1
2010,2006,530.9319769859251,168.51706199298792,1,2-10km,anticipation1
2010,2007,-956.1483351746183,166.45749209407958,1,2-10km,anticipation1
2010,2008,634.8502212881317,117.29486728294725,1,2-10km,anticipation1
2010,2009,117.49922644230321,151.4825830360365,1,2-10km,anticipation1
2010,2010,117.61633667813021,150.8679178285617,1,2-10km,anticipation1
2010,2011,244.99418481604528,165.5249614581655,1,2-10km,anticipation1
2010,2012,-46.941963651332,143.43669126035374,1,2-10km,anticipation1
2010,2013,418.70940684215327,134.4548030162081,1,2-10km,anticipation1
2010,2014,-81.42572120192051,169.70913198339284,1,2-10km,anticipation1
2010,2015,128.46648459718358,127.63022125369248,1,2-10km,anticipation1
2010,2016,-388.0475012865603,189.29531384145326,1,2-10km,anticipation1
2010,2017,-1403.6582716879172,205.0793146166544,1,2-10km,anticipation1
2010,2018,-1299.6630711462194,123.12899212224761,1,2-10km,anticipation1
2010,2019,-677.885356948758,117.89291643962409,1,2-10km,anticipation1
2010,2020,-893.6335415094264,128.16859036458845,1,2-10km,anticipation1
2010,2021,-575.7397845720332,173.76612372010132,1,2-10km,anticipation1
2010,2022,-604.001973641923,144.48947201171345,1,2-10km,anticipation1
2010,2023,-224.24840214214777,152.3540741162969,1,2-10km,anticipation1
2010,2024,211.96646444099326,252.6337471066746,1,2-10km,anticipation1
2010,2025,-170.47427765418928,155.04535061754373,1,2-10km,anticipation1
2011,2002,185.96779344302922,102.14684601839309,1,2-10km,anticipation1
2011,2003,61.66752341346273,98.60005909708019,1,2-10km,anticipation1
2011,2004,820.3610049476864,129.48719849577876,1,2-10km,anticipation1
2011,2005,-711.859720010327,137.09727032309422,1,2-10km,anticipation1
2011,2006,80.95076040069787,129.41957805988923,1,2-10km,anticipation1
2011,2007,264.9208763041238,136.81997482500898,1,2-10km,anticipation1
2011,2008,-792.3244545514908,141.80573452241603,1,2-10km,anticipation1
2011,2009,459.8653446458652,125.86776081069345,1,2-10km,anticipation1
2011,2010,-163.2626123510338,129.40108291058095,1,2-10km,anticipation1
2011,2011,-1027.553021919118,120.11458653314376,1,2-10km,anticipation1
2011,2012,-940.688586752927,137.39170802387318,1,2-10km,anticipation1
2011,2013,-906.3194789691579,126.39929122465406,1,2-10km,anticipation1
2011,2014,-608.3329051295766,159.16205711651588,1,2-10km,anticipation1
2011,2015,-645.7299476873593,131.29994025583895,1,2-10km,anticipation1
2011,2016,-1087.6110786669913,145.77662865559145,1,2-10km,anticipation1
2011,2017,-324.82376998723,166.77601556488847,1,2-10km,anticipation1
2011,2018,-929.8476181606522,149.83636102285146,1,2-10km,anticipation1
2011,2019,-853.547101864084,137.2731647754268,1,2-10km,anticipation1
2011,2020,-1170.4586769657685,135.11622041538163,1,2-10km,anticipation1
2011,2021,-763.6349642617879,139.11764727415675,1,2-10km,anticipation1
2011,2022,-1188.3758088379843,134.3503139806521,1,2-10km,anticipation1
2011,2023,-991.4832235707588,128.72039796836847,1,2-10km,anticipation1
2011,2024,-1143.4616710490586,141.76594927988435,1,2-10km,anticipation1
2011,2025,-681.0518935832381,139.14713559852558,1,2-10km,anticipation1
2012,2002,-456.8056221635618,264.96662063445785,1,2-10km,anticipation1
2012,2003,1543.114047211753,276.6718302231255,1,2-10km,anticipation1
2012,2004,-1409.5444618734998,270.86769821965606,1,2-10km,anticipation1
2012,2005,838.3545477739304,247.5256468010373,1,2-10km,anticipation1
2012,2006,-923.4847998929434,322.56787674304184,1,2-10km,anticipation1
2012,2007,33.43295038347597,187.88304498803674,1,2-10km,anticipation1
2012,2008,627.933861139252,204.06427974375154,1,2-10km,anticipation1
2012,2009,-221.0031161753039,343.5618496711639,1,2-10km,anticipation1
2012,2010,409.8150498580412,362.63025837960055,1,2-10km,anticipation1
2012,2011,-616.207813901604,227.75312289746088,1,2-10km,anticipation1
2012,2012,-976.0858543616132,183.67341370716895,1,2-10km,anticipation1
2012,2013,-401.43716143935205,199.14529650278556,1,2-10km,anticipation1
2012,2014,-627.5425196205064,202.0120635029373,1,2-10km,anticipation1
2012,2015,144.94382882828245,255.9357466613511,1,2-10km,anticipation1
2012,2016,-729.111112396407,305.46331037010714,1,2-10km,anticipation1
2012,2017,-1354.5977941378537,299.3936420241937,1,2-10km,anticipation1
2012,2018,-205.57978646567017,420.7887844374732,1,2-10km,anticipation1
2012,2019,-225.4745422191554,325.2515880059058,1,2-10km,anticipation1
2012,2020,-906.8681224960951,241.91021656151108,1,2-10km,anticipation1
2012,2021,-413.7901683580907,298.5463096200518,1,2-10km,anticipation1
2012,2022,-1034.2651322889524,217.3064610896132,1,2-10km,anticipation1
2012,2023,-408.6920747116909,245.7808786273796,1,2-10km,anticipation1
2012,2024,-617.7852052211855,257.1478896938996,1,2-10km,anticipation1
2012,2025,-383.12128251134004,291.03890773612846,1,2-10km,anticipation1
2013,2002,313.62699769701294,136.55815996720557,1,2-10km,anticipation1
2013,2003,756.4962614854861,197.46183983972838,1,2-10km,anticipation1
2013,2004,-1394.8657101414424,219.7429933530991,1,2-10km,anticipation1
2013,2005,610.6131763156274,164.29739954990666,1,2-10km,anticipation1
2013,2006,63.45945163018641,233.494781744035,1,2-10km,anticipation1
2013,2007,-355.6322517066975,234.41591258045983,1,2-10km,anticipation1
2013,2008,747.7471260551747,196.04129591802084,1,2-10km,anticipation1
2013,2009,-658.471896303477,201.9176802881846,1,2-10km,anticipation1
2013,2010,127.60730315522403,179.81634713401928,1,2-10km,anticipation1
2013,2011,149.68877955844187,185.664365737483,1,2-10km,anticipation1
2013,2012,-150.5998056670507,199.4288721643574,1,2-10km,anticipation1
2013,2013,246.22120735124787,195.69146960762654,1,2-10km,anticipation1
2013,2014,401.9349927856314,276.6050805002691,1,2-10km,anticipation1
2013,2015,488.97334123326016,191.03254128428898,1,2-10km,anticipation1
2013,2016,24562.746409155512,2620.461845081293,1,2-10km,anticipation1
2013,2017,-871.5297882554701,249.72434352064164,1,2-10km,anticipation1
2013,2018,-791.2316594566246,222.56874411837754,1,2-10km,anticipation1
2013,2019,1610.9006929334455,712.6799886848697,1,2-10km,anticipation1
2013,2020,-659.4084963079869,194.8741042756309,1,2-10km,anticipation1
2013,2021,-139.4385178975275,249.6905875198451,1,2-10km,anticipation1
2013,2022,-358.9846619485745,196.75297105524464,1,2-10km,anticipation1
2013,2023,-72.69083004710524,207.48927559203509,1,2-10km,anticipation1
2013,2024,-497.7306802932871,185.05114520493316,1,2-10km,anticipation1
2013,2025,59.321236348707316,192.04892986253174,1,2-10km,anticipation1
2014,2002,-1790.2634778749564,516.3476372345013,1,2-10km,anticipation1
2014,2003,-143.57152583178686,146.1019133667775,1,2-10km,anticipation1
2014,2004,-169.13131029315423,230.74971521967663,1,2-10km,anticipation1
2014,2005,-19.218315399025585,240.14176893338703,1,2-10km,anticipation1
2014,2006,-44.2202215198576,161.12931528237775,1,2-10km,anticipation1
2014,2007,1981.3742673402314,458.2127148036081,1,2-10km,anticipation1
2014,2008,-783.7790412646361,717.2405837679715,1,2-10km,anticipation1
2014,2009,-755.0329789982814,728.9432590576772,1,2-10km,anticipation1
2014,2010,-267.6974640209499,227.31656434099256,1,2-10km,anticipation1
2014,2011,-22.763332282165095,268.5270233097492,1,2-10km,anticipation1
2014,2012,212.6573387821391,286.8712513496053,1,2-10km,anticipation1
2014,2013,329.11466409626667,270.9700700008366,1,2-10km,anticipation1
2014,2014,-73.1729824021221,261.1577952666197,1,2-10km,anticipation1
2014,2015,591.3673221084229,348.7728779769865,1,2-10km,anticipation1
2014,2016,-217.11896880240204,404.90814641446946,1,2-10km,anticipation1
2014,2017,-1454.4388160977596,454.36205675215945,1,2-10km,anticipation1
2014,2018,-1291.5650927155614,238.8150789152694,1,2-10km,anticipation1
2014,2019,335.003199781489,550.6173351434155,1,2-10km,anticipation1
2014,2020,-747.8967470938882,240.34120896014778,1,2-10km,anticipation1
2014,2021,-84.51200211242974,213.55870747645176,1,2-10km,anticipation1
2014,2022,-416.5774119883047,283.5358172557562,1,2-10km,anticipation1
2014,2023,-501.7469280665936,233.51108577643498,1,2-10km,anticipation1
2014,2024,-620.2600004899556,229.63560467039233,1,2-10km,anticipation1
2014,2025,240.0716678881081,417.02933405115635,1,2-10km,anticipation1
2018,2002,27.18570421583479,84.24056674315727,1,2-10km,anticipation1
2018,2003,80.40025778133713,71.36233797749395,1,2-10km,anticipation1
2018,2004,-125.9264799206037,97.42139097558844,1,2-10km,anticipation1
2018,2005,-2.2469520804224317,101.76859371384742,1,2-10km,anticipation1
2018,2006,372.8142121780369,121.07319060193308,1,2-10km,anticipation1
2018,2007,-511.08544472689414,117.827298930496,1,2-10km,anticipation1
2018,2008,294.3301457354926,98.79289642442554,1,2-10km,anticipation1
2018,2009,-196.09887439480252,98.07312147941913,1,2-10km,anticipation1
2018,2010,575.8560646342003,112.90418913702909,1,2-10km,anticipation1
2018,2011,-457.90744413522566,103.96890747657164,1,2-10km,anticipation1
2018,2012,-114.50459482839227,83.46770458937482,1,2-10km,anticipation1
2018,2013,302.523094404458,71.10256075551447,1,2-10km,anticipation1
2018,2014,-57.885180730758236,76.94101230585044,1,2-10km,anticipation1
2018,2015,134.35437625476533,87.34911621723887,1,2-10km,anticipation1
2018,2016,-691.2442527402501,83.40059098785578,1,2-10km,anticipation1
2018,2017,-508.9050631782304,105.57539611178741,1,2-10km,anticipation1
2018,2018,-465.73316289113916,95.52456135318202,1,2-10km,anticipation1
2018,2019,101.93009922164234,87.63083438647811,1,2-10km,anticipation1
2018,2020,-72.09841795201976,99.41811054389625,1,2-10km,anticipation1
2018,2021,268.95520219555567,109.14961781102865,1,2-10km,anticipation1
2018,2022,173.08446110021268,96.55679613151419,1,2-10km,anticipation1
2018,2023,445.30011290349444,95.65020280702622,1,2-10km,anticipation1
2018,2024,227.35988351707277,107.01632157544198,1,2-10km,anticipation1
2018,2025,294.29687122118,87.67600955619137,1,2-10km,anticipation1
2019,2002,1801.7008380112936,1131.0078880512644,1,2-10km,anticipation1
2019,2003,-798.4283371158717,1101.0289709148321,1,2-10km,anticipation1
2019,2004,1666.6501745543735,2477.4371786079178,1,2-10km,anticipation1
2019,2005,-274.9370885732656,1877.214168804145,1,2-10km,anticipation1
2019,2006,-2078.9997037686976,1467.252103237758,1,2-10km,anticipation1
2019,2007,1204.8977219840815,920.7240166874145,1,2-10km,anticipation1
2019,2008,-720.6973509356314,1171.0583721884093,1,2-10km,anticipation1
2019,2009,4499.909234621429,3265.819183713896,1,2-10km,anticipation1
2019,2010,-4509.0003857212405,3156.8272971557417,1,2-10km,anticipation1
2019,2011,2102.957633070985,1073.4741017394508,1,2-10km,anticipation1
2019,2012,-577.438480736816,1151.5282251816714,1,2-10km,anticipation1
2019,2013,-435.57794036783935,711.1265437016259,1,2-10km,anticipation1
2019,2014,-816.4416964713903,284.26940782919075,1,2-10km,anticipation1
2019,2015,599.6910767830711,438.0922189016505,1,2-10km,anticipation1
2019,2016,-767.003014295387,361.5719131296128,1,2-10km,anticipation1
2019,2017,1736.126861706487,1528.3966264679311,1,2-10km,anticipation1
2019,2018,-2659.0317444158063,1784.8539081416088,1,2-10km,anticipation1
2019,2019,-1012.9742645812414,1726.6887180686792,1,2-10km,anticipation1
2019,2020,1706.422774441045,4080.969251955738,1,2-10km,anticipation1
2019,2021,-1214.7443051929824,1461.3355110005914,1,2-10km,anticipation1
2019,2022,-187.8042545003118,1682.0651781491324,1,2-10km,anticipation1
2019,2023,-1255.5893027926538,1664.7529237912706,1,2-10km,anticipation1
2019,2024,-1284.3882273154986,1698.4880366568318,1,2-10km,anticipation1
2019,2025,-836.1685833211097,1557.6671058996942,1,2-10km,anticipation1
2020,2002,535.1970587455614,31.690190279779454,1,2-10km,anticipation1
2020,2003,210.00412359870535,29.286388432444483,1,2-10km,anticipation1
2020,2004,-700.712668685417,48.39380604831591,1,2-10km,anticipation1
2020,2005,246.60490482295677,48.99739599841788,1,2-10km,anticipation1
2020,2006,-48.245049273667746,34.50495412362343,1,2-10km,anticipation1
2020,2007,-163.3071021232269,36.01876812639421,1,2-10km,anticipation1
2020,2008,375.2959642609523,38.26614163152032,1,2-10km,anticipation1
2020,2009,-404.9612760696455,42.99940092995616,1,2-10km,anticipation1
2020,2010,411.2247771290083,42.62432985314761,1,2-10km,anticipation1
2020,2011,8.654522197940018,34.391936018084465,1,2-10km,anticipation1
2020,2012,-348.82617764209976,36.18342281039777,1,2-10km,anticipation1
2020,2013,998.3160643737456,35.76152970756098,1,2-10km,anticipation1
2020,2014,-524.8172041869852,30.336036392191602,1,2-10km,anticipation1
2020,2015,341.8321037502987,26.04409853195126,1,2-10km,anticipation1
2020,2016,-971.3008133693219,35.70980634544298,1,2-10km,anticipation1
2020,2017,-920.101130743579,62.11787529288436,1,2-10km,anticipation1
2020,2018,1486.220225906607,115.83612941090246,1,2-10km,anticipation1
2020,2019,122.09660622396632,110.56342455311663,1,2-10km,anticipation1
2020,2020,88.99237301249218,135.4557236848869,1,2-10km,anticipation1
2020,2021,305.7002304164396,133.75716581696685,1,2-10km,anticipation1
2020,2022,436.15847867377386,138.4309752849962,1,2-10km,anticipation1
2020,2023,156.3275054463346,120.9374762022585,1,2-10km,anticipation1
2020,2024,444.73438435184846,132.72067994366876,1,2-10km,anticipation1
2020,2025,365.8277522257557,121.99163355145852,1,2-10km,anticipation1
2021,2002,377.76886895253006,231.75663236953702,1,2-10km,anticipation1
2021,2003,-640.133941922127,219.340110458982,1,2-10km,anticipation1
2021,2004,1878.6035393407167,350.1826314192328,1,2-10km,anticipation1
2021,2005,-1342.2887573470628,364.70376919166347,1,2-10km,anticipation1
2021,2006,-207.76750041515746,254.9294341607927,1,2-10km,anticipation1
2021,2007,-217.2224721233149,234.31553408846878,1,2-10km,anticipation1
2021,2008,-178.83078501028263,186.39973868964506,1,2-10km,anticipation1
2021,2009,167.6767652862461,216.0112914179496,1,2-10km,anticipation1
2021,2010,-146.90619354101324,195.0572072352368,1,2-10km,anticipation1
2021,2011,346.8647528555148,180.65568023425942,1,2-10km,anticipation1
2021,2012,567.5912467674007,226.71322334285256,1,2-10km,anticipation1
2021,2013,-975.7617715411284,233.40342815426064,1,2-10km,anticipation1
2021,2014,127.64660081981265,133.34604391010058,1,2-10km,anticipation1
2021,2015,114.21304139875389,168.08270450156266,1,2-10km,anticipation1
2021,2016,-264.9605220507648,185.50648007956516,1,2-10km,anticipation1
2021,2017,740.6952697455372,269.409524574794,1,2-10km,anticipation1
2021,2018,-964.0297473223259,290.5028852464381,1,2-10km,anticipation1
2021,2019,90.23590666233281,187.25235620311722,1,2-10km,anticipation1
2021,2020,-483.3398686595483,146.8332938299818,1,2-10km,anticipation1
2021,2021,-166.73408909859404,166.19814318797296,1,2-10km,anticipation1
2021,2022,-103.56239398234152,174.05528586544426,1,2-10km,anticipation1
2021,2023,439.5459653082371,181.74001380050763,1,2-10km,anticipation1
2021,2024,73.3687476561106,162.4480266424263,1,2-10km,anticipation1
2021,2025,389.0649597178698,214.22377240179188,1,2-10km,anticipation1
2024,2002,-479.2506301991932,91.03009127563867,1,2-10km,anticipation1
2024,2003,925.9377390891223,72.71720336247391,1,2-10km,anticipation1
2024,2004,-1022.7310170738604,102.55228067929883,1,2-10km,anticipation1
2024,2005,388.0588097751426,97.34450719566537,1,2-10km,anticipation1
2024,2006,-192.62675636459673,94.03490005197793,1,2-10km,anticipation1
2024,2007,209.39482961512456,101.44464898922324,1,2-10km,anticipation1
2024,2008,-285.87317440591846,91.99438292104769,1,2-10km,anticipation1
2024,2009,-46.34612903194909,80.94758064165134,1,2-10km,anticipation1
2024,2010,567.066225824905,86.38975081054966,1,2-10km,anticipation1
2024,2011,-686.8363177559363,72.08932146866826,1,2-10km,anticipation1
2024,2012,358.9263946055995,70.13979406827956,1,2-10km,anticipation1
2024,2013,27.331219800431995,65.51840103645561,1,2-10km,anticipation1
2024,2014,31.54992670588848,57.1431481545093,1,2-10km,anticipation1
2024,2015,166.3000655571321,73.03452105358369,1,2-10km,anticipation1
2024,2016,73.41713359084076,101.3953260207063,1,2-10km,anticipation1
2024,2017,-392.7682981453081,121.32142952456411,1,2-10km,anticipation1
2024,2018,-609.3410923049196,101.21810825173212,1,2-10km,anticipation1
2024,2019,236.26168297353922,69.43984522762193,1,2-10km,anticipation1
2024,2020,-188.84459997154954,66.06263848868058,1,2-10km,anticipation1
2024,2021,230.55182698113737,71.68695535201456,1,2-10km,anticipation1
2024,2022,90.04754132808364,64.39660381100109,1,2-10km,anticipation1
2024,2023,428.6380667197518,72.96936291374861,1,2-10km,anticipation1
2024,2024,-112.0549254679253,65.90992983000372,1,2-10km,anticipation1
2024,2025,161.67791060335264,69.31823888838107,1,2-10km,anticipation1
2025,2002,474.8733249453861,241.64863485328468,1,2-10km,anticipation1
2025,2003,167.24280761668933,220.59594958149842,1,2-10km,anticipation1
2025,2004,581.2319428002713,218.2388419120631,1,2-10km,anticipation1
2025,2005,-331.1237969298786,237.8495335530084,1,2-10km,anticipation1
2025,2006,770.6942350580575,290.6675629364466,1,2-10km,anticipation1
2025,2007,-758.7167436634256,331.0854119005433,1,2-10km,anticipation1
2025,2008,26.807796923542355,306.9399322794891,1,2-10km,anticipation1
2025,2009,-564.147568478601,243.8428456338731,1,2-10km,anticipation1
2025,2010,877.2579518397358,244.87304240947032,1,2-10km,anticipation1
2025,2011,164.40743873781412,285.02398748800806,1,2-10km,anticipation1
2025,2012,-972.925202258027,259.1919577460014,1,2-10km,anticipation1
2025,2013,-704.0816933143373,219.9727088359007,1,2-10km,anticipation1
2025,2014,322.2302508172932,189.7967977633123,1,2-10km,anticipation1
2025,2015,116.38711603847509,148.4333078342586,1,2-10km,anticipation1
2025,2016,910.8782946142466,215.20233555373807,1,2-10km,anticipation1
2025,2017,332.78036696582967,293.2982628399631,1,2-10km,anticipation1
2025,2018,268.83522765409816,301.4709068581775,1,2-10km,anticipation1
2025,2019,-437.46359217895815,328.69818986883257,1,2-10km,anticipation1
2025,2020,-43.62470546207851,295.7881223400339,1,2-10km,anticipation1
2025,2021,-640.4664775249335,258.86930232022814,1,2-10km,anticipation1
2025,2022,271.9182850272259,304.924203946748,1,2-10km,anticipation1
2025,2023,-463.13958162892135,290.8188956191532,1,2-10km,anticipation1
2025,2024,-1137.2606139831848,177.2287686426569,1,2-10km,anticipation1
2025,2025,-373.2492484856423,198.56817730869543,1,2-10km,anticipation1
2013,2002,321.5000212005006,,0,2-10km,dr_geography
2013,2003,1091.3653053519654,,0,2-10km,dr_geography
2013,2004,44.43512492670923,,0,2-10km,dr_geography
2013,2005,299.3300985734758,,0,2-10km,dr_geography
2013,2006,446.4091553316293,,0,2-10km,dr_geography
2013,2007,195.42031361250108,,0,2-10km,dr_geography
2013,2008,863.2529381825964,,0,2-10km,dr_geography
2013,2009,113.15098462768256,,0,2-10km,dr_geography
2013,2010,266.5624745299626,,0,2-10km,dr_geography
2013,2011,339.28693916167634,,0,2-10km,dr_geography
2013,2012,0.0,,0,2-10km,dr_geography
2013,2013,586.5683321808181,,0,2-10km,dr_geography
2013,2014,890.0584938880887,,0,2-10km,dr_geography
2013,2015,937.3570838741612,,0,2-10km,dr_geography
2013,2016,25339.620771143796,,0,2-10km,dr_geography
2013,2017,-41.39122886076119,,0,2-10km,dr_geography
2013,2018,359.11185729352326,,0,2-10km,dr_geography
2013,2019,2326.666372291351,,0,2-10km,dr_geography
2013,2020,379.0672847340129,,0,2-10km,dr_geography
2013,2021,708.5741047480742,,0,2-10km,dr_geography
2013,2022,466.39478047970067,,0,2-10km,dr_geography
2013,2023,301.11342688809924,,0,2-10km,dr_geography
2013,2024,-31.987142890779364,,0,2-10km,dr_geography
2013,2025,442.9803826699888,,0,2-10km,dr_geography
2014,2002,-428.83679946831404,,0,2-10km,dr_geography
2014,2003,-600.460877069739,,0,2-10km,dr_geography
2014,2004,-554.1852208049422,,0,2-10km,dr_geography
2014,2005,-813.1174472837973,,0,2-10km,dr_geography
2014,2006,-757.7028631664534,,0,2-10km,dr_geography
2014,2007,1208.9910741182857,,0,2-10km,dr_geography
2014,2008,411.19258404349046,,0,2-10km,dr_geography
2014,2009,-456.57291369286486,,0,2-10km,dr_geography
2014,2010,-538.1108661024027,,0,2-10km,dr_geography
2014,2011,-474.76416945646645,,0,2-10km,dr_geography
2014,2012,-384.11863904938775,,0,2-10km,dr_geography
2014,2013,0.0,,0,2-10km,dr_geography
2014,2014,-315.070131973153,,0,2-10km,dr_geography
2014,2015,314.9210987939104,,0,2-10km,dr_geography
2014,2016,-153.57991208225428,,0,2-10km,dr_geography
2014,2017,-1112.2760793004206,,0,2-10km,dr_geography
2014,2018,-743.4018737187062,,0,2-10km,dr_geography
2014,2019,411.76069683164735,,0,2-10km,dr_geography
2014,2020,-268.7284885456885,,0,2-10km,dr_geography
2014,2021,52.245355988395424,,0,2-10km,dr_geography
2014,2022,-269.3902280967407,,0,2-10km,dr_geography
2014,2023,-828.6682215340113,,0,2-10km,dr_geography
2014,2024,-715.3052346181569,,0,2-10km,dr_geography
2014,2025,-20.72074832553655,,0,2-10km,dr_geography
2018,2002,942.8410791217086,,0,2-10km,dr_geography
2018,2003,1070.408597809566,,0,2-10km,dr_geography
2018,2004,1013.6772500902244,,0,2-10km,dr_geography
2018,2005,892.2930549000706,,0,2-10km,dr_geography
2018,2006,1269.6809698284842,,0,2-10km,dr_geography
2018,2007,788.6068901964808,,0,2-10km,dr_geography
2018,2008,1041.3217626979656,,0,2-10km,dr_geography
2018,2009,831.889423709228,,0,2-10km,dr_geography
2018,2010,1399.4158995349978,,0,2-10km,dr_geography
2018,2011,873.3139610719549,,0,2-10km,dr_geography
2018,2012,671.0086023121756,,0,2-10km,dr_geography
2018,2013,1068.9256857088867,,0,2-10km,dr_geography
2018,2014,1058.252213916311,,0,2-10km,dr_geography
2018,2015,1195.8563661978187,,0,2-10km,dr_geography
2018,2016,590.4395055924804,,0,2-10km,dr_geography
2018,2017,0.0,,0,2-10km,dr_geography
2018,2018,159.3671693352076,,0,2-10km,dr_geography
2018,2019,563.9884566607542,,0,2-10km,dr_geography
2018,2020,427.36442237313315,,0,2-10km,dr_geography
2018,2021,755.0022777162687,,0,2-10km,dr_geography
2018,2022,657.3806392903384,,0,2-10km,dr_geography
2018,2023,857.3673063682388,,0,2-10km,dr_geography
2018,2024,595.1433929789204,,0,2-10km,dr_geography
2018,2025,672.2456760116225,,0,2-10km,dr_geography
2019,2002,1570.8068829609404,,0,2-10km,dr_geography
2019,2003,866.7855179843118,,0,2-10km,dr_geography
2019,2004,2571.945034549054,,0,2-10km,dr_geography
2019,2005,2102.089048566641,,0,2-10km,dr_geography
2019,2006,30.044251748231037,,0,2-10km,dr_geography
2019,2007,1258.5390937217694,,0,2-10km,dr_geography
2019,2008,523.9700551590977,,0,2-10km,dr_geography
2019,2009,4906.288935553822,,0,2-10km,dr_geography
2019,2010,501.9964429755072,,0,2-10km,dr_geography
2019,2011,2491.574239042069,,0,2-10km,dr_geography
2019,2012,1830.272184593071,,0,2-10km,dr_geography
2019,2013,1641.7291625943653,,0,2-10km,dr_geography
2019,2014,879.5836885757876,,0,2-10km,dr_geography
2019,2015,1518.8552811518625,,0,2-10km,dr_geography
2019,2016,839.4278611469036,,0,2-10km,dr_geography
2019,2017,2412.2165318164393,,0,2-10km,dr_geography
2019,2018,0.0,,0,2-10km,dr_geography
2019,2019,1329.9444690251776,,0,2-10km,dr_geography
2019,2020,4230.787137692564,,0,2-10km,dr_geography
2019,2021,1247.8804312318787,,0,2-10km,dr_geography
2019,2022,2271.2422014051153,,0,2-10km,dr_geography
2019,2023,980.0352315656294,,0,2-10km,dr_geography
2019,2024,1019.1629602432056,,0,2-10km,dr_geography
2019,2025,1422.9046127285535,,0,2-10km,dr_geography
2020,2002,501.6622876701206,,0,2-10km,dr_geography
2020,2003,555.9981962372186,,0,2-10km,dr_geography
2020,2004,-106.49680112229629,,0,2-10km,dr_geography
2020,2005,136.93331077899097,,0,2-10km,dr_geography
2020,2006,151.35288411698434,,0,2-10km,dr_geography
2020,2007,-181.70113205640087,,0,2-10km,dr_geography
2020,2008,239.0147983162951,,0,2-10km,dr_geography
2020,2009,-117.90241146395066,,0,2-10km,dr_geography
2020,2010,318.0839301358922,,0,2-10km,dr_geography
2020,2011,160.04401919986734,,0,2-10km,dr_geography
2020,2012,-221.27244657267562,,0,2-10km,dr_geography
2020,2013,658.3103863261942,,0,2-10km,dr_geography
2020,2014,53.29245856342619,,0,2-10km,dr_geography
2020,2015,475.57412562079685,,0,2-10km,dr_geography
2020,2016,-630.0730272546956,,0,2-10km,dr_geography
2020,2017,-1555.8858660666197,,0,2-10km,dr_geography
2020,2018,-439.20155370622,,0,2-10km,dr_geography
2020,2019,0.0,,0,2-10km,dr_geography
2020,2020,-517.9379849361906,,0,2-10km,dr_geography
2020,2021,-104.70600985023101,,0,2-10km,dr_geography
2020,2022,7.636472230226971,,0,2-10km,dr_geography
2020,2023,25.32683832978467,,0,2-10km,dr_geography
2020,2024,-77.18058478481437,,0,2-10km,dr_geography
2020,2025,116.43401670773264,,0,2-10km,dr_geography
2021,2002,1618.928726055946,,0,2-10km,dr_geography
2021,2003,1213.8526451150585,,0,2-10km,dr_geography
2021,2004,2771.1747722143086,,0,2-10km,dr_geography
2021,2005,1538.568344690766,,0,2-10km,dr_geography
2021,2006,1278.5576086113922,,0,2-10km,dr_geography
2021,2007,1089.8734578252675,,0,2-10km,dr_geography
2021,2008,881.9726928878952,,0,2-10km,dr_geography
2021,2009,1009.1712072914763,,0,2-10km,dr_geography
2021,2010,936.2970241047351,,0,2-10km,dr_geography
2021,2011,1190.9699013008092,,0,2-10km,dr_geography
2021,2012,1714.9227092966655,,0,2-10km,dr_geography
2021,2013,987.4315658041709,,0,2-10km,dr_geography
2021,2014,1015.3165563681173,,0,2-10km,dr_geography
2021,2015,1219.2835205243923,,0,2-10km,dr_geography
2021,2016,597.6630529813228,,0,2-10km,dr_geography
2021,2017,970.9576291627621,,0,2-10km,dr_geography
2021,2018,340.74016199034935,,0,2-10km,dr_geography
2021,2019,508.09264300157867,,0,2-10km,dr_geography
2021,2020,0.0,,0,2-10km,dr_geography
2021,2021,419.72508960676953,,0,2-10km,dr_geography
2021,2022,489.3619161200928,,0,2-10km,dr_geography
2021,2023,1102.9846920665714,,0,2-10km,dr_geography
2021,2024,768.2707471793087,,0,2-10km,dr_geography
2021,2025,1086.310978717665,,0,2-10km,dr_geography
2024,2002,-101.03694102859043,,0,2-10km,dr_geography
2024,2003,764.4106693488309,,0,2-10km,dr_geography
2024,2004,-163.221293468432,,0,2-10km,dr_geography
2024,2005,89.40990799172451,,0,2-10km,dr_geography
2024,2006,5.488190961504321,,0,2-10km,dr_geography
2024,2007,156.98477552518736,,0,2-10km,dr_geography
2024,2008,-109.4784331247774,,0,2-10km,dr_geography
2024,2009,-189.59258823856976,,0,2-10km,dr_geography
2024,2010,395.6912202830194,,0,2-10km,dr_geography
2024,2011,-210.21939298805407,,0,2-10km,dr_geography
2024,2012,3.7050232879893574,,0,2-10km,dr_geography
2024,2013,111.28047124302856,,0,2-10km,dr_geography
2024,2014,160.18620981944477,,0,2-10km,dr_geography
2024,2015,301.7511074483179,,0,2-10km,dr_geography
2024,2016,374.3118604542701,,0,2-10km,dr_geography
2024,2017,-161.41413266432696,,0,2-10km,dr_geography
2024,2018,-433.186605907315,,0,2-10km,dr_geography
2024,2019,-339.05953974705983,,0,2-10km,dr_geography
2024,2020,-389.99334503292937,,0,2-10km,dr_geography
2024,2021,-306.99031819894446,,0,2-10km,dr_geography
2024,2022,-226.11762137026346,,0,2-10km,dr_geography
2024,2023,0.0,,0,2-10km,dr_geography
2024,2024,-418.5316656170807,,0,2-10km,dr_geography
2024,2025,-211.96779082797866,,0,2-10km,dr_geography
2025,2002,652.8037203017958,,0,2-10km,dr_geography
2025,2003,1582.812757949889,,0,2-10km,dr_geography
2025,2004,1114.5526076724932,,0,2-10km,dr_geography
2025,2005,1373.5780891689906,,0,2-10km,dr_geography
2025,2006,1908.3851937906893,,0,2-10km,dr_geography
2025,2007,1357.1329146181129,,0,2-10km,dr_geography
2025,2008,1248.6175027349373,,0,2-10km,dr_geography
2025,2009,648.4390314758467,,0,2-10km,dr_geography
2025,2010,1692.3072099687215,,0,2-10km,dr_geography
2025,2011,1797.5240946738331,,0,2-10km,dr_geography
2025,2012,793.2917673624073,,0,2-10km,dr_geography
2025,2013,567.8411453931801,,0,2-10km,dr_geography
2025,2014,360.71989125082496,,0,2-10km,dr_geography
2025,2015,862.8742892002888,,0,2-10km,dr_geography
2025,2016,428.36938836854983,,0,2-10km,dr_geography
2025,2017,215.8255308575309,,0,2-10km,dr_geography
2025,2018,1278.6168748967339,,0,2-10km,dr_geography
2025,2019,1127.1962080475705,,0,2-10km,dr_geography
2025,2020,978.8105344044536,,0,2-10km,dr_geography
2025,2021,605.456602890338,,0,2-10km,dr_geography
2025,2022,951.0590564870299,,0,2-10km,dr_geography
2025,2023,974.1540333376139,,0,2-10km,dr_geography
2025,2024,0.0,,0,2-10km,dr_geography
2025,2025,737.5232459891616,,0,2-10km,dr_geography
2013,2002,-19.05344780174385,,1,2-10km,dr_geography_anticipation1
2013,2003,751.2311802260498,,1,2-10km,dr_geography_anticipation1
2013,2004,-289.41152021670337,,1,2-10km,dr_geography_anticipation1
2013,2005,-39.122074489328504,,1,2-10km,dr_geography_anticipation1
2013,2006,109.83086776234695,,1,2-10km,dr_geography_anticipation1
2013,2007,-142.79701955971612,,1,2-10km,dr_geography_anticipation1
2013,2008,522.8100826128436,,1,2-10km,dr_geography_anticipation1
2013,2009,-221.26203376114736,,1,2-10km,dr_geography_anticipation1
2013,2010,-73.44502968417547,,1,2-10km,dr_geography_anticipation1
2013,2011,0.0,,1,2-10km,dr_geography_anticipation1
2013,2012,-339.28693916167634,,1,2-10km,dr_geography_anticipation1
2013,2013,247.6524845937427,,1,2-10km,dr_geography_anticipation1
2013,2014,551.7875205186995,,1,2-10km,dr_geography_anticipation1
2013,2015,598.3931392167489,,1,2-10km,dr_geography_anticipation1
2013,2016,24993.19433201808,,1,2-10km,dr_geography_anticipation1
2013,2017,-380.6781680224875,,1,2-10km,dr_geography_anticipation1
2013,2018,20.42824431128369,,1,2-10km,dr_geography_anticipation1
2013,2019,1978.7268379863858,,1,2-10km,dr_geography_anticipation1
2013,2020,40.48980195125455,,1,2-10km,dr_geography_anticipation1
2013,2021,369.49370222876354,,1,2-10km,dr_geography_anticipation1
2013,2022,127.62118289276975,,1,2-10km,dr_geography_anticipation1
2013,2023,-36.31771366137415,,1,2-10km,dr_geography_anticipation1
2013,2024,-370.9126157772707,,1,2-10km,dr_geography_anticipation1
2013,2025,103.13217405891882,,1,2-10km,dr_geography_anticipation1
2014,2002,-44.38287024872507,,1,2-10km,dr_geography_anticipation1
2014,2003,-216.8165512069212,,1,2-10km,dr_geography_anticipation1
2014,2004,-166.2073218129089,,1,2-10km,dr_geography_anticipation1
2014,2005,-427.54352179858154,,1,2-10km,dr_geography_anticipation1
2014,2006,-370.8671171012706,,1,2-10km,dr_geography_anticipation1
2014,2007,1590.168993585369,,1,2-10km,dr_geography_anticipation1
2014,2008,794.3959094068398,,1,2-10km,dr_geography_anticipation1
2014,2009,-63.93034599324136,,1,2-10km,dr_geography_anticipation1
2014,2010,-154.8886309115635,,1,2-10km,dr_geography_anticipation1
2014,2011,-91.22416637070968,,1,2-10km,dr_geography_anticipation1
2014,2012,0.0,,1,2-10km,dr_geography_anticipation1
2014,2013,384.11863904938775,,1,2-10km,dr_geography_anticipation1
2014,2014,68.26558096758633,,1,2-10km,dr_geography_anticipation1
2014,2015,697.9794796321468,,1,2-10km,dr_geography_anticipation1
2014,2016,226.6469547690074,,1,2-10km,dr_geography_anticipation1
2014,2017,-728.1574402525567,,1,2-10km,dr_geography_anticipation1
2014,2018,-348.4075018009559,,1,2-10km,dr_geography_anticipation1
2014,2019,794.4002177882566,,1,2-10km,dr_geography_anticipation1
2014,2020,117.09371212520479,,1,2-10km,dr_geography_anticipation1
2014,2021,445.845026017691,,1,2-10km,dr_geography_anticipation1
2014,2022,123.66660677085203,,1,2-10km,dr_geography_anticipation1
2014,2023,-446.73625568748037,,1,2-10km,dr_geography_anticipation1
2014,2024,-323.0407102281597,,1,2-10km,dr_geography_anticipation1
2014,2025,362.92805684927873,,1,2-10km,dr_geography_anticipation1
2018,2002,351.7167288425921,,1,2-10km,dr_geography_anticipation1
2018,2003,480.17225175607496,,1,2-10km,dr_geography_anticipation1
2018,2004,422.71734314945286,,1,2-10km,dr_geography_anticipation1
2018,2005,301.8535493074347,,1,2-10km,dr_geography_anticipation1
2018,2006,678.596904668992,,1,2-10km,dr_geography_anticipation1
2018,2007,197.2354306473281,,1,2-10km,dr_geography_anticipation1
2018,2008,450.43478515817134,,1,2-10km,dr_geography_anticipation1
2018,2009,240.96534459223125,,1,2-10km,dr_geography_anticipation1
2018,2010,808.6291833327134,,1,2-10km,dr_geography_anticipation1
2018,2011,284.5540988764125,,1,2-10km,dr_geography_anticipation1
2018,2012,79.9684649903516,,1,2-10km,dr_geography_anticipation1
2018,2013,478.7573800723516,,1,2-10km,dr_geography_anticipation1
2018,2014,468.2662865048827,,1,2-10km,dr_geography_anticipation1
2018,2015,605.6709501103451,,1,2-10km,dr_geography_anticipation1
2018,2016,0.0,,1,2-10km,dr_geography_anticipation1
2018,2017,-590.4395055924804,,1,2-10km,dr_geography_anticipation1
2018,2018,-430.48671909733747,,1,2-10km,dr_geography_anticipation1
2018,2019,-23.968412503189548,,1,2-10km,dr_geography_anticipation1
2018,2020,-162.3583434201503,,1,2-10km,dr_geography_anticipation1
2018,2021,165.4054102973378,,1,2-10km,dr_geography_anticipation1
2018,2022,67.54359804493251,,1,2-10km,dr_geography_anticipation1
2018,2023,266.39174646863455,,1,2-10km,dr_geography_anticipation1
2018,2024,4.7038873863729425,,1,2-10km,dr_geography_anticipation1
2018,2025,82.76545663355114,,1,2-10km,dr_geography_anticipation1
2019,2002,-841.481384010153,,1,2-10km,dr_geography_anticipation1
2019,2003,-1545.5771610837573,,1,2-10km,dr_geography_anticipation1
2019,2004,159.58235548225846,,1,2-10km,dr_geography_anticipation1
2019,2005,-310.16223935603534,,1,2-10km,dr_geography_anticipation1
2019,2006,-2382.318427322561,,1,2-10km,dr_geography_anticipation1
2019,2007,-1153.8235853475835,,1,2-10km,dr_geography_anticipation1
2019,2008,-1888.3926239056602,,1,2-10km,dr_geography_anticipation1
2019,2009,2493.9262564868436,,1,2-10km,dr_geography_anticipation1
2019,2010,-1910.366236090724,,1,2-10km,dr_geography_anticipation1
2019,2011,79.03049322174134,,1,2-10km,dr_geography_anticipation1
2019,2012,-581.956765963399,,1,2-10km,dr_geography_anticipation1
2019,2013,-771.256634107578,,1,2-10km,dr_geography_anticipation1
2019,2014,-1533.0005941186844,,1,2-10km,dr_geography_anticipation1
2019,2015,-893.3098643280557,,1,2-10km,dr_geography_anticipation1
2019,2016,-1572.9348179207554,,1,2-10km,dr_geography_anticipation1
2019,2017,0.0,,1,2-10km,dr_geography_anticipation1
2019,2018,-2412.2165318164393,,1,2-10km,dr_geography_anticipation1
2019,2019,-1082.4182100428818,,1,2-10km,dr_geography_anticipation1
2019,2020,1818.6991148004504,,1,2-10km,dr_geography_anticipation1
2019,2021,-1161.4807437457162,,1,2-10km,dr_geography_anticipation1
2019,2022,-137.8468041294205,,1,2-10km,dr_geography_anticipation1
2019,2023,-1432.2748544173257,,1,2-10km,dr_geography_anticipation1
2019,2024,-1392.8239856461742,,1,2-10km,dr_geography_anticipation1
2019,2025,-989.4847743006255,,1,2-10km,dr_geography_anticipation1
2020,2002,943.3644533360534,,1,2-10km,dr_geography_anticipation1
2020,2003,997.8622577873733,,1,2-10km,dr_geography_anticipation1
2020,2004,333.6862438107824,,1,2-10km,dr_geography_anticipation1
2020,2005,577.4854951181126,,1,2-10km,dr_geography_anticipation1
2020,2006,591.3168119702973,,1,2-10km,dr_geography_anticipation1
2020,2007,260.0904391872944,,1,2-10km,dr_geography_anticipation1
2020,2008,685.608988323457,,1,2-10km,dr_geography_anticipation1
2020,2009,322.23956094062186,,1,2-10km,dr_geography_anticipation1
2020,2010,762.1633465411111,,1,2-10km,dr_geography_anticipation1
2020,2011,598.7997084198203,,1,2-10km,dr_geography_anticipation1
2020,2012,219.62391095090572,,1,2-10km,dr_geography_anticipation1
2020,2013,1093.4360931793287,,1,2-10km,dr_geography_anticipation1
2020,2014,488.82703502970094,,1,2-10km,dr_geography_anticipation1
2020,2015,910.1801531622009,,1,2-10km,dr_geography_anticipation1
2020,2016,-185.13926128717182,,1,2-10km,dr_geography_anticipation1
2020,2017,-1114.607339371612,,1,2-10km,dr_geography_anticipation1
2020,2018,0.0,,1,2-10km,dr_geography_anticipation1
2020,2019,439.20155370622,,1,2-10km,dr_geography_anticipation1
2020,2020,-77.97755490798941,,1,2-10km,dr_geography_anticipation1
2020,2021,329.9363557613658,,1,2-10km,dr_geography_anticipation1
2020,2022,446.90850041084735,,1,2-10km,dr_geography_anticipation1
2020,2023,466.0961769797651,,1,2-10km,dr_geography_anticipation1
2020,2024,360.48898588642487,,1,2-10km,dr_geography_anticipation1
2020,2025,551.9416582949295,,1,2-10km,dr_geography_anticipation1
2021,2002,1111.8666600660026,,1,2-10km,dr_geography_anticipation1
2021,2003,704.3307031537919,,1,2-10km,dr_geography_anticipation1
2021,2004,2264.202419313118,,1,2-10km,dr_geography_anticipation1
2021,2005,1031.269663560542,,1,2-10km,dr_geography_anticipation1
2021,2006,771.3916972236735,,1,2-10km,dr_geography_anticipation1
2021,2007,582.9915376764791,,1,2-10km,dr_geography_anticipation1
2021,2008,373.72730587614285,,1,2-10km,dr_geography_anticipation1
2021,2009,502.10448360304724,,1,2-10km,dr_geography_anticipation1
2021,2010,428.953657954719,,1,2-10km,dr_geography_anticipation1
2021,2011,678.5709832374779,,1,2-10km,dr_geography_anticipation1
2021,2012,1207.7364533115654,,1,2-10km,dr_geography_anticipation1
2021,2013,478.86321600637586,,1,2-10km,dr_geography_anticipation1
2021,2014,506.4259363912788,,1,2-10km,dr_geography_anticipation1
2021,2015,710.7407900775629,,1,2-10km,dr_geography_anticipation1
2021,2016,88.46195305527213,,1,2-10km,dr_geography_anticipation1
2021,2017,464.1300784490615,,1,2-10km,dr_geography_anticipation1
2021,2018,-167.73034010519515,,1,2-10km,dr_geography_anticipation1
2021,2019,0.0,,1,2-10km,dr_geography_anticipation1
2021,2020,-508.09264300157867,,1,2-10km,dr_geography_anticipation1
2021,2021,-88.77142745162656,,1,2-10km,dr_geography_anticipation1
2021,2022,-18.990632396219382,,1,2-10km,dr_geography_anticipation1
2021,2023,595.7262941217708,,1,2-10km,dr_geography_anticipation1
2021,2024,259.39225705734844,,1,2-10km,dr_geography_anticipation1
2021,2025,574.9254084561123,,1,2-10km,dr_geography_anticipation1
2024,2002,127.06397807593979,,1,2-10km,dr_geography_anticipation1
2024,2003,992.0346578952889,,1,2-10km,dr_geography_anticipation1
2024,2004,60.85801117716094,,1,2-10km,dr_geography_anticipation1
2024,2005,313.78575174254445,,1,2-10km,dr_geography_anticipation1
2024,2006,232.1003007445342,,1,2-10km,dr_geography_anticipation1
2024,2007,387.46195748905353,,1,2-10km,dr_geography_anticipation1
2024,2008,120.18301638499538,,1,2-10km,dr_geography_anticipation1
2024,2009,34.91945897978469,,1,2-10km,dr_geography_anticipation1
2024,2010,625.1779342754422,,1,2-10km,dr_geography_anticipation1
2024,2011,16.899610200181996,,1,2-10km,dr_geography_anticipation1
2024,2012,229.7684533938754,,1,2-10km,dr_geography_anticipation1
2024,2013,340.941373320536,,1,2-10km,dr_geography_anticipation1
2024,2014,387.85742530885625,,1,2-10km,dr_geography_anticipation1
2024,2015,531.0912390139626,,1,2-10km,dr_geography_anticipation1
2024,2016,603.4743940532895,,1,2-10km,dr_geography_anticipation1
2024,2017,63.56467914803913,,1,2-10km,dr_geography_anticipation1
2024,2018,-206.43471239839033,,1,2-10km,dr_geography_anticipation1
2024,2019,-111.35394115737881,,1,2-10km,dr_geography_anticipation1
2024,2020,-164.90731384294756,,1,2-10km,dr_geography_anticipation1
2024,2021,-76.61977848027188,,1,2-10km,dr_geography_anticipation1
2024,2022,0.0,,1,2-10km,dr_geography_anticipation1
2024,2023,226.11762137026346,,1,2-10km,dr_geography_anticipation1
2024,2024,-189.7099134767366,,1,2-10km,dr_geography_anticipation1
2024,2025,15.15121236019861,,1,2-10km,dr_geography_anticipation1
2025,2002,-322.9271063349719,,1,2-10km,dr_geography_anticipation1
2025,2003,606.299366315185,,1,2-10km,dr_geography_anticipation1
2025,2004,146.91401079740055,,1,2-10km,dr_geography_anticipation1
2025,2005,402.3683763268191,,1,2-10km,dr_geography_anticipation1
2025,2006,936.7394691182742,,1,2-10km,dr_geography_anticipation1
2025,2007,379.5659854562916,,1,2-10km,dr_geography_anticipation1
2025,2008,269.74070493125726,,1,2-10km,dr_geography_anticipation1
2025,2009,-319.26023065137156,,1,2-10km,dr_geography_anticipation1
2025,2010,713.4611467660792,,1,2-10km,dr_geography_anticipation1
2025,2011,820.6328666645034,,1,2-10km,dr_geography_anticipation1
2025,2012,-180.1833500718015,,1,2-10km,dr_geography_anticipation1
2025,2013,-410.931619152525,,1,2-10km,dr_geography_anticipation1
2025,2014,-616.8982057522267,,1,2-10km,dr_geography_anticipation1
2025,2015,-118.21776899818322,,1,2-10km,dr_geography_anticipation1
2025,2016,-549.3869726294512,,1,2-10km,dr_geography_anticipation1
2025,2017,-759.8383336353587,,1,2-10km,dr_geography_anticipation1
2025,2018,297.0531350892158,,1,2-10km,dr_geography_anticipation1
2025,2019,149.0947949570203,,1,2-10km,dr_geography_anticipation1
2025,2020,6.427271489236404,,1,2-10km,dr_geography_anticipation1
2025,2021,-384.8505727607076,,1,2-10km,dr_geography_anticipation1
2025,2022,-32.36047642487842,,1,2-10km,dr_geography_anticipation1
2025,2023,0.0,,1,2-10km,dr_geography_anticipation1
2025,2024,-974.1540333376139,,1,2-10km,dr_geography_anticipation1
2025,2025,-239.2085656633851,,1,2-10km,dr_geography_anticipation1
2002,2002,603.4123597278304,20.35908844969783,0,2-15km,baseline
2002,2003,877.9783241210141,19.36195375221536,0,2-15km,baseline
2002,2004,-65.08362378620339,23.518947083395044,0,2-15km,baseline
2002,2005,389.6763283910636,21.964818391647295,0,2-15km,baseline
2002,2006,298.29258808136854,24.17781667177415,0,2-15km,baseline
2002,2007,-12.237698836756621,24.548250364592658,0,2-15km,baseline
2002,2008,359.65797939152577,24.189942701544926,0,2-15km,baseline
2002,2009,-63.641230113514126,24.907833684212427,0,2-15km,baseline
2002,2010,441.3362089457984,23.786648619505247,0,2-15km,baseline
2002,2011,374.7175183293887,23.516910432357147,0,2-15km,baseline
2002,2012,99.05434585431391,26.128708644463437,0,2-15km,baseline
2002,2013,1071.9716232766516,21.25374383692024,0,2-15km,baseline
2002,2014,627.5487434954069,23.967248548024408,0,2-15km,baseline
2002,2015,1014.7103372833795,22.16099997862275,0,2-15km,baseline
2002,2016,192.35128644282804,66.2866831294245,0,2-15km,baseline
2002,2017,-1114.8635439020034,45.580769936557594,0,2-15km,baseline
2002,2018,-422.5220575739433,34.648610858010294,0,2-15km,baseline
2002,2019,179.92491403593652,27.089948167008306,0,2-15km,baseline
2002,2020,19.71897836215051,40.02012922549517,0,2-15km,baseline
2002,2021,145.1803124154463,30.872628650081314,0,2-15km,baseline
2002,2022,193.61451076190787,31.380376797978933,0,2-15km,baseline
2002,2023,699.6664014880614,64.19577180251672,0,2-15km,baseline
2002,2024,486.51220293597015,48.77522549903334,0,2-15km,baseline
2002,2025,741.7650281296983,42.4751034792037,0,2-15km,baseline
2003,2002,-4454.658868905578,1774.9408254225411,0,2-15km,baseline
2003,2003,18.81181750178189,137.53251141177074,0,2-15km,baseline
2003,2004,-195.77180562912082,255.04471894772752,0,2-15km,baseline
2003,2005,241.12890626468422,311.9060661281954,0,2-15km,baseline
2003,2006,-421.37173516156486,196.1657582597179,0,2-15km,baseline
2003,2007,-921.7353450946576,145.32316969551064,0,2-15km,baseline
2003,2008,-184.65940476839154,205.8140759164328,0,2-15km,baseline
2003,2009,-523.5223025589098,207.0081450317799,0,2-15km,baseline
2003,2010,-191.41665434813115,217.1077599799367,0,2-15km,baseline
2003,2011,-78.40582772678957,266.9416121589464,0,2-15km,baseline
2003,2012,3125.2464936225037,804.0302932320284,0,2-15km,baseline
2003,2013,271.66211840201856,146.17787347482286,0,2-15km,baseline
2003,2014,382.9380471830925,357.59278177161417,0,2-15km,baseline
2003,2015,119.20785999857696,147.29385987313012,0,2-15km,baseline
2003,2016,-934.2990678220144,161.1071565154994,0,2-15km,baseline
2003,2017,-2016.7656000453694,193.8966997340947,0,2-15km,baseline
2003,2018,-1285.602285523869,170.65810362985124,0,2-15km,baseline
2003,2019,-480.4644439992665,224.31621422988852,0,2-15km,baseline
2003,2020,-1052.5160277580248,155.48404193917023,0,2-15km,baseline
2003,2021,-754.2009233115432,164.48931646493068,0,2-15km,baseline
2003,2022,-844.0873035936204,143.82067355622323,0,2-15km,baseline
2003,2023,21.107753365350646,393.0997608054767,0,2-15km,baseline
2003,2024,-481.28326702810557,169.6120207902149,0,2-15km,baseline
2003,2025,-284.7298733859325,152.26335364259097,0,2-15km,baseline
2004,2002,-1210.5941497874223,592.2572677305624,0,2-15km,baseline
2004,2003,456.63176073862564,139.17234001298232,0,2-15km,baseline
2004,2004,-202.84490858411073,629.0306649329258,0,2-15km,baseline
2004,2005,-182.8978859735247,272.197162982933,0,2-15km,baseline
2004,2006,-185.4128627164514,337.7812398021505,0,2-15km,baseline
2004,2007,-432.3161124254783,348.57274840656976,0,2-15km,baseline
2004,2008,139.74257629668625,490.62652226112124,0,2-15km,baseline
2004,2009,-303.1423536312817,409.762703998983,0,2-15km,baseline
2004,2010,-390.0464594255125,289.3825575252716,0,2-15km,baseline
2004,2011,-48.6494305363027,359.5495906422138,0,2-15km,baseline
2004,2012,376.6241570996251,593.7174115696176,0,2-15km,baseline
2004,2013,101.38505105595286,204.96554229511344,0,2-15km,baseline
2004,2014,1324.907782535477,1138.8868495367467,0,2-15km,baseline
2004,2015,16.803428168124668,266.43298399085165,0,2-15km,baseline
2004,2016,-661.5521127649705,476.29255753225596,0,2-15km,baseline
2004,2017,-1204.4578596218325,758.892773109095,0,2-15km,baseline
2004,2018,-1061.9000948781447,223.38814174948908,0,2-15km,baseline
2004,2019,196.78637428475713,883.9192720379209,0,2-15km,baseline
2004,2020,-1183.5580488814649,247.82052481637655,0,2-15km,baseline
2004,2021,-881.6364251547482,278.01585372303657,0,2-15km,baseline
2004,2022,-874.5370373049818,261.65244767227676,0,2-15km,baseline
2004,2023,-437.35941731280184,328.58999823193074,0,2-15km,baseline
2004,2024,-879.7213787496685,207.92854494410713,0,2-15km,baseline
2004,2025,-351.6912493160998,403.0886995016799,0,2-15km,baseline
2005,2002,1065.4693331249046,234.74349919435267,0,2-15km,baseline
2005,2003,-207.5923331899424,261.39379327483016,0,2-15km,baseline
2005,2004,-921.0278877428744,129.2167540060713,0,2-15km,baseline
2005,2005,814.5964071074964,167.53626010230772,0,2-15km,baseline
2005,2006,362.24709465193234,150.64664812964008,0,2-15km,baseline
2005,2007,164.1832173496067,128.41744982475447,0,2-15km,baseline
2005,2008,254.7767079306705,115.60676410361643,0,2-15km,baseline
2005,2009,-43.98614809295918,117.99228183574982,0,2-15km,baseline
2005,2010,547.7550268082587,117.47568872438443,0,2-15km,baseline
2005,2011,215.1196093988794,113.15276886887672,0,2-15km,baseline
2005,2012,241.4019635306447,133.34496489790885,0,2-15km,baseline
2005,2013,802.1710883047389,113.86749480175912,0,2-15km,baseline
2005,2014,672.2403441198431,220.55354305507007,0,2-15km,baseline
2005,2015,724.1807234834508,122.95338776793653,0,2-15km,baseline
2005,2016,-43.19883053066644,141.60037757862403,0,2-15km,baseline
2005,2017,-1015.5260923951888,293.61033358465824,0,2-15km,baseline
2005,2018,-297.2672202123165,152.48129849752533,0,2-15km,baseline
2005,2019,-66.50923658417253,114.01540523929845,0,2-15km,baseline
2005,2020,-273.30653953702694,137.7037674029927,0,2-15km,baseline
2005,2021,12.78497422537069,138.33003631948858,0,2-15km,baseline
2005,2022,-164.18572812279095,112.63093547557438,0,2-15km,baseline
2005,2023,208.45205543878302,119.16052837065672,0,2-15km,baseline
2005,2024,126.58718917979274,129.2963137618236,0,2-15km,baseline
2005,2025,424.9509658571985,126.01619954437062,0,2-15km,baseline
2006,2002,78.51246308875875,446.4667629488845,0,2-15km,baseline
2006,2003,-1206.5064237838903,426.723833786535,0,2-15km,baseline
2006,2004,862.6486717161849,442.3022775062563,0,2-15km,baseline
2006,2005,-512.075927794665,423.72532051018277,0,2-15km,baseline
2006,2006,-98.82042369229384,413.1941550043073,0,2-15km,baseline
2006,2007,-347.64014987291716,381.3592901890918,0,2-15km,baseline
2006,2008,-343.52742646672937,486.8634045176857,0,2-15km,baseline
2006,2009,-44.86822038686677,357.36435888005195,0,2-15km,baseline
2006,2010,557.6859993560895,674.6239192072059,0,2-15km,baseline
2006,2011,-148.72104995487348,385.60811866152955,0,2-15km,baseline
2006,2012,-151.25369207697713,449.82433782567875,0,2-15km,baseline
2006,2013,-110.27210647174377,388.74449877113125,0,2-15km,baseline
2006,2014,-420.7933485792987,393.26821334430383,0,2-15km,baseline
2006,2015,-231.444427176531,401.80173018204414,0,2-15km,baseline
2006,2016,-784.5351360768257,394.7710981455211,0,2-15km,baseline
2006,2017,-135.21908879853117,683.5427997064537,0,2-15km,baseline
2006,2018,-1153.6799738839281,394.95963763938084,0,2-15km,baseline
2006,2019,-1111.2152822209791,272.44136715047426,0,2-15km,baseline
2006,2020,-1604.41912546219,347.3119421189035,0,2-15km,baseline
2006,2021,-1186.924299861381,376.574094533482,0,2-15km,baseline
2006,2022,-1613.6875413004086,325.48901280657356,0,2-15km,baseline
2006,2023,-565.6684468891312,373.43845900688785,0,2-15km,baseline
2006,2024,-642.2426614328713,410.8091745494894,0,2-15km,baseline
2006,2025,-671.952764630319,338.2020226190203,0,2-15km,baseline
2007,2002,306.366052903549,77.14365930811798,0,2-15km,baseline
2007,2003,174.77514548223297,57.79464805105453,0,2-15km,baseline
2007,2004,-867.8425852538256,59.11818098267104,0,2-15km,baseline
2007,2005,440.4952149136409,51.883949943585435,0,2-15km,baseline
2007,2006,-132.3858569311121,48.52443635001882,0,2-15km,baseline
2007,2007,-186.04851972844295,49.72767496003103,0,2-15km,baseline
2007,2008,357.04329440740565,62.81939294832498,0,2-15km,baseline
2007,2009,-200.59735229308882,57.00246420509608,0,2-15km,baseline
2007,2010,388.73414007912066,62.31939642469966,0,2-15km,baseline
2007,2011,97.85147695409673,49.60368631797642,0,2-15km,baseline
2007,2012,-14.404202117192256,63.557996845963345,0,2-15km,baseline
2007,2013,656.1645435179383,48.57443347447174,0,2-15km,baseline
2007,2014,250.37939613190042,48.92385017892424,0,2-15km,baseline
2007,2015,471.8827439134302,44.90468886265243,0,2-15km,baseline
2007,2016,-401.09725933049293,55.20893107618977,0,2-15km,baseline
2007,2017,-1334.672776549297,71.25957385876754,0,2-15km,baseline
2007,2018,-894.6463656772073,53.50702821372706,0,2-15km,baseline
2007,2019,-168.879385531847,57.51621126372419,0,2-15km,baseline
2007,2020,-522.9511798847634,61.90215497728041,0,2-15km,baseline
2007,2021,-259.5761617377682,57.46436110910837,0,2-15km,baseline
2007,2022,-206.18910280986503,62.84244432476391,0,2-15km,baseline
2007,2023,-25.874964004665202,49.75660448128922,0,2-15km,baseline
2007,2024,-101.35728460212238,54.372961462206135,0,2-15km,baseline
2007,2025,154.18615514823483,56.04295080459986,0,2-15km,baseline
2008,2002,983.0773685265243,198.14306398294747,0,2-15km,baseline
2008,2003,0.48542301824193146,202.32834559503485,0,2-15km,baseline
2008,2004,-799.3707567127447,180.64931741890314,0,2-15km,baseline
2008,2005,83.77354923239386,167.97696829425618,0,2-15km,baseline
2008,2006,-225.73442552512734,143.27370562229385,0,2-15km,baseline
2008,2007,-569.1321603554325,116.70937558678452,0,2-15km,baseline
2008,2008,236.99048427526492,110.0496511757609,0,2-15km,baseline
2008,2009,361.7846580143598,123.22832809959594,0,2-15km,baseline
2008,2010,524.3589299098373,132.71435702612857,0,2-15km,baseline
2008,2011,536.7697651206487,146.35401116075732,0,2-15km,baseline
2008,2012,-16.250662157842044,106.44381685048245,0,2-15km,baseline
2008,2013,564.0119679215579,99.76731752928409,0,2-15km,baseline
2008,2014,211.68606066036818,100.6842676764153,0,2-15km,baseline
2008,2015,475.82717463582526,103.95219042395506,0,2-15km,baseline
2008,2016,-247.25840034026305,113.25179077405211,0,2-15km,baseline
2008,2017,153.10539938248917,236.9384094687298,0,2-15km,baseline
2008,2018,-312.52867245211473,136.7710043341758,0,2-15km,baseline
2008,2019,133.09468274745478,122.39352689735088,0,2-15km,baseline
2008,2020,294.78172146552356,161.07616581837402,0,2-15km,baseline
2008,2021,-52.901432377157164,119.36675519826603,0,2-15km,baseline
2008,2022,-185.2518186039505,107.29839440463932,0,2-15km,baseline
2008,2023,396.79592141210946,123.03388098833067,0,2-15km,baseline
2008,2024,7.371063773908986,112.89467816293849,0,2-15km,baseline
2008,2025,400.04533463639586,124.32912301850911,0,2-15km,baseline
2009,2002,493.41968343736363,56.16579799999499,0,2-15km,baseline
2009,2003,100.55386202202209,50.220835143013176,0,2-15km,baseline
2009,2004,-605.0269317247439,55.451533055645484,0,2-15km,baseline
2009,2005,276.089537604889,55.68200066990644,0,2-15km,baseline
2009,2006,-227.02769955613365,46.848027579743274,0,2-15km,baseline
2009,2007,-280.0516980092416,47.551238964550464,0,2-15km,baseline
2009,2008,420.8064925153403,49.622445916619675,0,2-15km,baseline
2009,2009,-212.64889824266447,56.2712783630843,0,2-15km,baseline
2009,2010,269.013503343436,62.54670108059365,0,2-15km,baseline
2009,2011,8.621195761458516,48.99064305669239,0,2-15km,baseline
2009,2012,-218.96378094217982,50.149068774050406,0,2-15km,baseline
2009,2013,603.0220564296783,44.913778422710045,0,2-15km,baseline
2009,2014,216.41302926209653,47.27047469026692,0,2-15km,baseline
2009,2015,469.43900990763416,39.99076730076625,0,2-15km,baseline
2009,2016,-107.73256870259002,63.226967117192785,0,2-15km,baseline
2009,2017,-1359.9604650926117,64.20431673629629,0,2-15km,baseline
2009,2018,-779.4395780837208,57.07163807991656,0,2-15km,baseline
2009,2019,-189.85719521021022,48.08294618390095,0,2-15km,baseline
2009,2020,-346.85199658809853,58.25682998404104,0,2-15km,baseline
2009,2021,-265.50182698608796,57.46997170611817,0,2-15km,baseline
2009,2022,-218.42580572450305,51.886770759873436,0,2-15km,baseline
2009,2023,105.33481284647183,50.62526937104834,0,2-15km,baseline
2009,2024,-63.22997307140241,51.40728713214293,0,2-15km,baseline
2009,2025,152.7432379779211,53.644440264411216,0,2-15km,baseline
2010,2002,394.2698958127903,193.37736539916645,0,2-15km,baseline
2010,2003,-285.86764702519775,148.49318625525024,0,2-15km,baseline
2010,2004,-144.11540820423863,119.13320735788527,0,2-15km,baseline
2010,2005,-14.576255432743096,125.55503686296898,0,2-15km,baseline
2010,2006,540.0470189134228,168.08487881776225,0,2-15km,baseline
2010,2007,-1044.7496304680817,166.07264264080257,0,2-15km,baseline
2010,2008,623.6577545467325,116.69488296260172,0,2-15km,baseline
2010,2009,161.85227246462654,151.13661042209733,0,2-15km,baseline
2010,2010,-35.805657603401244,161.71675289860855,0,2-15km,baseline
2010,2011,97.30240510607285,169.68608301581432,0,2-15km,baseline
2010,2012,-225.43169131311834,150.46669139859782,0,2-15km,baseline
2010,2013,287.4743224043757,155.53269177618594,0,2-15km,baseline
2010,2014,-238.894517731738,183.5770482122434,0,2-15km,baseline
2010,2015,-33.82229105930446,142.26673546515585,0,2-15km,baseline
2010,2016,-651.0512086268815,214.01800287186276,0,2-15km,baseline
2010,2017,-1611.6970711002132,207.6599963607281,0,2-15km,baseline
2010,2018,-1535.4583158174191,143.16870950697896,0,2-15km,baseline
2010,2019,-869.5156732235325,136.5547492591114,0,2-15km,baseline
2010,2020,-1125.5541899546743,139.31775312038042,0,2-15km,baseline
2010,2021,-829.0017510515513,189.09874530383934,0,2-15km,baseline
2010,2022,-815.4292355572891,160.06213816577431,0,2-15km,baseline
2010,2023,-399.55321938411294,168.66428149020456,0,2-15km,baseline
2010,2024,25.090175642139855,254.04928277368202,0,2-15km,baseline
2010,2025,-353.5917084200819,172.8709486665622,0,2-15km,baseline
2011,2002,209.6793356513897,101.66895339209927,0,2-15km,baseline
2011,2003,74.9550848509549,98.20296181515575,0,2-15km,baseline
2011,2004,777.5912377084948,129.05690354536665,0,2-15km,baseline
2011,2005,-665.2337368951262,136.61198634084167,0,2-15km,baseline
2011,2006,89.97821646512398,128.83244914855374,0,2-15km,baseline
2011,2007,170.0680259205265,136.33733110826063,0,2-15km,baseline
2011,2008,-793.1774683643914,141.30175750162596,0,2-15km,baseline
2011,2009,499.8629112101191,125.42205598958628,0,2-15km,baseline
2011,2010,-185.42721918787817,128.9783264956267,0,2-15km,baseline
2011,2011,-853.372949066933,111.02593819324207,0,2-15km,baseline
2011,2012,-802.2875232109457,130.04048671955155,0,2-15km,baseline
2011,2013,-722.1590397543553,118.38316169924985,0,2-15km,baseline
2011,2014,-450.12085883155487,153.5600828507226,0,2-15km,baseline
2011,2015,-492.33788051600834,123.98867785811302,0,2-15km,baseline
2011,2016,-1034.9339431794729,137.99309164676916,0,2-15km,baseline
2011,2017,-225.17321054856757,162.0274339930147,0,2-15km,baseline
2011,2018,-875.3115463022075,144.4561089461268,0,2-15km,baseline
2011,2019,-793.3866277363893,130.5196062650275,0,2-15km,baseline
2011,2020,-1176.8792550761032,125.60391662633637,0,2-15km,baseline
2011,2021,-790.6204834861519,131.64908457493118,0,2-15km,baseline
2011,2022,-1173.526623498196,124.42029093199115,0,2-15km,baseline
2011,2023,-944.2445031940554,118.14970186515336,0,2-15km,baseline
2011,2024,-1134.7126722474854,132.84713826437027,0,2-15km,baseline
2011,2025,-676.6788939308137,131.8433131843634,0,2-15km,baseline
2012,2002,-431.627301758342,264.7927905135635,0,2-15km,baseline
2012,2003,1555.5352363061495,276.53642214450474,0,2-15km,baseline
2012,2004,-1442.0892394342468,270.667988063986,0,2-15km,baseline
2012,2005,876.1047290276772,247.2659646749839,0,2-15km,baseline
2012,2006,-913.1735700629263,322.3431319297955,0,2-15km,baseline
2012,2007,-56.05218819594734,187.5429718874459,0,2-15km,baseline
2012,2008,616.893853119265,203.7211702473752,0,2-15km,baseline
2012,2009,-176.8325161433329,343.405179882067,0,2-15km,baseline
2012,2010,393.06656249108437,362.46710002397407,0,2-15km,baseline
2012,2011,-605.3978458356708,227.53837183400108,0,2-15km,baseline
2012,2012,-393.3898997001976,164.15519288261112,0,2-15km,baseline
2012,2013,225.91576742788243,128.09446851226838,0,2-15km,baseline
2012,2014,-26.126910422148285,155.6913651688485,0,2-15km,baseline
2012,2015,741.53945889997,224.15630758209997,0,2-15km,baseline
2012,2016,-233.23041400855266,279.98876356411256,0,2-15km,baseline
2012,2017,-786.3701677181268,312.691062876052,0,2-15km,baseline
2012,2018,331.4739976977079,423.4350124863835,0,2-15km,baseline
2012,2019,359.75776428937195,375.5944031348309,0,2-15km,baseline
2012,2020,-389.3109862736485,208.88137043519424,0,2-15km,baseline
2012,2021,81.02315962495172,264.65041606350496,0,2-15km,baseline
2012,2022,-497.617099741758,163.64572595700838,0,2-15km,baseline
2012,2023,190.49299177493901,200.78007032669802,0,2-15km,baseline
2012,2024,-22.19581019649582,210.99335735615756,0,2-15km,baseline
2012,2025,206.8366683665163,249.25030988715815,0,2-15km,baseline
2013,2002,338.1010901273495,136.21752051293788,0,2-15km,baseline
2013,2003,769.0025592852137,197.2710170925816,0,2-15km,baseline
2013,2004,-1426.55259826042,219.4953453940924,0,2-15km,baseline
2013,2005,648.1950772203281,163.9026513323419,0,2-15km,baseline
2013,2006,72.99768602087454,233.1822522491489,0,2-15km,baseline
2013,2007,-444.7537488253441,234.14208144387024,0,2-15km,baseline
2013,2008,735.9533417291727,195.6815355922289,0,2-15km,baseline
2013,2009,-613.338663683413,201.64844246699968,0,2-15km,baseline
2013,2010,110.97980696745645,179.4831450852717,0,2-15km,baseline
2013,2011,161.74691071759628,185.3921956540942,0,2-15km,baseline
2013,2012,-184.01490948492022,199.24617474815764,0,2-15km,baseline
2013,2013,442.30034848739353,174.5490029235814,0,2-15km,baseline
2013,2014,571.8995780043158,267.58728257651507,0,2-15km,baseline
2013,2015,654.1179473252743,161.5088369239433,0,2-15km,baseline
2013,2016,24627.17608356369,2619.6125377923818,0,2-15km,baseline
2013,2017,-754.8187198939906,228.6991643027777,0,2-15km,baseline
2013,2018,-700.9039486239365,201.237097007482,0,2-15km,baseline
2013,2019,1748.23108603698,703.1292201135057,0,2-15km,baseline
2013,2020,-560.4281782261752,179.00632746744515,0,2-15km,baseline
2013,2021,-66.37933521067441,232.6282533198821,0,2-15km,baseline
2013,2022,-244.09077469756946,178.12480893462765,0,2-15km,baseline
2013,2023,71.4816610455868,184.14212777590203,0,2-15km,baseline
2013,2024,-365.25765574481346,160.27263497497725,0,2-15km,baseline
2013,2025,195.22600059080798,179.26337986897929,0,2-15km,baseline
2014,2002,-1764.9206630216322,516.2587580111525,0,2-15km,baseline
2014,2003,-130.03035773037743,145.8460173909665,0,2-15km,baseline
2014,2004,-202.59801205600786,230.51617929734522,0,2-15km,baseline
2014,2005,19.092905424264416,239.87531994374777,0,2-15km,baseline
2014,2006,-34.607424532100026,160.68048486998893,0,2-15km,baseline
2014,2007,1891.413783704961,458.07413359794424,0,2-15km,baseline
2014,2008,-793.9551699940589,717.1436062026801,0,2-15km,baseline
2014,2009,-710.8495484905163,728.8696685984049,0,2-15km,baseline
2014,2010,-283.92570579531554,227.05683711775796,0,2-15km,baseline
2014,2011,-10.483165840922197,268.3414287550468,0,2-15km,baseline
2014,2012,179.98291845708258,286.73885322588905,0,2-15km,baseline
2014,2013,375.25381286395566,270.88122777716166,0,2-15km,baseline
2014,2014,-428.7734871145717,188.74523963503378,0,2-15km,baseline
2014,2015,230.94683826930282,345.65169026895853,0,2-15km,baseline
2014,2016,-678.2543843253551,383.1827668802254,0,2-15km,baseline
2014,2017,-1868.3062811050293,437.73811002371235,0,2-15km,baseline
2014,2018,-1742.923062880244,191.2979682820804,0,2-15km,baseline
2014,2019,-103.52020472689912,583.2882813503528,0,2-15km,baseline
2014,2020,-1291.6066584453977,210.11810901217507,0,2-15km,baseline
2014,2021,-648.7970508928333,310.82449280652133,0,2-15km,baseline
2014,2022,-939.0277562045561,258.21350798013754,0,2-15km,baseline
2014,2023,-979.6647584738016,180.7790827198476,0,2-15km,baseline
2014,2024,-1127.7504767405894,181.43071125620662,0,2-15km,baseline
2014,2025,-258.9106369083843,399.0171912988164,0,2-15km,baseline
2018,2002,52.46101505718286,83.64633123547269,0,2-15km,baseline
2018,2003,93.51180800422276,70.78924342214903,0,2-15km,baseline
2018,2004,-159.1755010162085,96.82072903632623,0,2-15km,baseline
2018,2005,37.1895509231116,101.0828884179009,0,2-15km,baseline
2018,2006,378.8437183416527,120.43835103653589,0,2-15km,baseline
2018,2007,-597.7477999152636,117.24968850203257,0,2-15km,baseline
2018,2008,279.96456160437265,98.01648181485372,0,2-15km,baseline
2018,2009,-148.61710747443317,97.47116424980334,0,2-15km,baseline
2018,2010,551.4909393621888,112.34348782956901,0,2-15km,baseline
2018,2011,-439.6579491839382,103.45154652592366,0,2-15km,baseline
2018,2012,-146.7167140354752,82.95038417791966,0,2-15km,baseline
2018,2013,346.07450660454697,70.70158417025276,0,2-15km,baseline
2018,2014,-84.53515052843727,76.38819097682708,0,2-15km,baseline
2018,2015,127.72380251963818,86.77754226469038,0,2-15km,baseline
2018,2016,-786.7929595875348,82.69786119519472,0,2-15km,baseline
2018,2017,-491.0576495593359,104.68371875121194,0,2-15km,baseline
2018,2018,45.140403613121634,105.46066701953853,0,2-15km,baseline
2018,2019,609.106593566341,101.5154386571259,0,2-15km,baseline
2018,2020,470.5193508316901,112.25973929967432,0,2-15km,baseline
2018,2021,788.2983319390844,121.68568660675496,0,2-15km,baseline
2018,2022,734.2622954078934,110.68127600429175,0,2-15km,baseline
2018,2023,1063.1490423905973,113.11208695880592,0,2-15km,baseline
2018,2024,837.1596670371446,123.54186392787577,0,2-15km,baseline
2018,2025,900.4020232696994,106.03344662376091,0,2-15km,baseline
2019,2002,1826.4882816063227,1130.967070922317,0,2-15km,baseline
2019,2003,-784.9350499806474,1100.9947699963584,0,2-15km,baseline
2019,2004,1633.1508285901796,2477.4146113470365,0,2-15km,baseline
2019,2005,-236.6631120053823,1877.1795486364972,0,2-15km,baseline
2019,2006,-2069.3932869029068,1467.2025319756915,0,2-15km,baseline
2019,2007,1115.6250324380792,920.6550187340679,0,2-15km,baseline
2019,2008,-731.1453168983194,1170.9988024775803,0,2-15km,baseline
2019,2009,4543.7596124242245,3265.8016289527795,0,2-15km,baseline
2019,2010,-4525.275315376182,3156.807531191679,0,2-15km,baseline
2019,2011,2115.198896119814,1073.427528410728,0,2-15km,baseline
2019,2012,-609.9971588830942,1151.4950241301558,0,2-15km,baseline
2019,2013,-389.80503573469514,711.0920778075701,0,2-15km,baseline
2019,2014,-842.9208261392314,284.1347459856021,0,2-15km,baseline
2019,2015,594.865580362658,437.9887657842162,0,2-15km,baseline
2019,2016,-867.7134782592163,361.436671258956,0,2-15km,baseline
2019,2017,1769.6705016885144,1528.3177635278846,0,2-15km,baseline
2019,2018,-2657.06939264011,1784.782687046195,0,2-15km,baseline
2019,2019,1554.037697409306,530.7562383135241,0,2-15km,baseline
2019,2020,4214.799718437718,4112.965992301315,0,2-15km,baseline
2019,2021,1275.798985748521,1099.7727610613572,0,2-15km,baseline
2019,2022,2344.5737410053434,1483.4435243170035,0,2-15km,baseline
2019,2023,1310.9183362324354,1011.6247540654996,0,2-15km,baseline
2019,2024,1293.4490541361452,1095.6502972043006,0,2-15km,baseline
2019,2025,1734.8830550905714,1012.6003840242237,0,2-15km,baseline
2020,2002,550.3985279044823,29.748798867402183,0,2-15km,baseline
2020,2003,219.96799112385568,27.591759687165503,0,2-15km,baseline
2020,2004,-721.4919327018802,46.95675591114967,0,2-15km,baseline
2020,2005,282.10644826914603,47.29483181381498,0,2-15km,baseline
2020,2006,-36.956512049468955,31.66655481832881,0,2-15km,baseline
2020,2007,-254.74760983909812,33.59202265640838,0,2-15km,baseline
2020,2008,354.23648462321205,35.73191524639153,0,2-15km,baseline
2020,2009,-348.1873113194288,41.27840438682914,0,2-15km,baseline
2020,2010,382.13012960625053,40.68543555052531,0,2-15km,baseline
2020,2011,21.55736153584013,32.30852959187865,0,2-15km,baseline
2020,2012,-374.3151655480055,34.60394215824846,0,2-15km,baseline
2020,2013,1020.6606467613032,34.703356148957084,0,2-15km,baseline
2020,2014,-539.2015293787352,28.532899131562743,0,2-15km,baseline
2020,2015,327.5461045843723,23.470826062780922,0,2-15km,baseline
2020,2016,-1053.3288230870849,33.47218986505866,0,2-15km,baseline
2020,2017,-855.4246019347943,59.2524617159578,0,2-15km,baseline
2020,2018,1445.4485244580019,114.49764606993583,0,2-15km,baseline
2020,2019,185.7055710768467,109.20304024020045,0,2-15km,baseline
2020,2020,-112.01493205777456,102.97977395554621,0,2-15km,baseline
2020,2021,85.88453043127754,93.54880315531926,0,2-15km,baseline
2020,2022,258.17748325276375,97.92135404966733,0,2-15km,baseline
2020,2023,-9.559535912236413,70.79694219359877,0,2-15km,baseline
2020,2024,285.3415013873147,88.43127229627605,0,2-15km,baseline
2020,2025,202.84603459493763,72.76131839301681,0,2-15km,baseline
2021,2002,402.0614438603775,231.55696559300705,0,2-15km,baseline
2021,2003,-625.4998549931923,219.16861441571444,0,2-15km,baseline
2021,2004,1841.73800381792,350.0292144645248,0,2-15km,baseline
2021,2005,-1301.5239628434942,364.5285112525696,0,2-15km,baseline
2021,2006,-197.75413160019707,254.64321058778847,0,2-15km,baseline
2021,2007,-306.561885359371,234.04115826920076,0,2-15km,baseline
2021,2008,-188.96078505216428,186.02008182510713,0,2-15km,baseline
2021,2009,211.4765097933883,215.75941326441068,0,2-15km,baseline
2021,2010,-162.9802546817877,194.74963278467845,0,2-15km,baseline
2021,2011,358.45972438406375,180.37514759337864,0,2-15km,baseline
2021,2012,533.6198662784086,226.54369321325214,0,2-15km,baseline
2021,2013,-927.6454088939411,233.29799739608043,0,2-15km,baseline
2021,2014,100.7366526255758,133.052197311705,0,2-15km,baseline
2021,2015,109.1218673076292,167.80763565857075,0,2-15km,baseline
2021,2016,-365.68810869690583,185.2343905368066,0,2-15km,baseline
2021,2017,772.6018375305441,268.9534701179755,0,2-15km,baseline
2021,2018,-959.7670190553423,290.05832605201164,0,2-15km,baseline
2021,2019,141.0131346554076,186.27872772697603,0,2-15km,baseline
2021,2020,-565.0098894536616,145.83695282681245,0,2-15km,baseline
2021,2021,301.3735461445374,154.2150397771208,0,2-15km,baseline
2021,2022,406.37994582494184,164.59409190977317,0,2-15km,baseline
2021,2023,972.6935261049168,181.2399433722153,0,2-15km,baseline
2021,2024,616.3579096843616,158.64830453621997,0,2-15km,baseline
2021,2025,929.6590055166026,211.64801582541364,0,2-15km,baseline
2024,2002,-449.55289773022207,90.48654897927823,0,2-15km,baseline
2024,2003,931.6297810283402,72.15860764134901,0,2-15km,baseline
2024,2004,-1047.9836645144758,101.98680064366557,0,2-15km,baseline
2024,2005,423.8957739644102,96.62745884750878,0,2-15km,baseline
2024,2006,-180.96257618258505,93.19657312713468,0,2-15km,baseline
2024,2007,115.69333668156423,100.7620446804072,0,2-15km,baseline
2024,2008,-293.43701700269025,91.15808140222607,0,2-15km,baseline
2024,2009,-0.7194141095671966,80.20564323935567,0,2-15km,baseline
2024,2010,543.5196263105581,85.62758854595724,0,2-15km,baseline
2024,2011,-666.5730342495111,71.30833019427872,0,2-15km,baseline
2024,2012,321.32858382215284,69.51439083402359,0,2-15km,baseline
2024,2013,74.16940905506306,65.08111769859735,0,2-15km,baseline
2024,2014,3.9129579427093404,56.37969311885581,0,2-15km,baseline
2024,2015,159.47252279606278,72.33841872428127,0,2-15km,baseline
2024,2016,-31.15371399566584,100.83826221616943,0,2-15km,baseline
2024,2017,-353.0525623086712,120.18869447618704,0,2-15km,baseline
2024,2018,-599.8676054647281,99.76374383099085,0,2-15km,baseline
2024,2019,284.6580243106007,66.40950899353538,0,2-15km,baseline
2024,2020,-266.7501546034571,63.36496040459761,0,2-15km,baseline
2024,2021,211.42602501214327,69.24092454903024,0,2-15km,baseline
2024,2022,131.97484103058252,62.04899945647081,0,2-15km,baseline
2024,2023,473.47836453304865,71.06833129451574,0,2-15km,baseline
2024,2024,-562.7663286377085,69.79289908596645,0,2-15km,baseline
2024,2025,-284.8294915125065,73.47972159790307,0,2-15km,baseline
2025,2002,498.7695919763364,241.45776330035628,0,2-15km,baseline
2025,2003,180.4452049380352,220.42589746891792,0,2-15km,baseline
2025,2004,546.1752758579164,217.9887833554071,0,2-15km,baseline
2025,2005,-291.82195171465247,237.57714685563437,0,2-15km,baseline
2025,2006,778.4876557635994,290.41787467007265,0,2-15km,baseline
2025,2007,-846.7676316271102,330.8943789623283,0,2-15km,baseline
2025,2008,16.202341681627786,306.7133126262803,0,2-15km,baseline
2025,2009,-518.4497711796323,243.62067038891516,0,2-15km,baseline
2025,2010,858.1342303095951,244.62991585193157,0,2-15km,baseline
2025,2011,176.29201873641,284.85012254449725,0,2-15km,baseline
2025,2012,-1002.9145959176931,259.0457671950757,0,2-15km,baseline
2025,2013,-655.9317099218804,219.86135466399014,0,2-15km,baseline
2025,2014,294.6136852321909,189.5919645738323,0,2-15km,baseline
2025,2015,111.19541588777594,148.119691271697,0,2-15km,baseline
2025,2016,806.7672681174629,214.96779866420786,0,2-15km,baseline
2025,2017,365.48256527278613,292.8791385457791,0,2-15km,baseline
2025,2018,270.0452130272315,301.0417074216649,0,2-15km,baseline
2025,2019,-384.4203097278464,328.15017313544973,0,2-15km,baseline
2025,2020,-122.22304571127961,295.270346889572,0,2-15km,baseline
2025,2021,-653.4277220978718,258.2868461474342,0,2-15km,baseline
2025,2022,313.09442768462327,304.50320994576015,0,2-15km,baseline
2025,2023,-431.4898499105401,290.27082471804135,0,2-15km,baseline
2025,2024,-1175.716359858686,176.58888435360905,0,2-15km,baseline
2025,2025,778.627889781747,162.79760336634945,0,2-15km,baseline
2003,2002,-4454.658868905578,1774.9408254225411,1,2-15km,anticipation1
2003,2003,-4435.922354649942,1780.1036552460826,1,2-15km,anticipation1
2003,2004,-4650.72406382526,1804.0633044652652,1,2-15km,anticipation1
2003,2005,-4212.260375631593,1771.1095004893286,1,2-15km,anticipation1
2003,2006,-4873.977788662769,1791.616287992881,1,2-15km,anticipation1
2003,2007,-5373.822243735715,1777.2628199648632,1,2-15km,anticipation1
2003,2008,-4620.627956335502,1764.1790982894724,1,2-15km,anticipation1
2003,2009,-4946.864933802469,1775.325912191503,1,2-15km,anticipation1
2003,2010,-4608.576207959186,1783.8842089827272,1,2-15km,anticipation1
2003,2011,-4493.985292957149,1802.2616580649685,1,2-15km,anticipation1
2003,2012,-1290.0447799787094,1542.8018867202225,1,2-15km,anticipation1
2003,2013,-4144.136042523791,1781.9751030530965,1,2-15km,anticipation1
2003,2014,-4033.1230351846243,1821.501863506747,1,2-15km,anticipation1
2003,2015,-4296.85322236914,1782.3591378748604,1,2-15km,anticipation1
2003,2016,-5350.360150189732,1785.0486342973002,1,2-15km,anticipation1
2003,2017,-6464.247713096762,1790.0937855893933,1,2-15km,anticipation1
2003,2018,-5698.740235836902,1787.0167742609267,1,2-15km,anticipation1
2003,2019,-4853.644496054301,1790.8004451700704,1,2-15km,anticipation1
2003,2020,-5431.238882766715,1783.803414664921,1,2-15km,anticipation1
2003,2021,-5122.777425874082,1785.9789005567682,1,2-15km,anticipation1
2003,2022,-5212.663806156159,1780.78946989378,1,2-15km,anticipation1
2003,2023,-4354.400302160577,1817.7736184620906,1,2-15km,anticipation1
2003,2024,-4869.440360054901,1783.3718474872726,1,2-15km,anticipation1
2003,2025,-4660.131427104295,1767.195716636134,1,2-15km,anticipation1
2004,2002,-1211.6019032768695,592.2572263431598,1,2-15km,anticipation1
2004,2003,456.63176073862564,139.17234001298232,1,2-15km,anticipation1
2004,2004,250.75545573665363,616.2390862927493,1,2-15km,anticipation1
2004,2005,271.55664853375356,203.54350126713237,1,2-15km,anticipation1
2004,2006,264.37876006273393,272.7659814394941,1,2-15km,anticipation1
2004,2007,13.266128758971377,287.6751743360516,1,2-15km,anticipation1
2004,2008,583.3412926061737,443.55702059876313,1,2-15km,anticipation1
2004,2009,155.42286684953297,388.0925662813646,1,2-15km,anticipation1
2004,2010,66.25575028485767,215.3261348952785,1,2-15km,anticipation1
2004,2011,412.59841778318975,329.6754254287046,1,2-15km,anticipation1
2004,2012,840.1554421938094,587.3054142092932,1,2-15km,anticipation1
2004,2013,569.7154675591598,133.28278296734396,1,2-15km,anticipation1
2004,2014,1792.857981554131,1263.8325356643015,1,2-15km,anticipation1
2004,2015,484.7536271867785,207.98510738339027,1,2-15km,anticipation1
2004,2016,-193.60191374631665,443.64228000977795,1,2-15km,anticipation1
2004,2017,-770.8554084080322,727.6432458868982,1,2-15km,anticipation1
2004,2018,-590.6226803935513,300.5071403805699,1,2-15km,anticipation1
2004,2019,666.5614232452044,845.7425591981472,1,2-15km,anticipation1
2004,2020,-705.9448554762354,164.7687226443238,1,2-15km,anticipation1
2004,2021,-397.64201898841134,202.44011054043398,1,2-15km,anticipation1
2004,2022,-390.54263113864516,179.52227352453292,1,2-15km,anticipation1
2004,2023,51.60813624214751,266.2617725899268,1,2-15km,anticipation1
2004,2024,-376.93411956778107,94.54096200632729,1,2-15km,anticipation1
2004,2025,165.97953464266095,355.38399408893054,1,2-15km,anticipation1
2005,2002,1064.4596429514322,234.74339455909362,1,2-15km,anticipation1
2005,2003,-207.54672031044993,261.3938733182122,1,2-15km,anticipation1
2005,2004,-921.0278877428744,129.2167540060713,1,2-15km,anticipation1
2005,2005,-105.77504345722616,132.9214361374045,1,2-15km,anticipation1
2005,2006,-562.9334344126801,179.50277440262852,1,2-15km,anticipation1
2005,2007,-774.136104145763,125.64251394174944,1,2-15km,anticipation1
2005,2008,-694.409353279581,152.98445104784867,1,2-15km,anticipation1
2005,2009,-999.6157217969353,153.47874596380626,1,2-15km,anticipation1
2005,2010,-413.0850205606622,157.99432837669076,1,2-15km,anticipation1
2005,2011,-721.1775062543929,149.0195965142123,1,2-15km,anticipation1
2005,2012,-699.699353324497,168.22308569811315,1,2-15km,anticipation1
2005,2013,-140.70506209236592,150.08774715446225,1,2-15km,anticipation1
2005,2014,-271.24096306545795,242.48798166860016,1,2-15km,anticipation1
2005,2015,-219.30058370185031,154.89711230107054,1,2-15km,anticipation1
2005,2016,-986.6801377159677,172.59663664066247,1,2-15km,anticipation1
2005,2017,-1996.7326652607653,308.25880352750784,1,2-15km,anticipation1
2005,2018,-1246.7133225331095,187.57573931595752,1,2-15km,anticipation1
2005,2019,-1033.8687121867183,150.72645505613824,1,2-15km,anticipation1
2005,2020,-1281.7237171046504,164.8685965701548,1,2-15km,anticipation1
2005,2021,-978.1119176777445,169.5718219007875,1,2-15km,anticipation1
2005,2022,-1155.082620025906,148.0415491634958,1,2-15km,anticipation1
2005,2023,-809.0200813997028,153.6774060658712,1,2-15km,anticipation1
2005,2024,-916.0832434492758,161.24999423306105,1,2-15km,anticipation1
2005,2025,-598.9655027063769,144.5325222805673,1,2-15km,anticipation1
2006,2002,77.50297245119395,446.4667077423483,1,2-15km,anticipation1
2006,2003,-1206.461018738504,426.7238826623207,1,2-15km,anticipation1
2006,2004,860.1744578026907,442.30418876564835,1,2-15km,anticipation1
2006,2005,-512.075927794665,423.72532051018277,1,2-15km,anticipation1
2006,2006,-607.7381242253518,463.3495535656348,1,2-15km,anticipation1
2006,2007,-859.856832870169,493.5230959421359,1,2-15km,anticipation1
2006,2008,-843.809773140363,551.0930964867596,1,2-15km,anticipation1
2006,2009,-541.0316037992957,472.6556451760277,1,2-15km,anticipation1
2006,2010,32.97783188094036,706.4328518108226,1,2-15km,anticipation1
2006,2011,-665.9503448206378,473.5621259704502,1,2-15km,anticipation1
2006,2012,-664.5127265068438,524.8746666460108,1,2-15km,anticipation1
2006,2013,-622.0987878327326,476.5265695181268,1,2-15km,anticipation1
2006,2014,-933.2076029275212,450.13189665375484,1,2-15km,anticipation1
2006,2015,-743.8586815247534,483.96113745980733,1,2-15km,anticipation1
2006,2016,-1296.9493904250483,501.39092402756677,1,2-15km,anticipation1
2006,2017,-679.4248438651571,724.5677904198948,1,2-15km,anticipation1
2006,2018,-1665.0147240909307,481.52094755817797,1,2-15km,anticipation1
2006,2019,-1587.8083453780885,419.6316749494239,1,2-15km,anticipation1
2006,2020,-2113.5290994670872,446.1289349421973,1,2-15km,anticipation1
2006,2021,-1686.6371023461868,446.7956102389351,1,2-15km,anticipation1
2006,2022,-2113.400343785214,427.08090657555283,1,2-15km,anticipation1
2006,2023,-1055.0664783602272,469.5335825022891,1,2-15km,anticipation1
2006,2024,-1146.3920637178621,498.15067900086405,1,2-15km,anticipation1
2006,2025,-1159.7078621052394,437.592948978059,1,2-15km,anticipation1
2007,2002,305.34872450135464,77.14334167573911,1,2-15km,anticipation1
2007,2003,174.82134275512828,57.7950187199226,1,2-15km,anticipation1
2007,2004,-870.3663288583316,59.13286845556356,1,2-15km,anticipation1
2007,2005,439.52815004549274,51.8924405881016,1,2-15km,anticipation1
2007,2006,-132.3858569311121,48.52443635001882,1,2-15km,anticipation1
2007,2007,-323.6689194934351,47.91117165544611,1,2-15km,anticipation1
2007,2008,219.82505198157992,66.20557359957976,1,2-15km,anticipation1
2007,2009,-341.9300817002975,55.559371923075496,1,2-15km,anticipation1
2007,2010,240.93460172807335,60.22790980138268,1,2-15km,anticipation1
2007,2011,-42.02157572439392,47.94748509029039,1,2-15km,anticipation1
2007,2012,-155.4934403020244,61.4243956431061,1,2-15km,anticipation1
2007,2013,516.7852108472588,44.44600769653313,1,2-15km,anticipation1
2007,2014,110.36938951284256,44.5386093417215,1,2-15km,anticipation1
2007,2015,331.8727372943723,39.823863106067876,1,2-15km,anticipation1
2007,2016,-541.1072659495508,50.10596496729286,1,2-15km,anticipation1
2007,2017,-1507.6249116371578,68.36609180293762,1,2-15km,anticipation1
2007,2018,-1022.8589201733976,49.37057498340433,1,2-15km,anticipation1
2007,2019,-282.0818265936714,54.96310479458357,1,2-15km,anticipation1
2007,2020,-662.9167833447881,55.56296325446824,1,2-15km,anticipation1
2007,2021,-391.3947977087243,53.69546553050325,1,2-15km,anticipation1
2007,2022,-338.00773878082117,59.704842723328326,1,2-15km,anticipation1
2007,2023,-161.69619322722033,46.69316347960635,1,2-15km,anticipation1
2007,2024,-255.54458452734133,51.1723250468194,1,2-15km,anticipation1
2007,2025,23.240369081691114,51.76915690074572,1,2-15km,anticipation1
2008,2002,982.0646243762393,198.1429388662854,1,2-15km,anticipation1
2008,2003,0.5312662213930253,202.32844958391615,1,2-15km,anticipation1
2008,2004,-801.8748801812424,180.65405340052448,1,2-15km,anticipation1
2008,2005,82.80259727609445,167.97954324963774,1,2-15km,anticipation1
2008,2006,-227.12006718894304,143.30040626918665,1,2-15km,anticipation1
2008,2007,-569.1321603554325,116.70937558678452,1,2-15km,anticipation1
2008,2008,-327.24646204413216,114.06485654318207,1,2-15km,anticipation1
2008,2009,-218.25370721446188,129.24203447242684,1,2-15km,anticipation1
2008,2010,-67.72898064778653,146.09753925401873,1,2-15km,anticipation1
2008,2011,-40.36916335772649,148.0884393614023,1,2-15km,anticipation1
2008,2012,-595.064306561577,118.64839680718359,1,2-15km,anticipation1
2008,2013,-15.16575745170428,114.29341385732747,1,2-15km,anticipation1
2008,2014,-366.2650589368919,113.12901293377355,1,2-15km,anticipation1
2008,2015,-102.12394496143509,116.63259131961718,1,2-15km,anticipation1
2008,2016,-825.2095199375232,124.83848995020148,1,2-15km,anticipation1
2008,2017,-469.6504986523646,226.37678751667107,1,2-15km,anticipation1
2008,2018,-910.0883455492007,142.78022058565963,1,2-15km,anticipation1
2008,2019,-447.0584000238059,127.58681454949792,1,2-15km,anticipation1
2008,2020,-331.03972416234166,164.45550953872896,1,2-15km,anticipation1
2008,2021,-672.8514293626287,130.30152447705032,1,2-15km,anticipation1
2008,2022,-805.201815589422,122.41762682483605,1,2-15km,anticipation1
2008,2023,-221.18230968076898,131.73406921492483,1,2-15km,anticipation1
2008,2024,-633.8611999929483,121.79529677703137,1,2-15km,anticipation1
2008,2025,-225.9284239917111,135.72820737432752,1,2-15km,anticipation1
2009,2002,492.37954322140104,56.165356999940634,1,2-15km,anticipation1
2009,2003,100.60142492998563,50.22128998205595,1,2-15km,anticipation1
2009,2004,-607.6500257423135,55.468297064571914,1,2-15km,anticipation1
2009,2005,275.10764790878704,55.69058334607493,1,2-15km,anticipation1
2009,2006,-228.5251859434725,46.936880132449595,1,2-15km,anticipation1
2009,2007,-284.0003260676755,47.6071960922567,1,2-15km,anticipation1
2009,2008,420.8064925153403,49.622445916619675,1,2-15km,anticipation1
2009,2009,210.46544451954037,56.959154234154454,1,2-15km,anticipation1
2009,2010,677.1013336074876,64.97439237599154,1,2-15km,anticipation1
2009,2011,407.3301096816453,50.35981027719191,1,2-15km,anticipation1
2009,2012,181.6468618625803,53.44248922458991,1,2-15km,anticipation1
2009,2013,1004.7912747765735,46.578619264562136,1,2-15km,anticipation1
2009,2014,618.6205104282349,48.83444107636812,1,2-15km,anticipation1
2009,2015,871.6464910737725,45.7655902134938,1,2-15km,anticipation1
2009,2016,294.47491246354804,65.6770492317062,1,2-15km,anticipation1
2009,2017,-982.9626971153258,66.56909642742855,1,2-15km,anticipation1
2009,2018,-368.4083902428958,58.45001003313717,1,2-15km,anticipation1
2009,2019,258.71782548811666,51.388945658162385,1,2-15km,anticipation1
2009,2020,83.42056709267952,60.035371481628054,1,2-15km,anticipation1
2009,2021,169.63850906977638,58.991353826523,1,2-15km,anticipation1
2009,2022,216.7145303313613,53.58154816815501,1,2-15km,anticipation1
2009,2023,540.4876677176406,53.73927696734175,1,2-15km,anticipation1
2009,2024,348.0045232498041,53.65138792124865,1,2-15km,anticipation1
2009,2025,579.5653449136216,56.850566589332594,1,2-15km,anticipation1
2010,2002,393.25976532962864,193.3772385105058,1,2-15km,anticipation1
2010,2003,-285.82205458997106,148.49332739406458,1,2-15km,anticipation1
2010,2004,-146.59715041174059,119.14033483036884,1,2-15km,anticipation1
2010,2005,-15.544639175320128,125.5584492778498,1,2-15km,anticipation1
2010,2006,538.6973510986077,168.10741799172723,1,2-15km,anticipation1
2010,2007,-1048.5206603648685,166.0871660830974,1,2-15km,anticipation1
2010,2008,638.8231359899712,116.81522235313581,1,2-15km,anticipation1
2010,2009,161.85227246462654,151.13661042209733,1,2-15km,anticipation1
2010,2010,135.97791460353176,150.5571335410454,1,2-15km,anticipation1
2010,2011,274.02580323566383,165.21184467521115,1,2-15km,anticipation1
2010,2012,-50.57101849945366,143.1278252094344,1,2-15km,anticipation1
2010,2013,461.5155484740958,134.11929224601755,1,2-15km,anticipation1
2010,2014,-65.10542018616087,169.36029237437322,1,2-15km,anticipation1
2010,2015,139.96680648627284,127.24361045135625,1,2-15km,anticipation1
2010,2016,-477.2621110813043,188.9784178218312,1,2-15km,anticipation1
2010,2017,-1471.9819928658926,204.52766157337277,1,2-15km,anticipation1
2010,2018,-1366.0439443724754,122.01919374838413,1,2-15km,anticipation1
2010,2019,-687.5339579268864,116.76002430244728,1,2-15km,anticipation1
2010,2020,-984.4795780552373,126.8424064017377,1,2-15km,anticipation1
2010,2021,-681.8180545342611,173.03696429853355,1,2-15km,anticipation1
2010,2022,-668.2455390399989,143.49734932782155,1,2-15km,anticipation1
2010,2023,-243.70966945561057,151.56145291814818,1,2-15km,anticipation1
2010,2024,156.1831515008672,252.1382695263554,1,2-15km,anticipation1
2010,2025,-211.64106631011077,154.36467113901455,1,2-15km,anticipation1
2011,2002,208.64235231457712,101.66869558376415,1,2-15km,anticipation1
2011,2003,75.00225213217004,98.20318449569001,1,2-15km,anticipation1
2011,2004,775.1055064562978,129.06373553785386,1,2-15km,anticipation1
2011,2005,-666.2676075153322,136.6152174739669,1,2-15km,anticipation1
2011,2006,88.60340274628129,128.8631625092291,1,2-15km,anticipation1
2011,2007,166.24454736601638,136.3557624061978,1,2-15km,anticipation1
2011,2008,-778.5526424097154,141.40507914249187,1,2-15km,anticipation1
2011,2009,500.391529408111,125.43078091986996,1,2-15km,anticipation1
2011,2010,-185.42721918787817,128.9783264956267,1,2-15km,anticipation1
2011,2011,-1039.3226242570222,119.60206694495697,1,2-15km,anticipation1
2011,2012,-986.4062055861525,136.9893325768643,1,2-15km,anticipation1
2011,2013,-905.9157613585724,125.9397836681004,1,2-15km,anticipation1
2011,2014,-634.4150281351737,158.7101469942118,1,2-15km,anticipation1
2011,2015,-676.6320498196269,130.83100799596275,1,2-15km,anticipation1
2011,2016,-1219.2281124830915,145.2840294415074,1,2-15km,anticipation1
2011,2017,-439.18911055277454,166.02550532355272,1,2-15km,anticipation1
2011,2018,-1042.227419534116,148.83337774336945,1,2-15km,anticipation1
2011,2019,-924.2397481429864,136.18472397939826,1,2-15km,anticipation1
2011,2020,-1322.3675049441524,133.7471032690899,1,2-15km,anticipation1
2011,2021,-930.7760256565887,138.087977152302,1,2-15km,anticipation1
2011,2022,-1313.6821656686327,133.15086321403524,1,2-15km,anticipation1
2011,2023,-1075.2370819092112,127.64407385684598,1,2-15km,anticipation1
2011,2024,-1266.5595702015205,140.74445063284756,1,2-15km,anticipation1
2011,2025,-789.5332684514958,138.2409845922637,1,2-15km,anticipation1
2012,2002,-432.6373445755635,264.7926977524573,1,2-15km,anticipation1
2012,2003,1555.5812212523938,276.53649773053644,1,2-15km,anticipation1
2012,2004,-1444.5770775243793,270.6711174360212,1,2-15km,anticipation1
2012,2005,875.1405749394114,247.2676925410867,1,2-15km,anticipation1
2012,2006,-914.5587120888349,322.35485657372885,1,2-15km,anticipation1
2012,2007,-59.80283428977805,187.55581246635612,1,2-15km,anticipation1
2012,2008,632.0372683017999,203.78998790828425,1,2-15km,anticipation1
2012,2009,-176.36609687567972,343.4082106908346,1,2-15km,anticipation1
2012,2010,387.23547945420364,362.47845874290294,1,2-15km,anticipation1
2012,2011,-605.3978458356708,227.53837183400108,1,2-15km,anticipation1
2012,2012,-998.8975777827166,183.43523646300875,1,2-15km,anticipation1
2012,2013,-378.2025055994052,198.92006191455746,1,2-15km,anticipation1
2012,2014,-630.7937043967424,201.71864912033712,1,2-15km,anticipation1
2012,2015,136.87266492537594,255.74710059446963,1,2-15km,anticipation1
2012,2016,-837.8972079831468,305.2702108817868,1,2-15km,anticipation1
2012,2017,-1438.273323941568,299.02454064957976,1,2-15km,anticipation1
2012,2018,-287.3126190837286,420.4748114336738,1,2-15km,anticipation1
2012,2019,-250.42682890726383,324.86036080211886,1,2-15km,anticipation1
2012,2020,-1012.9558017293525,241.22791938450345,1,2-15km,anticipation1
2012,2021,-535.1100810077648,298.1344396243082,1,2-15km,anticipation1
2012,2022,-1113.7503403744745,216.66463577667994,1,2-15km,anticipation1
2012,2023,-435.64359587014246,245.3167551533136,1,2-15km,anticipation1
2012,2024,-679.5855246345155,256.6957532371112,1,2-15km,anticipation1
2012,2025,-430.3050776404657,290.6904750908063,1,2-15km,anticipation1
2013,2002,337.08952899558005,136.21734044576368,1,2-15km,anticipation1
2013,2003,769.0486219966776,197.2711235377369,1,2-15km,anticipation1
2013,2004,-1429.0532414999652,219.4992221253035,1,2-15km,anticipation1
2013,2005,647.2305047802281,163.9052759297098,1,2-15km,anticipation1
2013,2006,71.63379248852152,233.19853981493557,1,2-15km,anticipation1
2013,2007,-448.5239983803219,234.15240952832093,1,2-15km,anticipation1
2013,2008,751.1961293205015,195.75355247967545,1,2-15km,anticipation1
2013,2009,-612.8779912913001,201.6536358387165,1,2-15km,anticipation1
2013,2010,105.12211455631262,179.50635045837117,1,2-15km,anticipation1
2013,2011,160.2921599552078,185.3959820817309,1,2-15km,anticipation1
2013,2012,-184.01490948492022,199.24617474815764,1,2-15km,anticipation1
2013,2013,258.8339599497802,195.47684237153464,1,2-15km,anticipation1
2013,2014,388.061904767981,276.3929473955357,1,2-15km,anticipation1
2013,2015,470.2802740889392,190.77895696547992,1,2-15km,anticipation1
2013,2016,24443.338410327353,2620.43818949945,1,2-15km,anticipation1
2013,2017,-971.7963543755191,249.28622307618164,1,2-15km,anticipation1
2013,2018,-889.5356672442866,221.9659762334232,1,2-15km,anticipation1
2013,2019,1567.787462094201,712.4995443983616,1,2-15km,anticipation1
2013,2020,-782.8771113486125,194.03352773688482,1,2-15km,anticipation1
2013,2021,-278.13936635457026,249.19046530772874,1,2-15km,anticipation1
2013,2022,-455.85080584146533,196.040594567182,1,2-15km,anticipation1
2013,2023,-128.01776673872314,206.91841307824453,1,2-15km,anticipation1
2013,2024,-587.6976778533228,184.40355836132986,1,2-15km,anticipation1
2013,2025,-16.029236927124117,191.50908237058263,1,2-15km,anticipation1
2014,2002,-1765.9295492970477,516.2587104486008,1,2-15km,anticipation1
2014,2003,-129.9847825586504,145.84616040318105,1,2-15km,anticipation1
2014,2004,-205.0746416655693,230.5198429779783,1,2-15km,anticipation1
2014,2005,18.126406043756447,239.8770943686699,1,2-15km,anticipation1
2014,2006,-35.9702598396627,160.7039434304241,1,2-15km,anticipation1
2014,2007,1887.680282113123,458.07936927949055,1,2-15km,anticipation1
2014,2008,-778.9105034585698,717.1630656246731,1,2-15km,anticipation1
2014,2009,-710.3845359579007,728.8710911337093,1,2-15km,anticipation1
2014,2010,-289.7870601559129,227.07493887361568,1,2-15km,anticipation1
2014,2011,-11.934428720313122,268.3440201096321,1,2-15km,anticipation1
2014,2012,179.13094261298306,286.7435085102981,1,2-15km,anticipation1
2014,2013,375.25381286395566,270.88122777716166,1,2-15km,anticipation1
2014,2014,-53.51967425061639,260.9959593355206,1,2-15km,anticipation1
2014,2015,606.2006511332582,348.671296619959,1,2-15km,anticipation1
2014,2016,-303.0005714614001,404.7889390449934,1,2-15km,anticipation1
2014,2017,-1521.474362843453,454.14694493173687,1,2-15km,anticipation1
2014,2018,-1356.6429142661689,238.30172810087086,1,2-15km,anticipation1
2014,2019,317.30479116773995,550.4069056286147,1,2-15km,anticipation1
2014,2020,-844.3390089741325,239.71472526094303,1,2-15km,anticipation1
2014,2021,-196.1864974090911,213.03466771583922,1,2-15km,anticipation1
2014,2022,-486.417202720814,283.0887707825369,1,2-15km,anticipation1
2014,2023,-524.3615790968976,233.0679037310622,1,2-15km,anticipation1
2014,2024,-681.2693792087662,229.17028286016713,1,2-15km,anticipation1
2014,2025,193.67881345350202,416.8129644307214,1,2-15km,anticipation1
2018,2002,51.42372853826737,83.6460271754564,1,2-15km,anticipation1
2018,2003,93.55898866732474,70.78955822864275,1,2-15km,anticipation1
2018,2004,-161.73609388400155,96.83002066060585,1,2-15km,anticipation1
2018,2005,36.19708433705591,101.08740541302477,1,2-15km,anticipation1
2018,2006,377.55910898871537,120.47136210797666,1,2-15km,anticipation1
2018,2007,-601.7229028728284,117.27137350195328,1,2-15km,anticipation1
2018,2008,295.8148742491085,98.16920694248432,1,2-15km,anticipation1
2018,2009,-148.14937782728805,97.48257908844529,1,2-15km,anticipation1
2018,2010,546.0225563161337,112.38234524539313,1,2-15km,anticipation1
2018,2011,-441.19001147583776,103.45871302732448,1,2-15km,anticipation1
2018,2012,-147.61923835115005,82.96783742784048,1,2-15km,anticipation1
2018,2013,346.4693844199603,70.70581482328929,1,2-15km,anticipation1
2018,2014,-84.53515052843727,76.38819097682708,1,2-15km,anticipation1
2018,2015,127.72380251963818,86.77754226469038,1,2-15km,anticipation1
2018,2016,-786.7929595875348,82.69786119519472,1,2-15km,anticipation1
2018,2017,-491.0576495593359,104.68371875121194,1,2-15km,anticipation1
2018,2018,-445.9398440736252,94.16982559085731,1,2-15km,anticipation1
2018,2019,170.44180295472165,86.08306194170098,1,2-15km,anticipation1
2018,2020,-84.60565908355204,97.62757872010427,1,2-15km,anticipation1
2018,2021,241.2157276476066,107.82189337727503,1,2-15km,anticipation1
2018,2022,187.17969111641554,94.91136565161874,1,2-15km,anticipation1
2018,2023,513.252922119784,94.15530654829846,1,2-15km,anticipation1
2018,2024,260.24697486178985,105.59947346892983,1,2-15km,anticipation1
2018,2025,341.8004868501017,86.14313767891649,1,2-15km,anticipation1
2019,2002,1825.4806429300584,1130.9670492489356,1,2-15km,anticipation1
2019,2003,-784.8895047192104,1100.9947888926124,1,2-15km,anticipation1
2019,2004,1630.6769529406681,2477.4149513722537,1,2-15km,anticipation1
2019,2005,-237.62880550904708,1877.1797746816728,1,2-15km,anticipation1
2019,2006,-2070.7550634769013,1467.2050945033375,1,2-15km,anticipation1
2019,2007,1111.8836517982343,920.6576178301374,1,2-15km,anticipation1
2019,2008,-716.0882280897972,1171.010700283373,1,2-15km,anticipation1
2019,2009,4544.226447702072,3265.8019459476427,1,2-15km,anticipation1
2019,2010,-4531.125684382752,3156.8088274777247,1,2-15km,anticipation1
2019,2011,2113.7491743182372,1073.428174371615,1,2-15km,anticipation1
2019,2012,-610.8492051957107,1151.4961799899038,1,2-15km,anticipation1
2019,2013,-389.43375138471197,711.0924644635061,1,2-15km,anticipation1
2019,2014,-842.9208261392314,284.1347459856021,1,2-15km,anticipation1
2019,2015,594.865580362658,437.9887657842162,1,2-15km,anticipation1
2019,2016,-867.7134782592163,361.436671258956,1,2-15km,anticipation1
2019,2017,1753.9578287483048,1528.3347183496985,1,2-15km,anticipation1
2019,2018,-2657.06939264011,1784.782687046195,1,2-15km,anticipation1
2019,2019,-990.2057407478299,1726.5900887530051,1,2-15km,anticipation1
2019,2020,1649.6681898905742,4080.9168575563885,1,2-15km,anticipation1
2019,2021,-1286.7311231598694,1461.2068824420983,1,2-15km,anticipation1
2019,2022,-217.95636790304684,1681.9431219736482,1,2-15km,anticipation1
2019,2023,-1240.4317083479343,1664.6309473036758,1,2-15km,anticipation1
2019,2024,-1303.843944414339,1698.363612251204,1,2-15km,anticipation1
2019,2025,-841.0077761357456,1557.542019636228,1,2-15km,anticipation1
2020,2002,549.3340076278805,29.747999581592577,1,2-15km,anticipation1
2020,2003,220.01788530230442,27.592660791432095,1,2-15km,anticipation1
2020,2004,-724.2509261156908,46.97801054534944,1,2-15km,anticipation1
2020,2005,281.11270750146673,47.30583412015932,1,2-15km,anticipation1
2020,2006,-38.43177375240728,31.809070051637644,1,2-15km,anticipation1
2020,2007,-258.84612627069055,33.67815063060542,1,2-15km,anticipation1
2020,2008,371.19457705525866,36.20158852360333,1,2-15km,anticipation1
2020,2009,-347.7577164281058,41.308730101237394,1,2-15km,anticipation1
2020,2010,376.7246106605645,40.8197609468198,1,2-15km,anticipation1
2020,2011,20.007819569549213,32.335016572267804,1,2-15km,anticipation1
2020,2012,-375.35242933041565,34.6516579058057,1,2-15km,anticipation1
2020,2013,1021.1310457118559,34.713050215736,1,2-15km,anticipation1
2020,2014,-539.2015293787352,28.532899131562743,1,2-15km,anticipation1
2020,2015,327.5461045843723,23.470826062780922,1,2-15km,anticipation1
2020,2016,-1053.3288230870849,33.47218986505866,1,2-15km,anticipation1
2020,2017,-874.3401258528061,59.78996442873544,1,2-15km,anticipation1
2020,2018,1445.3797848871386,114.4978895399961,1,2-15km,anticipation1
2020,2019,185.7055710768467,109.20304024020045,1,2-15km,anticipation1
2020,2020,71.08921938031904,134.08368733642564,1,2-15km,anticipation1
2020,2021,272.5648433678498,132.4599211346465,1,2-15km,anticipation1
2020,2022,444.857796189336,137.07575776197987,1,2-15km,anticipation1
2020,2023,204.752575238693,119.3372603568896,1,2-15km,anticipation1
2020,2024,460.40678215196203,131.21015616373762,1,2-15km,anticipation1
2020,2025,396.11667431007345,120.43893058349083,1,2-15km,anticipation1
2021,2002,401.0490681979477,231.55685864100738,1,2-15km,anticipation1
2021,2003,-625.454396301921,219.16871023319038,1,2-15km,anticipation1
2021,2004,1839.2769369266437,350.03163393227413,1,2-15km,anticipation1
2021,2005,-1302.5074306077013,364.52967926265717,1,2-15km,anticipation1
2021,2006,-199.13326291036586,254.65813712082974,1,2-15km,anticipation1
2021,2007,-310.33383162625637,234.0515078381584,1,2-15km,anticipation1
2021,2008,-173.85786800315975,186.0960209414344,1,2-15km,anticipation1
2021,2009,211.94895763330106,215.76427431725952,1,2-15km,anticipation1
2021,2010,-168.88955809656886,194.77104498212535,1,2-15km,anticipation1
2021,2011,357.0065427950485,180.37904831351022,1,2-15km,anticipation1
2021,2012,532.7771833874447,226.54964556465575,1,2-15km,anticipation1
2021,2013,-927.2772589806025,233.29918948714823,1,2-15km,anticipation1
2021,2014,100.7366526255758,133.052197311705,1,2-15km,anticipation1
2021,2015,109.1218673076292,167.80763565857075,1,2-15km,anticipation1
2021,2016,-365.68810869690583,185.2343905368066,1,2-15km,anticipation1
2021,2017,756.9415330007203,269.051306061394,1,2-15km,anticipation1
2021,2018,-959.8340419882427,290.058409439443,1,2-15km,anticipation1
2021,2019,154.00277382427237,186.42938601700493,1,2-15km,anticipation1
2021,2020,-565.0098894536616,145.83695282681245,1,2-15km,anticipation1
2021,2021,-263.6363433091242,165.29476271366315,1,2-15km,anticipation1
2021,2022,-158.62994362871973,173.09183974894748,1,2-15km,anticipation1
2021,2023,425.5282997133704,180.8706497661569,1,2-15km,anticipation1
2021,2024,24.30797387623103,161.45233621674637,1,2-15km,anticipation1
2021,2025,354.62071022219425,213.5370361428947,1,2-15km,anticipation1
2024,2002,-450.5906407903067,90.48626732516166,1,2-15km,anticipation1
2024,2003,931.6790867935513,72.15891477072768,1,2-15km,anticipation1
2024,2004,-1050.6015841806764,101.99556403036063,1,2-15km,anticipation1
2024,2005,422.92557511631776,96.63218081282291,1,2-15km,anticipation1
2024,2006,-182.41268639592275,93.23963469184076,1,2-15km,anticipation1
2024,2007,111.86912863807669,100.78739671021047,1,2-15km,anticipation1
2024,2008,-278.24832678202864,91.32195450439046,1,2-15km,anticipation1
2024,2009,-0.23946981261832434,80.21954862924706,1,2-15km,anticipation1
2024,2010,538.0101378554746,85.68041806266889,1,2-15km,anticipation1
2024,2011,-668.1140674745385,71.31886916085803,1,2-15km,anticipation1
2024,2012,320.4957566068608,69.53522824145526,1,2-15km,anticipation1
2024,2013,74.55408804789874,65.08569721398884,1,2-15km,anticipation1
2024,2014,3.9129579427093404,56.37969311885581,1,2-15km,anticipation1
2024,2015,159.47252279606278,72.33841872428127,1,2-15km,anticipation1
2024,2016,-31.15371399566584,100.83826221616943,1,2-15km,anticipation1
2024,2017,-369.60762438327765,120.42237639896562,1,2-15km,anticipation1
2024,2018,-599.9366306193144,99.76400383872267,1,2-15km,anticipation1
2024,2019,298.59503374916756,66.87376500327835,1,2-15km,anticipation1
2024,2020,-270.5040611132177,63.43718561793029,1,2-15km,anticipation1
2024,2021,211.42602501214327,69.24092454903024,1,2-15km,anticipation1
2024,2022,131.97484103058252,62.04899945647081,1,2-15km,anticipation1
2024,2023,473.47836453304865,71.06833129451574,1,2-15km,anticipation1
2024,2024,-103.38483925784564,63.65702020977996,1,2-15km,anticipation1
2024,2025,184.96452109763692,67.182440464717,1,2-15km,anticipation1
2025,2002,497.75571897225984,241.45765952904742,1,2-15km,anticipation1
2025,2003,180.49119461301416,220.4259927659612,1,2-15km,anticipation1
2025,2004,543.6943086920567,217.99270246082324,1,2-15km,anticipation1
2025,2005,-292.7982483329409,237.57895809752983,1,2-15km,anticipation1
2025,2006,777.1734733113897,290.4309479906209,1,2-15km,anticipation1
2025,2007,-850.5755094312531,330.90166043831255,1,2-15km,anticipation1
2025,2008,31.375436104631206,306.7591690780546,1,2-15km,anticipation1
2025,2009,-517.9908819716566,243.62497890772494,1,2-15km,anticipation1
2025,2010,852.4500639715739,244.64683640271625,1,2-15km,anticipation1
2025,2011,174.8343117387983,284.85257678490086,1,2-15km,anticipation1
2025,2012,-1003.8089868279583,259.050965219773,1,2-15km,anticipation1
2025,2013,-655.5625717831392,219.8626225866909,1,2-15km,anticipation1
2025,2014,294.6136852321909,189.5919645738323,1,2-15km,anticipation1
2025,2015,111.19541588777594,148.119691271697,1,2-15km,anticipation1
2025,2016,806.7672681174629,214.96779866420786,1,2-15km,anticipation1
2025,2017,349.7367734787156,292.96925304058954,1,2-15km,anticipation1
2025,2018,269.9782493789153,301.0417880427732,1,2-15km,anticipation1
2025,2019,-371.69264351706033,328.2351217164308,1,2-15km,anticipation1
2025,2020,-125.83679391236728,295.28465753743967,1,2-15km,anticipation1
2025,2021,-653.4277220978718,258.2868461474342,1,2-15km,anticipation1
2025,2022,313.09442768462327,304.50320994576015,1,2-15km,anticipation1
2025,2023,-416.0137495433405,290.33861508955215,1,2-15km,anticipation1
2025,2024,-1175.716359858686,176.58888435360905,1,2-15km,anticipation1
2025,2025,-397.0884700769391,198.0246446884216,1,2-15km,anticipation1
2013,2002,359.05545478963313,,0,2-15km,dr_geography
2013,2003,1092.5522414685688,,0,2-15km,dr_geography
2013,2004,55.34873274256725,,0,2-15km,dr_geography
2013,2005,334.6882263299512,,0,2-15km,dr_geography
2013,2006,507.8579967980228,,0,2-15km,dr_geography
2013,2007,221.78180261197693,,0,2-15km,dr_geography
2013,2008,876.553651669172,,0,2-15km,dr_geography
2013,2009,152.18331616689096,,0,2-15km,dr_geography
2013,2010,293.3904415775298,,0,2-15km,dr_geography
2013,2011,367.3842984414827,,0,2-15km,dr_geography
2013,2012,0.0,,0,2-15km,dr_geography
2013,2013,592.1395996565813,,0,2-15km,dr_geography
2013,2014,900.1676080374143,,0,2-15km,dr_geography
2013,2015,926.6687227082026,,0,2-15km,dr_geography
2013,2016,25335.31110310502,,0,2-15km,dr_geography
2013,2017,13.883018065117447,,0,2-15km,dr_geography
2013,2018,375.56937234589384,,0,2-15km,dr_geography
2013,2019,2374.1261457849587,,0,2-15km,dr_geography
2013,2020,396.82326096685625,,0,2-15km,dr_geography
2013,2021,730.1055463743987,,0,2-15km,dr_geography
2013,2022,475.1577028936888,,0,2-15km,dr_geography
2013,2023,301.5183616696128,,0,2-15km,dr_geography
2013,2024,-39.5923856836374,,0,2-15km,dr_geography
2013,2025,434.57880437154336,,0,2-15km,dr_geography
2014,2002,-392.5301933682279,,0,2-15km,dr_geography
2014,2003,-613.2810646307717,,0,2-15km,dr_geography
2014,2004,-523.1084063910072,,0,2-15km,dr_geography
2014,2005,-774.9438797874323,,0,2-15km,dr_geography
2014,2006,-692.4900553896066,,0,2-15km,dr_geography
2014,2007,1258.7589146510797,,0,2-15km,dr_geography
2014,2008,407.3102499097766,,0,2-15km,dr_geography
2014,2009,-416.05594980453947,,0,2-15km,dr_geography
2014,2010,-522.0167266780635,,0,2-15km,dr_geography
2014,2011,-459.27572159564204,,0,2-15km,dr_geography
2014,2012,-390.2799486283576,,0,2-15km,dr_geography
2014,2013,0.0,,0,2-15km,dr_geography
2014,2014,-300.39723513276283,,0,2-15km,dr_geography
2014,2015,293.63604433142166,,0,2-15km,dr_geography
2014,2016,-165.1670211479564,,0,2-15km,dr_geography
2014,2017,-1074.7551884838024,,0,2-15km,dr_geography
2014,2018,-715.7768005189535,,0,2-15km,dr_geography
2014,2019,432.0591213243617,,0,2-15km,dr_geography
2014,2020,-252.23245271501915,,0,2-15km,dr_geography
2014,2021,81.53572117194449,,0,2-15km,dr_geography
2014,2022,-260.1848645393052,,0,2-15km,dr_geography
2014,2023,-850.9019885520487,,0,2-15km,dr_geography
2014,2024,-730.2577720902397,,0,2-15km,dr_geography
2014,2025,-31.52113294642748,,0,2-15km,dr_geography
2018,2002,960.8500849590064,,0,2-15km,dr_geography
2018,2003,1073.8980746826035,,0,2-15km,dr_geography
2018,2004,1022.8827917672156,,0,2-15km,dr_geography
2018,2005,919.917947843275,,0,2-15km,dr_geography
2018,2006,1319.1881218806607,,0,2-15km,dr_geography
2018,2007,763.9712695805824,,0,2-15km,dr_geography
2018,2008,1018.0451690502148,,0,2-15km,dr_geography
2018,2009,853.6943137811489,,0,2-15km,dr_geography
2018,2010,1372.6639068502368,,0,2-15km,dr_geography
2018,2011,866.3486328395901,,0,2-15km,dr_geography
2018,2012,629.1152592837916,,0,2-15km,dr_geography
2018,2013,1055.6051146669547,,0,2-15km,dr_geography
2018,2014,1039.5387171993268,,0,2-15km,dr_geography
2018,2015,1162.7725783539372,,0,2-15km,dr_geography
2018,2016,526.9586941367345,,0,2-15km,dr_geography
2018,2017,0.0,,0,2-15km,dr_geography
2018,2018,132.07648619626485,,0,2-15km,dr_geography
2018,2019,572.2766562884832,,0,2-15km,dr_geography
2018,2020,386.66646096983305,,0,2-15km,dr_geography
2018,2021,690.6483894006127,,0,2-15km,dr_geography
2018,2022,620.010827760785,,0,2-15km,dr_geography
2018,2023,822.3473516117126,,0,2-15km,dr_geography
2018,2024,542.6971020989386,,0,2-15km,dr_geography
2018,2025,616.8052278283495,,0,2-15km,dr_geography
2019,2002,1584.7112366245435,,0,2-15km,dr_geography
2019,2003,868.7755564096713,,0,2-15km,dr_geography
2019,2004,2568.3851989152804,,0,2-15km,dr_geography
2019,2005,2114.557920770256,,0,2-15km,dr_geography
2019,2006,74.38540641437461,,0,2-15km,dr_geography
2019,2007,1230.3563111850806,,0,2-15km,dr_geography
2019,2008,502.7352341051077,,0,2-15km,dr_geography
2019,2009,4920.958652608211,,0,2-15km,dr_geography
2019,2010,476.16577827553834,,0,2-15km,dr_geography
2019,2011,2485.098469191962,,0,2-15km,dr_geography
2019,2012,1806.9885655413582,,0,2-15km,dr_geography
2019,2013,1634.3712637335987,,0,2-15km,dr_geography
2019,2014,878.1149536113992,,0,2-15km,dr_geography
2019,2015,1496.8818557446534,,0,2-15km,dr_geography
2019,2016,820.7925854635959,,0,2-15km,dr_geography
2019,2017,2438.4271958163913,,0,2-15km,dr_geography
2019,2018,0.0,,0,2-15km,dr_geography
2019,2019,1332.894250059034,,0,2-15km,dr_geography
2019,2020,4193.689689108979,,0,2-15km,dr_geography
2019,2021,1193.5214510133758,,0,2-15km,dr_geography
2019,2022,2239.3084931374756,,0,2-15km,dr_geography
2019,2023,970.8744726175559,,0,2-15km,dr_geography
2019,2024,989.5094365343286,,0,2-15km,dr_geography
2019,2025,1394.6289044678472,,0,2-15km,dr_geography
2020,2002,551.0538720065156,,0,2-15km,dr_geography
2020,2003,587.571262042166,,0,2-15km,dr_geography
2020,2004,-71.633770234671,,0,2-15km,dr_geography
2020,2005,196.10606760038394,,0,2-15km,dr_geography
2020,2006,211.90221996680737,,0,2-15km,dr_geography
2020,2007,-191.00389906687536,,0,2-15km,dr_geography
2020,2008,196.0000041220881,,0,2-15km,dr_geography
2020,2009,-97.9818696140978,,0,2-15km,dr_geography
2020,2010,258.2527252114409,,0,2-15km,dr_geography
2020,2011,108.24338891519761,,0,2-15km,dr_geography
2020,2012,-337.3826892092517,,0,2-15km,dr_geography
2020,2013,635.2963014458508,,0,2-15km,dr_geography
2020,2014,17.20102031068643,,0,2-15km,dr_geography
2020,2015,424.41576888457064,,0,2-15km,dr_geography
2020,2016,-764.8527692023235,,0,2-15km,dr_geography
2020,2017,-1661.8386299857416,,0,2-15km,dr_geography
2020,2018,-533.3990881577668,,0,2-15km,dr_geography
2020,2019,0.0,,0,2-15km,dr_geography
2020,2020,-596.1759965053968,,0,2-15km,dr_geography
2020,2021,-231.37295628488508,,0,2-15km,dr_geography
2020,2022,-88.98724386932881,,0,2-15km,dr_geography
2020,2023,-96.50319690942064,,0,2-15km,dr_geography
2020,2024,-280.9778584272155,,0,2-15km,dr_geography
2020,2025,-58.06579930633636,,0,2-15km,dr_geography
2021,2002,1689.0064087313249,,0,2-15km,dr_geography
2021,2003,1285.6785693599754,,0,2-15km,dr_geography
2021,2004,2872.201533136508,,0,2-15km,dr_geography
2021,2005,1645.4403547570676,,0,2-15km,dr_geography
2021,2006,1407.1788054550946,,0,2-15km,dr_geography
2021,2007,1096.7426547635969,,0,2-15km,dr_geography
2021,2008,925.7890717714548,,0,2-15km,dr_geography
2021,2009,1100.849778468245,,0,2-15km,dr_geography
2021,2010,967.2170577469185,,0,2-15km,dr_geography
2021,2011,1253.5028693737536,,0,2-15km,dr_geography
2021,2012,1732.1014028473678,,0,2-15km,dr_geography
2021,2013,1039.4844091478137,,0,2-15km,dr_geography
2021,2014,1068.361878976877,,0,2-15km,dr_geography
2021,2015,1247.3119476447316,,0,2-15km,dr_geography
2021,2016,588.4360379065336,,0,2-15km,dr_geography
2021,2017,1025.6197597025903,,0,2-15km,dr_geography
2021,2018,369.98457745290443,,0,2-15km,dr_geography
2021,2019,564.5737175451335,,0,2-15km,dr_geography
2021,2020,0.0,,0,2-15km,dr_geography
2021,2021,374.7338698665538,,0,2-15km,dr_geography
2021,2022,505.2801406098214,,0,2-15km,dr_geography
2021,2023,1146.4724815460513,,0,2-15km,dr_geography
2021,2024,793.1568444420035,,0,2-15km,dr_geography
2021,2025,1103.8642859622887,,0,2-15km,dr_geography
2024,2002,-46.66381053910386,,0,2-15km,dr_geography
2024,2003,801.0208618932672,,0,2-15km,dr_geography
2024,2004,-107.99878896549487,,0,2-15km,dr_geography
2024,2005,170.8167826554951,,0,2-15km,dr_geography
2024,2006,89.72234939965932,,0,2-15km,dr_geography
2024,2007,172.787175982337,,0,2-15km,dr_geography
2024,2008,-102.90686151574275,,0,2-15km,dr_geography
2024,2009,-136.93692558777886,,0,2-15km,dr_geography
2024,2010,409.08589926018914,,0,2-15km,dr_geography
2024,2011,-197.8361156015357,,0,2-15km,dr_geography
2024,2012,-7.139317174536254,,0,2-15km,dr_geography
2024,2013,132.06144714445162,,0,2-15km,dr_geography
2024,2014,181.12717202319385,,0,2-15km,dr_geography
2024,2015,299.7482127567039,,0,2-15km,dr_geography
2024,2016,340.4449121536036,,0,2-15km,dr_geography
2024,2017,-152.77520956818063,,0,2-15km,dr_geography
2024,2018,-443.7830010033214,,0,2-15km,dr_geography
2024,2019,-310.4551219279928,,0,2-15km,dr_geography
2024,2020,-409.9691177566371,,0,2-15km,dr_geography
2024,2021,-315.9281851948417,,0,2-15km,dr_geography
2024,2022,-220.2721714362442,,0,2-15km,dr_geography
2024,2023,0.0,,0,2-15km,dr_geography
2024,2024,-429.18391881075127,,0,2-15km,dr_geography
2024,2025,-223.09695647514786,,0,2-15km,dr_geography
2025,2002,460.0107848122673,,0,2-15km,dr_geography
2025,2003,1518.9242567547935,,0,2-15km,dr_geography
2025,2004,1036.1750631781674,,0,2-15km,dr_geography
2025,2005,1419.9471634194792,,0,2-15km,dr_geography
2025,2006,1881.9207134059857,,0,2-15km,dr_geography
2025,2007,1207.9977415960307,,0,2-15km,dr_geography
2025,2008,1136.9004789700023,,0,2-15km,dr_geography
2025,2009,579.6621479145618,,0,2-15km,dr_geography
2025,2010,1587.6437292117776,,0,2-15km,dr_geography
2025,2011,1717.9368999039148,,0,2-15km,dr_geography
2025,2012,673.7386009407852,,0,2-15km,dr_geography
2025,2013,532.8514027253676,,0,2-15km,dr_geography
2025,2014,360.6570171368691,,0,2-15km,dr_geography
2025,2015,740.6037124195083,,0,2-15km,dr_geography
2025,2016,152.04491988631594,,0,2-15km,dr_geography
2025,2017,13.390630844214925,,0,2-15km,dr_geography
2025,2018,1107.7969987590511,,0,2-15km,dr_geography
2025,2019,981.6204220217493,,0,2-15km,dr_geography
2025,2020,841.9753679820701,,0,2-15km,dr_geography
2025,2021,433.73890342524555,,0,2-15km,dr_geography
2025,2022,884.2072764983446,,0,2-15km,dr_geography
2025,2023,949.5376629351281,,0,2-15km,dr_geography
2025,2024,0.0,,0,2-15km,dr_geography
2025,2025,700.7867113348884,,0,2-15km,dr_geography
2013,2002,-9.0242765759097,,1,2-15km,dr_geography_anticipation1
2013,2003,724.3349391406572,,1,2-15km,dr_geography_anticipation1
2013,2004,-310.51560247221636,,1,2-15km,dr_geography_anticipation1
2013,2005,-31.805555669574588,,1,2-15km,dr_geography_anticipation1
2013,2006,141.99776049243718,,1,2-15km,dr_geography_anticipation1
2013,2007,-141.7881324343256,,1,2-15km,dr_geography_anticipation1
2013,2008,507.9683087449505,,1,2-15km,dr_geography_anticipation1
2013,2009,-211.21077758793936,,1,2-15km,dr_geography_anticipation1
2013,2010,-74.72582413008305,,1,2-15km,dr_geography_anticipation1
2013,2011,0.0,,1,2-15km,dr_geography_anticipation1
2013,2012,-367.3842984414827,,1,2-15km,dr_geography_anticipation1
2013,2013,225.6052830086418,,1,2-15km,dr_geography_anticipation1
2013,2014,533.8924597953921,,1,2-15km,dr_geography_anticipation1
2013,2015,559.9492124717281,,1,2-15km,dr_geography_anticipation1
2013,2016,24964.85099317068,,1,2-15km,dr_geography_anticipation1
2013,2017,-352.51304648283326,,1,2-15km,dr_geography_anticipation1
2013,2018,8.92247440666471,,1,2-15km,dr_geography_anticipation1
2013,2019,1995.2131257071294,,1,2-15km,dr_geography_anticipation1
2013,2020,29.727213641188293,,1,2-15km,dr_geography_anticipation1
2013,2021,363.45107146355986,,1,2-15km,dr_geography_anticipation1
2013,2022,108.30030796895208,,1,2-15km,dr_geography_anticipation1
2013,2023,-63.34735626656065,,1,2-15km,dr_geography_anticipation1
2013,2024,-406.3579776652531,,1,2-15km,dr_geography_anticipation1
2013,2025,68.26787451980178,,1,2-15km,dr_geography_anticipation1
2014,2002,0.4550657801365538,,1,2-15km,dr_geography_anticipation1
2014,2003,-223.7575071046163,,1,2-15km,dr_geography_anticipation1
2014,2004,-131.72564629209458,,1,2-15km,dr_geography_anticipation1
2014,2005,-383.69313888899376,,1,2-15km,dr_geography_anticipation1
2014,2006,-300.51681600420045,,1,2-15km,dr_geography_anticipation1
2014,2007,1645.974036616575,,1,2-15km,dr_geography_anticipation1
2014,2008,795.8747797701467,,1,2-15km,dr_geography_anticipation1
2014,2009,-19.54810750732564,,1,2-15km,dr_geography_anticipation1
2014,2010,-133.32281380464633,,1,2-15km,dr_geography_anticipation1
2014,2011,-70.25640319992698,,1,2-15km,dr_geography_anticipation1
2014,2012,0.0,,1,2-15km,dr_geography_anticipation1
2014,2013,390.2799486283576,,1,2-15km,dr_geography_anticipation1
2014,2014,88.77445080288301,,1,2-15km,dr_geography_anticipation1
2014,2015,680.4601197125404,,1,2-15km,dr_geography_anticipation1
2014,2016,223.00950515851903,,1,2-15km,dr_geography_anticipation1
2014,2017,-683.6567322481128,,1,2-15km,dr_geography_anticipation1
2014,2018,-317.18580140840965,,1,2-15km,dr_geography_anticipation1
2014,2019,820.2824470571011,,1,2-15km,dr_geography_anticipation1
2014,2020,138.69603425581138,,1,2-15km,dr_geography_anticipation1
2014,2021,481.1685470961749,,1,2-15km,dr_geography_anticipation1
2014,2022,132.65381965382844,,1,2-15km,dr_geography_anticipation1
2014,2023,-462.82133884401117,,1,2-15km,dr_geography_anticipation1
2014,2024,-338.3227629912332,,1,2-15km,dr_geography_anticipation1
2014,2025,357.39044001429994,,1,2-15km,dr_geography_anticipation1
2018,2002,433.6379389714776,,1,2-15km,dr_geography_anticipation1
2018,2003,546.5429679806056,,1,2-15km,dr_geography_anticipation1
2018,2004,495.7326365686981,,1,2-15km,dr_geography_anticipation1
2018,2005,392.72698697149195,,1,2-15km,dr_geography_anticipation1
2018,2006,791.9769634980528,,1,2-15km,dr_geography_anticipation1
2018,2007,236.6389726142832,,1,2-15km,dr_geography_anticipation1
2018,2008,491.3470933930148,,1,2-15km,dr_geography_anticipation1
2018,2009,326.38142132471154,,1,2-15km,dr_geography_anticipation1
2018,2010,845.6140391416865,,1,2-15km,dr_geography_anticipation1
2018,2011,340.51733045096694,,1,2-15km,dr_geography_anticipation1
2018,2012,101.91899903167516,,1,2-15km,dr_geography_anticipation1
2018,2013,529.0615878016703,,1,2-15km,dr_geography_anticipation1
2018,2014,513.272570267797,,1,2-15km,dr_geography_anticipation1
2018,2015,636.3933896555287,,1,2-15km,dr_geography_anticipation1
2018,2016,0.0,,1,2-15km,dr_geography_anticipation1
2018,2017,-526.9586941367345,,1,2-15km,dr_geography_anticipation1
2018,2018,-394.4359612431073,,1,2-15km,dr_geography_anticipation1
2018,2019,47.851653089818676,,1,2-15km,dr_geography_anticipation1
2018,2020,-140.00775511936476,,1,2-15km,dr_geography_anticipation1
2018,2021,164.12267814273204,,1,2-15km,dr_geography_anticipation1
2018,2022,93.50672567625313,,1,2-15km,dr_geography_anticipation1
2018,2023,295.0104322215747,,1,2-15km,dr_geography_anticipation1
2018,2024,16.21451569264774,,1,2-15km,dr_geography_anticipation1
2018,2025,90.58714099256152,,1,2-15km,dr_geography_anticipation1
2019,2002,-853.7852205102188,,1,2-15km,dr_geography_anticipation1
2019,2003,-1569.76015215314,,1,2-15km,dr_geography_anticipation1
2019,2004,129.9048455478625,,1,2-15km,dr_geography_anticipation1
2019,2005,-323.9334781595931,,1,2-15km,dr_geography_anticipation1
2019,2006,-2364.0881252871104,,1,2-15km,dr_geography_anticipation1
2019,2007,-1208.1244430869815,,1,2-15km,dr_geography_anticipation1
2019,2008,-1935.7776517120292,,1,2-15km,dr_geography_anticipation1
2019,2009,2482.504542296542,,1,2-15km,dr_geography_anticipation1
2019,2010,-1962.3293834521482,,1,2-15km,dr_geography_anticipation1
2019,2011,46.404192979808535,,1,2-15km,dr_geography_anticipation1
2019,2012,-631.4732511574416,,1,2-15km,dr_geography_anticipation1
2019,2013,-804.766160764277,,1,2-15km,dr_geography_anticipation1
2019,2014,-1560.407941049471,,1,2-15km,dr_geography_anticipation1
2019,2015,-941.6319990346213,,1,2-15km,dr_geography_anticipation1
2019,2016,-1617.800816126441,,1,2-15km,dr_geography_anticipation1
2019,2017,0.0,,1,2-15km,dr_geography_anticipation1
2019,2018,-2438.4271958163913,,1,2-15km,dr_geography_anticipation1
2019,2019,-1105.5903892901747,,1,2-15km,dr_geography_anticipation1
2019,2020,1755.3670929222483,,1,2-15km,dr_geography_anticipation1
2019,2021,-1242.8173982845497,,1,2-15km,dr_geography_anticipation1
2019,2022,-197.49879685583517,,1,2-15km,dr_geography_anticipation1
2019,2023,-1467.6514492548654,,1,2-15km,dr_geography_anticipation1
2019,2024,-1448.5766852207075,,1,2-15km,dr_geography_anticipation1
2019,2025,-1043.9059421708878,,1,2-15km,dr_geography_anticipation1
2020,2002,1085.3404971986258,,1,2-15km,dr_geography_anticipation1
2020,2003,1123.1321693378666,,1,2-15km,dr_geography_anticipation1
2020,2004,462.8668505046451,,1,2-15km,dr_geography_anticipation1
2020,2005,730.0216425621248,,1,2-15km,dr_geography_anticipation1
2020,2006,746.8144937506222,,1,2-15km,dr_geography_anticipation1
2020,2007,343.7836865614292,,1,2-15km,dr_geography_anticipation1
2020,2008,734.6803307544503,,1,2-15km,dr_geography_anticipation1
2020,2009,436.3988690912143,,1,2-15km,dr_geography_anticipation1
2020,2010,794.9807964588368,,1,2-15km,dr_geography_anticipation1
2020,2011,640.0208465745964,,1,2-15km,dr_geography_anticipation1
2020,2012,197.45040764816616,,1,2-15km,dr_geography_anticipation1
2020,2013,1164.8214229418513,,1,2-15km,dr_geography_anticipation1
2020,2014,548.6053924505717,,1,2-15km,dr_geography_anticipation1
2020,2015,954.3987464409613,,1,2-15km,dr_geography_anticipation1
2020,2016,-226.86564508108552,,1,2-15km,dr_geography_anticipation1
2020,2017,-1127.923055022806,,1,2-15km,dr_geography_anticipation1
2020,2018,0.0,,1,2-15km,dr_geography_anticipation1
2020,2019,533.3990881577668,,1,2-15km,dr_geography_anticipation1
2020,2020,-61.33878422488827,,1,2-15km,dr_geography_anticipation1
2020,2021,298.11082227576105,,1,2-15km,dr_geography_anticipation1
2020,2022,444.2737977740866,,1,2-15km,dr_geography_anticipation1
2020,2023,438.19259224196685,,1,2-15km,dr_geography_anticipation1
2020,2024,255.39202875571823,,1,2-15km,dr_geography_anticipation1
2020,2025,473.1509213463317,,1,2-15km,dr_geography_anticipation1
2021,2002,1124.5938840328174,,1,2-15km,dr_geography_anticipation1
2021,2003,721.2780137807611,,1,2-15km,dr_geography_anticipation1
2021,2004,2307.9124223470794,,1,2-15km,dr_geography_anticipation1
2021,2005,1080.8666372118198,,1,2-15km,dr_geography_anticipation1
2021,2006,843.0494400909981,,1,2-15km,dr_geography_anticipation1
2021,2007,532.5564722144719,,1,2-15km,dr_geography_anticipation1
2021,2008,361.3431291779909,,1,2-15km,dr_geography_anticipation1
2021,2009,536.4849596610519,,1,2-15km,dr_geography_anticipation1
2021,2010,403.4817689295103,,1,2-15km,dr_geography_anticipation1
2021,2011,685.4472990861475,,1,2-15km,dr_geography_anticipation1
2021,2012,1167.9798181005929,,1,2-15km,dr_geography_anticipation1
2021,2013,474.054287258541,,1,2-15km,dr_geography_anticipation1
2021,2014,502.5296718695968,,1,2-15km,dr_geography_anticipation1
2021,2015,682.1632392487448,,1,2-15km,dr_geography_anticipation1
2021,2016,23.068554332807523,,1,2-15km,dr_geography_anticipation1
2021,2017,461.0460421593798,,1,2-15km,dr_geography_anticipation1
2021,2018,-195.34837624283836,,1,2-15km,dr_geography_anticipation1
2021,2019,0.0,,1,2-15km,dr_geography_anticipation1
2021,2020,-564.5737175451335,,1,2-15km,dr_geography_anticipation1
2021,2021,-190.60509004388453,,1,2-15km,dr_geography_anticipation1
2021,2022,-59.969697491494514,,1,2-15km,dr_geography_anticipation1
2021,2023,582.2229976979415,,1,2-15km,dr_geography_anticipation1
2021,2024,227.79145444930106,,1,2-15km,dr_geography_anticipation1
2021,2025,538.522103498737,,1,2-15km,dr_geography_anticipation1
2024,2002,172.9015187373468,,1,2-15km,dr_geography_anticipation1
2024,2003,1022.5378234946709,,1,2-15km,dr_geography_anticipation1
2024,2004,111.00570794347351,,1,2-15km,dr_geography_anticipation1
2024,2005,390.17751096755563,,1,2-15km,dr_geography_anticipation1
2024,2006,309.1979590979327,,1,2-15km,dr_geography_anticipation1
2024,2007,394.57137589068566,,1,2-15km,dr_geography_anticipation1
2024,2008,119.56226661774217,,1,2-15km,dr_geography_anticipation1
2024,2009,80.48624898764604,,1,2-15km,dr_geography_anticipation1
2024,2010,631.2623404073146,,1,2-15km,dr_geography_anticipation1
2024,2011,23.23273733072535,,1,2-15km,dr_geography_anticipation1
2024,2012,212.56960567178163,,1,2-15km,dr_geography_anticipation1
2024,2013,353.59804665534733,,1,2-15km,dr_geography_anticipation1
2024,2014,402.7348747051003,,1,2-15km,dr_geography_anticipation1
2024,2015,521.6721247052444,,1,2-15km,dr_geography_anticipation1
2024,2016,563.0689878546073,,1,2-15km,dr_geography_anticipation1
2024,2017,66.62585702270476,,1,2-15km,dr_geography_anticipation1
2024,2018,-223.23299646517725,,1,2-15km,dr_geography_anticipation1
2024,2019,-88.91973861751283,,1,2-15km,dr_geography_anticipation1
2024,2020,-190.46932665184224,,1,2-15km,dr_geography_anticipation1
2024,2021,-93.0214472694321,,1,2-15km,dr_geography_anticipation1
2024,2022,0.0,,1,2-15km,dr_geography_anticipation1
2024,2023,220.2721714362442,,1,2-15km,dr_geography_anticipation1
2024,2024,-210.70596442484373,,1,2-15km,dr_geography_anticipation1
2024,2025,-1.5155479598303963,,1,2-15km,dr_geography_anticipation1
2025,2002,-485.16542413346593,,1,2-15km,dr_geography_anticipation1
2025,2003,567.4063179044855,,1,2-15km,dr_geography_anticipation1
2025,2004,89.32691654447535,,1,2-15km,dr_geography_anticipation1
2025,2005,472.00674318994,,1,2-15km,dr_geography_anticipation1
2025,2006,938.1513670326107,,1,2-15km,dr_geography_anticipation1
2025,2007,262.3570667638743,,1,2-15km,dr_geography_anticipation1
2025,2008,184.21022587371246,,1,2-15km,dr_geography_anticipation1
2025,2009,-360.2837715788343,,1,2-15km,dr_geography_anticipation1
2025,2010,635.9072105879796,,1,2-15km,dr_geography_anticipation1
2025,2011,766.9332933164147,,1,2-15km,dr_geography_anticipation1
2025,2012,-269.3175305459056,,1,2-15km,dr_geography_anticipation1
2025,2013,-418.65780638045993,,1,2-15km,dr_geography_anticipation1
2025,2014,-590.3465894397568,,1,2-15km,dr_geography_anticipation1
2025,2015,-211.21616633705148,,1,2-15km,dr_geography_anticipation1
2025,2016,-800.1924737345797,,1,2-15km,dr_geography_anticipation1
2025,2017,-934.5298974969407,,1,2-15km,dr_geography_anticipation1
2025,2018,146.4262613306549,,1,2-15km,dr_geography_anticipation1
2025,2019,29.979843952074077,,1,2-15km,dr_geography_anticipation1
2025,2020,-106.1352180353235,,1,2-15km,dr_geography_anticipation1
2025,2021,-520.7030047676467,,1,2-15km,dr_geography_anticipation1
2025,2022,-75.79505238473729,,1,2-15km,dr_geography_anticipation1
2025,2023,0.0,,1,2-15km,dr_geography_anticipation1
2025,2024,-949.5376629351281,,1,2-15km,dr_geography_anticipation1
2025,2025,-250.21689524431827,,1,2-15km,dr_geography_anticipation1
2002,2002,545.6731642965773,21.631577534607597,0,5-15km,baseline
2002,2003,817.0353247412876,20.78997523240702,0,5-15km,baseline
2002,2004,-107.98622598413164,25.525319037268325,0,5-15km,baseline
2002,2005,389.70323433783363,23.04696238037991,0,5-15km,baseline
2002,2006,294.16314993889966,25.57756450841527,0,5-15km,baseline
2002,2007,-43.48964421463232,26.520280002192663,0,5-15km,baseline
2002,2008,299.17390716104734,26.177413944642556,0,5-15km,baseline
2002,2009,-82.65992083917254,27.31618888648573,0,5-15km,baseline
2002,2010,386.392242433188,26.016094187200956,0,5-15km,baseline
2002,2011,318.7150663884559,25.9716594471543,0,5-15km,baseline
2002,2012,58.21075388039526,28.71968786498234,0,5-15km,baseline
2002,2013,1019.4760272754073,23.114712494502147,0,5-15km,baseline
2002,2014,604.8298459561488,25.73679631652003,0,5-15km,baseline
2002,2015,934.5876538948581,24.492452589703284,0,5-15km,baseline
2002,2016,104.78696426659667,68.0406666541493,0,5-15km,baseline
2002,2017,-1155.7683330858722,48.73597736936023,0,5-15km,baseline
2002,2018,-503.9819931942059,38.90505702667217,0,5-15km,baseline
2002,2019,103.40382602817355,30.58354014597353,0,5-15km,baseline
2002,2020,-91.40617365032423,43.70757196955926,0,5-15km,baseline
2002,2021,5.683846859700523,35.90744265706378,0,5-15km,baseline
2002,2022,81.31397429944465,35.9894777969929,0,5-15km,baseline
2002,2023,600.749104147172,66.16735778176401,0,5-15km,baseline
2002,2024,367.7460703727101,52.70655691133506,0,5-15km,baseline
2002,2025,637.9759461799333,45.90392238270757,0,5-15km,baseline
2003,2002,-4512.7025743278955,1774.9564433508497,0,5-15km,baseline
2003,2003,15.912523544374153,137.70930042011685,0,5-15km,baseline
2003,2004,-180.58874724561707,255.22275688941644,0,5-15km,baseline
2003,2005,298.6234947968448,311.97603456715046,0,5-15km,baseline
2003,2006,-367.93719537814485,196.33198419992274,0,5-15km,baseline
2003,2007,-895.5739739048361,145.6612530458275,0,5-15km,baseline
2003,2008,-189.14618933770362,206.04300441880187,0,5-15km,baseline
2003,2009,-489.39760740505795,207.2989511925147,0,5-15km,baseline
2003,2010,-193.39386520432708,217.3530612761626,0,5-15km,baseline
2003,2011,-81.62030818926198,267.15236977512234,0,5-15km,baseline
2003,2012,3137.6629923629166,804.1145058501289,0,5-15km,baseline
2003,2013,272.1886150929057,146.42318057059632,0,5-15km,baseline
2003,2014,413.8671166799966,357.70085577481626,0,5-15km,baseline
2003,2015,92.7331436462178,147.62644346038525,0,5-15km,baseline
2003,2016,-968.2154229620837,161.8125823836036,0,5-15km,baseline
2003,2017,-2004.0224221930762,194.63655034689617,0,5-15km,baseline
2003,2018,-1312.0331247829886,171.55091567181339,0,5-15km,baseline
2003,2019,-501.9704841432029,224.74019769222096,0,5-15km,baseline
2003,2020,-1118.5442628643236,156.40453782182126,0,5-15km,baseline
2003,2021,-849.3659072312304,165.43972984007135,0,5-15km,baseline
2003,2022,-912.056358420025,144.82368723280678,0,5-15km,baseline
2003,2023,-33.47806233948032,393.402011862131,0,5-15km,baseline
2003,2024,-548.9128381750261,170.73618903811254,0,5-15km,baseline
2003,2025,-338.7794514056659,153.1895841027006,0,5-15km,baseline
2004,2002,-1268.375212643592,592.3025908679533,0,5-15km,baseline
2004,2003,453.74510180235063,139.34713675160134,0,5-15km,baseline
2004,2004,-184.77519126433197,629.0958260849808,0,5-15km,baseline
2004,2005,-122.34688194487916,272.27381663650965,0,5-15km,baseline
2004,2006,-128.26061205018885,337.86915152500376,0,5-15km,baseline
2004,2007,-402.9019309629758,348.70765855131395,0,5-15km,baseline
2004,2008,138.53749189747646,490.71893832297013,0,5-15km,baseline
2004,2009,-266.67355054654547,409.90489607451997,0,5-15km,baseline
2004,2010,-389.4182910079437,289.556895737882,0,5-15km,baseline
2004,2011,-49.92771132901066,359.69552808767753,0,5-15km,baseline
2004,2012,389.774983731459,593.8250116237302,0,5-15km,baseline
2004,2013,101.47964435273491,205.12198282576853,0,5-15km,baseline
2004,2014,1355.4425932263666,1138.9180549400055,0,5-15km,baseline
2004,2015,-10.065546990248812,266.60124456957533,0,5-15km,baseline
2004,2016,-695.8627267110537,476.52552065082085,0,5-15km,baseline
2004,2017,-1192.1089405755542,759.0820414047228,0,5-15km,baseline
2004,2018,-1089.8917063695617,224.058762040849,0,5-15km,baseline
2004,2019,173.72606628401468,884.0227238888651,0,5-15km,baseline
2004,2020,-1257.4681726159822,248.38509414262293,0,5-15km,baseline
2004,2021,-983.328253054791,278.56614240823745,0,5-15km,baseline
2004,2022,-949.0329361117422,262.18501017669286,0,5-15km,baseline
2004,2023,-498.47207699798844,328.93396184363786,0,5-15km,baseline
2004,2024,-966.6817846267469,208.8093323890748,0,5-15km,baseline
2004,2025,-426.167115689155,403.4184142913644,0,5-15km,baseline
2005,2002,1008.3496586042,234.85848221988883,0,5-15km,baseline
2005,2003,-210.6614248099607,261.4875631018939,0,5-15km,baseline
2005,2004,-903.6044965076665,129.53651484633497,0,5-15km,baseline
2005,2005,857.7240199009335,167.7368512112423,0,5-15km,baseline
2005,2006,401.4676110085176,150.96830790707676,0,5-15km,baseline
2005,2007,178.0256548630033,128.92739877271725,0,5-15km,baseline
2005,2008,239.42866247535147,116.18484988291699,0,5-15km,baseline
2005,2009,-15.504038747174953,118.6851729186094,0,5-15km,baseline
2005,2010,540.5280156579496,118.12321962258918,0,5-15km,baseline
2005,2011,198.1270319044237,113.87218069677252,0,5-15km,baseline
2005,2012,239.91678159094,134.0421833449356,0,5-15km,baseline
2005,2013,789.7164101676295,114.43324053326434,0,5-15km,baseline
2005,2014,690.2826843802293,220.86190217716896,0,5-15km,baseline
2005,2015,684.8192778945738,123.59529629634798,0,5-15km,baseline
2005,2016,-90.00191490725331,142.5969363771125,0,5-15km,baseline
2005,2017,-1015.6696437794135,294.19574511224755,0,5-15km,baseline
2005,2018,-336.286074000624,153.68227871820858,0,5-15km,baseline
2005,2019,-100.61079711426703,115.12004537984424,0,5-15km,baseline
2005,2020,-339.6393585501325,139.025617725133,0,5-15km,baseline
2005,2021,-85.47660851617394,139.74174900730628,0,5-15km,baseline
2005,2022,-235.25138177105302,114.26049984754509,0,5-15km,baseline
2005,2023,150.76964091209476,120.49139937830333,0,5-15km,baseline
2005,2024,57.83087792815695,131.09369459529333,0,5-15km,baseline
2005,2025,367.354816646411,127.48853064749434,0,5-15km,baseline
2006,2002,20.67562485612973,446.526845869235,0,5-15km,baseline
2006,2003,-1210.0621643046634,426.7810122368566,0,5-15km,baseline
2006,2004,881.2266237792645,442.3951378542722,0,5-15km,baseline
2006,2005,-469.12082359128317,423.8051840648513,0,5-15km,baseline
2006,2006,-102.55501153909015,413.25423691499986,0,5-15km,baseline
2006,2007,-378.64471259722995,381.46027699285025,0,5-15km,baseline
2006,2008,-404.2749964449674,486.9443850505893,0,5-15km,baseline
2006,2009,-67.0796970595539,357.51143909369625,0,5-15km,baseline
2006,2010,499.5739071775156,674.693945024711,0,5-15km,baseline
2006,2011,-212.1645952506742,385.7346751138768,0,5-15km,baseline
2006,2012,-200.01101075481046,449.95704840515765,0,5-15km,baseline
2006,2013,-171.26059478479044,388.8183151689882,0,5-15km,baseline
2006,2014,-451.3542740023008,393.3492724029894,0,5-15km,baseline
2006,2015,-319.4091384487964,401.90852121950843,0,5-15km,baseline
2006,2016,-879.9414861368011,395.04350208492144,0,5-15km,baseline
2006,2017,-183.96590586614502,683.7461518176992,0,5-15km,baseline
2006,2018,-1243.8468534435697,395.32612191091044,0,5-15km,baseline
2006,2019,-1196.4645678058275,272.7655452917653,0,5-15km,baseline
2006,2020,-1734.5053848338223,347.71018763502167,0,5-15km,baseline
2006,2021,-1346.4262908257672,376.97908943627806,0,5-15km,baseline
2006,2022,-1745.9936031715122,325.9125392544393,0,5-15km,baseline
2006,2023,-684.5912696386611,373.7348707477412,0,5-15km,baseline
2006,2024,-780.7971419137261,411.25399731885676,0,5-15km,baseline
2006,2025,-799.274530107755,338.59865959973496,0,5-15km,baseline
2007,2002,248.76406516022826,77.50651093579077,0,5-15km,baseline
2007,2003,172.3547677570695,58.234223514795254,0,5-15km,baseline
2007,2004,-852.1025017638508,59.83873804933058,0,5-15km,baseline
2007,2005,485.5127878448466,52.56636494910558,0,5-15km,baseline
2007,2006,-136.56682836516188,49.06757782253378,0,5-15km,baseline
2007,2007,-212.87211101870673,50.49938674464451,0,5-15km,baseline
2007,2008,300.95086699999706,63.495996534986595,0,5-15km,baseline
2007,2009,-215.39269055326787,58.002468165197264,0,5-15km,baseline
2007,2010,337.59505134153693,63.15395887196072,0,5-15km,baseline
2007,2011,40.86539075244769,50.731602279085294,0,5-15km,baseline
2007,2012,-55.97081825953501,64.65477914127904,0,5-15km,baseline
2007,2013,602.3150650817851,49.40891244981345,0,5-15km,baseline
2007,2014,226.98089550739877,49.78543255685526,0,5-15km,baseline
2007,2015,391.08045743966545,46.088783027234385,0,5-15km,baseline
2007,2016,-489.3411845919677,57.29231450550667,0,5-15km,baseline
2007,2017,-1376.2571688184094,73.31191007413356,0,5-15km,baseline
2007,2018,-981.3692225063448,56.34026364603292,0,5-15km,baseline
2007,2019,-250.6669404673776,59.21480553691608,0,5-15km,baseline
2007,2020,-648.3335336011496,64.28975466806402,0,5-15km,baseline
2007,2021,-413.86003547480396,60.26914388873534,0,5-15km,baseline
2007,2022,-333.2770474536184,65.2079749364439,0,5-15km,baseline
2007,2023,-139.57966952684484,52.24536732905034,0,5-15km,baseline
2007,2024,-232.08123762813136,57.92681889099342,0,5-15km,baseline
2007,2025,32.04681002661047,58.654446941908525,0,5-15km,baseline
2008,2002,926.6857642947073,198.28001256197243,0,5-15km,baseline
2008,2003,-2.437305545486481,202.44976422422508,0,5-15km,baseline
2008,2004,-782.6402360397041,180.88022636943563,0,5-15km,baseline
2008,2005,127.42174827964527,168.18253380715765,0,5-15km,baseline
2008,2006,-229.9260257240362,143.45240709948186,0,5-15km,baseline
2008,2007,-597.283894510418,117.05106164849504,0,5-15km,baseline
2008,2008,209.04979102284204,110.53582706527409,0,5-15km,baseline
2008,2009,379.63587836225395,123.7991259954012,0,5-15km,baseline
2008,2010,506.9330480465181,133.20743442913715,0,5-15km,baseline
2008,2011,513.3952556056413,146.8293172495997,0,5-15km,baseline
2008,2012,-24.046091612723448,107.22594100817243,0,5-15km,baseline
2008,2013,544.8306461223251,100.33684181793767,0,5-15km,baseline
2008,2014,222.39618897121676,101.26566946236133,0,5-15km,baseline
2008,2015,429.1335170974103,104.63471079340339,0,5-15km,baseline
2008,2016,-301.39369666638777,114.4192850608189,0,5-15km,baseline
2008,2017,145.62963604872675,237.62731435280844,0,5-15km,baseline
2008,2018,-356.9654306752858,138.03411889478977,0,5-15km,baseline
2008,2019,93.58542088591912,123.3707706244863,0,5-15km,baseline
2008,2020,223.55542954117695,162.16901434869015,0,5-15km,baseline
2008,2021,-151.69303797797136,120.96604132696594,0,5-15km,baseline
2008,2022,-256.8474951114821,108.96207452497082,0,5-15km,baseline
2008,2023,338.5834840261515,124.28755642963546,0,5-15km,baseline
2008,2024,-66.02098277586595,114.90235673667796,0,5-15km,baseline
2008,2025,339.1573019070689,125.77880682132708,0,5-15km,baseline
2009,2002,438.1230247150923,56.71626399017606,0,5-15km,baseline
2009,2003,98.57071098253397,50.77533556911326,0,5-15km,baseline
2009,2004,-592.441509935454,56.29907989129188,0,5-15km,baseline
2009,2005,324.1674216031682,56.39801498344594,0,5-15km,baseline
2009,2006,-233.34268361423105,47.496303938794696,0,5-15km,baseline
2009,2007,-311.20302954416957,48.51610325340318,0,5-15km,baseline
2009,2008,396.1452305966803,50.872003732829434,0,5-15km,baseline
2009,2009,-170.13641597610956,57.34347856422992,0,5-15km,baseline
2009,2010,275.77318878700555,63.53248742438012,0,5-15km,baseline
2009,2011,18.367704818430127,50.372593570381134,0,5-15km,baseline
2009,2012,-194.00485834710076,51.714547331887566,0,5-15km,baseline
2009,2013,615.697363294703,46.09499905970952,0,5-15km,baseline
2009,2014,259.27843511107244,48.44671691300552,0,5-15km,baseline
2009,2015,454.9006299073469,41.64300546528053,0,5-15km,baseline
2009,2016,-129.71258749058734,65.27592766314243,0,5-15km,baseline
2009,2017,-1335.2809508882465,66.7104254362811,0,5-15km,baseline
2009,2018,-793.3121317775483,60.029680163703226,0,5-15km,baseline
2009,2019,-198.79504854446128,50.45475288054522,0,5-15km,baseline
2009,2020,-393.7914977472843,61.13354706352837,0,5-15km,baseline
2009,2021,-339.4137630927131,60.6423294257918,0,5-15km,baseline
2009,2022,-265.1418127378457,55.113801474064154,0,5-15km,baseline
2009,2023,72.00204495470287,53.44100398770209,0,5-15km,baseline
2009,2024,-107.1444006413883,55.581281474093366,0,5-15km,baseline
2009,2025,121.56986684582645,56.78571872683855,0,5-15km,baseline
2010,2002,336.6352813778153,193.5171392605385,0,5-15km,baseline
2010,2003,-288.9999027553062,148.65884486586384,0,5-15km,baseline
2010,2004,-126.09462220785224,119.48006515933356,0,5-15km,baseline
2010,2005,28.691792956735753,125.82659529649932,0,5-15km,baseline
2010,2006,536.7246638235766,168.23461554460582,0,5-15km,baseline
2010,2007,-1072.5119166369252,166.30860134393248,0,5-15km,baseline
2010,2008,596.1269902377156,117.15934890603003,0,5-15km,baseline
2010,2009,204.66978743258926,151.5440339001896,0,5-15km,baseline
2010,2010,-71.86348712779437,162.09757762606378,0,5-15km,baseline
2010,2011,57.30229315572643,170.12719429628672,0,5-15km,baseline
2010,2012,-250.25308923114312,151.02938223972538,0,5-15km,baseline
2010,2013,250.9624511096781,155.91409050801963,0,5-15km,baseline
2010,2014,-245.055965388333,183.91226086568946,0,5-15km,baseline
2010,2015,-97.38752456516295,142.78890978343375,0,5-15km,baseline
2010,2016,-722.0580809204497,214.65780201288553,0,5-15km,baseline
2010,2017,-1636.044410401419,208.4687138530598,0,5-15km,baseline
2010,2018,-1599.049133635768,144.4233420153493,0,5-15km,baseline
2010,2019,-928.2122079436772,137.4570332751524,0,5-15km,baseline
2010,2020,-1218.4840209718877,140.6006878695733,0,5-15km,baseline
2010,2021,-949.7773252951242,190.11427654148366,0,5-15km,baseline
2010,2022,-909.0088807075797,161.18761642079136,0,5-15km,baseline
2010,2023,-479.74962541282986,169.57505652414716,0,5-15km,baseline
2010,2024,-67.69758401588501,254.963859575967,0,5-15km,baseline
2010,2025,-432.35327299086225,173.9408041639426,0,5-15km,baseline
2011,2002,151.49711255611373,101.94626441390034,0,5-15km,baseline
2011,2003,72.60097110064987,98.45983997732569,0,5-15km,baseline
2011,2004,803.2274888153279,129.38274022309048,0,5-15km,baseline
2011,2005,-626.2868079800694,136.862032596472,0,5-15km,baseline
2011,2006,86.89578134738375,129.02677569932527,0,5-15km,baseline
2011,2007,143.7106043599229,136.6281930386995,0,5-15km,baseline
2011,2008,-829.6067817593096,141.6929533610505,0,5-15km,baseline
2011,2009,549.2442402950967,125.93476284031193,0,5-15km,baseline
2011,2010,-224.92200836596288,129.4798559505781,0,5-15km,baseline
2011,2011,-853.8782718391949,111.56150285019133,0,5-15km,baseline
2011,2012,-787.7885263364064,130.59958342064277,0,5-15km,baseline
2011,2013,-719.2678687875757,118.7947278858646,0,5-15km,baseline
2011,2014,-416.7345773211416,153.88531617611966,0,5-15km,baseline
2011,2015,-516.3553848548581,124.49411720054627,0,5-15km,baseline
2011,2016,-1066.393086306033,138.91216709640753,0,5-15km,baseline
2011,2017,-209.97282068276536,162.98684966873313,0,5-15km,baseline
2011,2018,-903.5610722009101,145.5973128695129,0,5-15km,baseline
2011,2019,-816.7022703064824,131.35602196779286,0,5-15km,baseline
2011,2020,-1241.1299215122854,126.89626887928081,0,5-15km,baseline
2011,2021,-882.1714336810826,132.99596123006884,0,5-15km,baseline
2011,2022,-1237.8816445998445,125.72980220978774,0,5-15km,baseline
2011,2023,-995.2162851741298,119.31805947830857,0,5-15km,baseline
2011,2024,-1204.4900573559107,134.43559407449055,0,5-15km,baseline
2011,2025,-735.4045764360251,133.08908996418157,0,5-15km,baseline
2012,2002,-489.79844490023675,264.89455048193076,0,5-15km,baseline
2012,2003,1553.5997677399291,276.62498144276026,0,5-15km,baseline
2012,2004,-1424.8699824571916,270.82019266914176,0,5-15km,baseline
2012,2005,919.9050495771854,247.4033427187071,0,5-15km,baseline
2012,2006,-917.495471448764,322.42072497692635,0,5-15km,baseline
2012,2007,-82.98896758523989,187.75140259748017,0,5-15km,baseline
2012,2008,589.2773807680708,203.98675120628806,0,5-15km,baseline
2012,2009,-134.31734076324477,343.58384722788645,0,5-15km,baseline
2012,2010,357.18150197313804,362.6383644262383,0,5-15km,baseline
2012,2011,-606.3735708781319,227.80260394113134,0,5-15km,baseline
2012,2012,-377.9151777831975,164.5778751766759,0,5-15km,baseline
2012,2013,229.54723233027562,128.46247909318868,0,5-15km,baseline
2012,2014,8.004244412770959,155.9979070281176,0,5-15km,baseline
2012,2015,718.2668278856262,224.4307602689913,0,5-15km,baseline
2012,2016,-263.9446838106067,280.4382436104932,0,5-15km,baseline
2012,2017,-770.4249045278186,313.17947505028656,0,5-15km,baseline
2012,2018,308.79800269937266,423.822108390318,0,5-15km,baseline
2012,2019,341.9979588377572,375.88697888020243,0,5-15km,baseline
2012,2020,-447.5875695326447,209.6470872775245,0,5-15km,baseline
2012,2021,-5.32546096320101,265.31690126660794,0,5-15km,baseline
2012,2022,-556.7697912366284,164.644801641075,0,5-15km,baseline
2012,2023,144.72353940164237,201.4795846280294,0,5-15km,baseline
2012,2024,-77.7068814028338,212.00542976989996,0,5-15km,baseline
2012,2025,162.05239313152538,249.91962136125846,0,5-15km,baseline
2013,2002,280.4562027870817,136.41733369681657,0,5-15km,baseline
2013,2003,767.0166647238163,197.3958237758088,0,5-15km,baseline
2013,2004,-1410.1086421103785,219.68408276027193,0,5-15km,baseline
2013,2005,692.3463732242609,164.11190182084115,0,5-15km,baseline
2013,2006,69.33181215652712,233.29027842201776,0,5-15km,baseline
2013,2007,-472.2823509261549,234.30984145975134,0,5-15km,baseline
2013,2008,708.7908185827265,195.9599061758373,0,5-15km,baseline
2013,2009,-571.42386080702,201.95513831121139,0,5-15km,baseline
2013,2010,74.86391097208542,179.83212437614603,0,5-15km,baseline
2013,2011,161.48076224396914,185.7187891664822,0,5-15km,baseline
2013,2012,-168.721970620408,199.60014268209446,0,5-15km,baseline
2013,2013,430.638874525275,174.86932734499482,0,5-15km,baseline
2013,2014,590.6599751129685,267.80517608093555,0,5-15km,baseline
2013,2015,615.474558584664,161.9593219696021,0,5-15km,baseline
2013,2016,24581.091056035366,2619.665891814045,0,5-15km,baseline
2013,2017,-754.2442144299491,229.42832855748975,0,5-15km,baseline
2013,2018,-738.0265782544354,202.131917828834,0,5-15km,baseline
2013,2019,1716.0294003196661,703.3062578185824,0,5-15km,baseline
2013,2020,-624.7355254624094,180.01514516354234,0,5-15km,baseline
2013,2021,-160.01355375429796,233.47337298466564,0,5-15km,baseline
2013,2022,-310.5290641479104,179.15254148378708,0,5-15km,baseline
2013,2023,18.42661071681937,184.99393602307393,0,5-15km,baseline
2013,2024,-432.1876231011088,161.74546082941586,0,5-15km,baseline
2013,2025,142.51475089762732,180.3106717459202,0,5-15km,baseline
2014,2002,-1823.1778216985606,516.3107876523319,0,5-15km,baseline
2014,2003,-132.9662703879289,146.01346071826788,0,5-15km,baseline
2014,2004,-184.55933371353626,230.69416779549022,0,5-15km,baseline
2014,2005,62.275306904514196,240.016186295027,0,5-15km,baseline
2014,2006,-38.355293627560485,160.83554177487963,0,5-15km,baseline
2014,2007,1865.059672401201,458.1590000701321,0,5-15km,baseline
2014,2008,-822.1424736275762,717.2187283254119,0,5-15km,baseline
2014,2009,-668.4921347758109,728.9535969000101,0,5-15km,baseline
2014,2010,-320.1120914455825,227.3293672097532,0,5-15km,baseline
2014,2011,-10.992470101263223,268.56442897160593,0,5-15km,baseline
2014,2012,195.53522503776213,286.98205406671354,0,5-15km,baseline
2014,2013,363.69798077216035,271.08861475653754,0,5-15km,baseline
2014,2014,-398.45725791412366,188.85600868102802,0,5-15km,baseline
2014,2015,203.85928162048765,345.76109724241996,0,5-15km,baseline
2014,2016,-712.7835797618808,383.45145608723976,0,5-15km,baseline
2014,2017,-1856.175943549192,438.04144377282574,0,5-15km,baseline
2014,2018,-1771.7497095431077,192.03096573820304,0,5-15km,baseline
2014,2019,-127.42240837114014,583.4318926569774,0,5-15km,baseline
2014,2020,-1373.624435492753,210.72488892897962,0,5-15km,baseline
2014,2021,-758.2749490061288,311.2810855641204,0,5-15km,baseline
2014,2022,-1021.3097252245689,258.7170767843071,0,5-15km,baseline
2014,2023,-1048.5634883722405,181.3614301986328,0,5-15km,baseline
2014,2024,-1213.2733544493324,182.3973324699144,0,5-15km,baseline
2014,2025,-328.4116123648412,399.3363741334162,0,5-15km,baseline
2018,2002,-7.057664478314905,83.99563557242956,0,5-15km,baseline
2018,2003,91.30271897349928,71.16553619541159,0,5-15km,baseline
2018,2004,-141.77360308785615,97.27841234260006,0,5-15km,baseline
2018,2005,82.31012750401521,101.44733033749563,0,5-15km,baseline
2018,2006,378.2495579075494,120.65251449857583,0,5-15km,baseline
2018,2007,-630.9393011068148,117.60185480134557,0,5-15km,baseline
2018,2008,253.4392667446225,98.61531269596848,0,5-15km,baseline
2018,2009,-105.79015423369333,98.15431885630352,0,5-15km,baseline
2018,2010,519.3801754505735,112.93292530671017,0,5-15km,baseline
2018,2011,-444.8810471175593,104.07395098016751,0,5-15km,baseline
2018,2012,-132.13765494378868,83.87692000462845,0,5-15km,baseline
2018,2013,337.65572849297996,71.58215293289936,0,5-15km,baseline
2018,2014,-53.796082358335866,76.69296148122584,0,5-15km,baseline
2018,2015,69.16726531199106,87.19333698712204,0,5-15km,baseline
2018,2016,-803.1296630887792,84.17778357549201,0,5-15km,baseline
2018,2017,-447.67678773118223,106.41358044087804,0,5-15km,baseline
2018,2018,17.087067660894377,107.22242818978792,0,5-15km,baseline
2018,2019,585.9724962093208,103.21523528535337,0,5-15km,baseline
2018,2020,445.57899682004324,114.37896977703481,0,5-15km,baseline
2018,2021,735.3778071583449,123.95209120086663,0,5-15km,baseline
2018,2022,708.5376997204365,113.16206393522651,0,5-15km,baseline
2018,2023,1050.8076858247136,115.3900903562464,0,5-15km,baseline
2018,2024,816.2243644839546,126.33465776972992,0,5-15km,baseline
2018,2025,891.403151619857,108.94231481306701,0,5-15km,baseline
2019,2002,1768.7588747739228,1130.9910647984748,0,5-15km,baseline
2019,2003,-787.8393329767771,1101.0172237878928,0,5-15km,baseline
2019,2004,1651.2312674150376,2477.431914687486,0,5-15km,baseline
2019,2005,-193.53577000226846,1877.1980715615593,0,5-15km,baseline
2019,2006,-2073.1410574894235,1467.2198964953527,0,5-15km,baseline
2019,2007,1088.807890080402,920.6973285951949,0,5-15km,baseline
2019,2008,-759.0916218145733,1171.0449764539158,0,5-15km,baseline
2019,2009,4586.305843500552,3265.821346080028,0,5-15km,baseline
2019,2010,-4561.366786051986,3156.8280917673264,0,5-15km,baseline
2019,2011,2114.7099398427254,1073.483406959737,0,5-15km,baseline
2019,2012,-594.5266946210149,1151.555731264552,0,5-15km,baseline
2019,2013,-401.469952586197,711.1710007991228,0,5-15km,baseline
2019,2014,-812.6102748851895,284.2084032163959,0,5-15km,baseline
2019,2015,537.4646451702021,438.06399731348876,0,5-15km,baseline
2019,2016,-875.162203174268,361.73889955143676,0,5-15km,baseline
2019,2017,1816.3454976025598,1528.4238770501547,0,5-15km,baseline
2019,2018,-2685.146289179923,1784.8882454721722,0,5-15km,baseline
2019,2019,1558.9804965920978,531.0263996431618,0,5-15km,baseline
2019,2020,4183.314666801691,4113.012411008867,0,5-15km,baseline
2019,2021,1218.334470516036,1099.9853354435927,0,5-15km,baseline
2019,2022,2314.305154866141,1483.6047555230807,0,5-15km,baseline
2019,2023,1294.0329892148068,1011.8467500466858,0,5-15km,baseline
2019,2024,1274.272117514373,1095.9312272279712,0,5-15km,baseline
2019,2025,1726.4248829544817,1012.8674222925094,0,5-15km,baseline
2020,2002,498.09837351082376,30.94736190653345,0,5-15km,baseline
2020,2003,220.9463475822077,28.73904448328617,0,5-15km,baseline
2020,2004,-715.4216443040038,48.06161277099745,0,5-15km,baseline
2020,2005,334.20918867878356,48.24414607711623,0,5-15km,baseline
2020,2006,-41.70863496097763,32.79294755331139,0,5-15km,baseline
2020,2007,-288.83141953862133,35.15050521957582,0,5-15km,baseline
2020,2008,330.8578459661549,37.67227867688489,0,5-15km,baseline
2020,2009,-309.2870592942729,43.17160647733573,0,5-15km,baseline
2020,2010,351.05151460692605,42.62622353039703,0,5-15km,baseline
2020,2011,21.509355064334848,34.6914308509585,0,5-15km,baseline
2020,2012,-366.1825411094966,37.17369494603947,0,5-15km,baseline
2020,2013,1032.2377168243881,36.778297325203845,0,5-15km,baseline
2020,2014,-518.8391929142505,29.601077149191873,0,5-15km,baseline
2020,2015,272.3908685397711,25.407914430338533,0,5-15km,baseline
2020,2016,-1086.7096454207394,37.618560985009864,0,5-15km,baseline
2020,2017,-824.6964791072153,62.776066041584336,0,5-15km,baseline
2020,2018,1452.018755083144,116.47389387119325,0,5-15km,baseline
2020,2019,195.9702721817057,110.74592895790866,0,5-15km,baseline
2020,2020,-153.76468479866048,104.29345619005518,0,5-15km,baseline
2020,2021,17.6964825928668,95.45214129975565,0,5-15km,baseline
2020,2022,217.18536450763554,99.7314121326977,0,5-15km,baseline
2020,2023,-37.16841553579084,73.04546353271985,0,5-15km,baseline
2020,2024,251.0588741070477,91.13666911066278,0,5-15km,baseline
2020,2025,180.37517243182987,75.4810958125442,0,5-15km,baseline
2021,2002,344.53262976951635,231.6736590459038,0,5-15km,baseline
2021,2003,-629.3453451766512,219.2806247578308,0,5-15km,baseline
2021,2004,1862.6579622884926,350.1459203035253,0,5-15km,baseline
2021,2005,-1260.0485548655558,364.620451958605,0,5-15km,baseline
2021,2006,-201.80997571798616,254.74179423237908,0,5-15km,baseline
2021,2007,-334.03813660478477,234.2091846088671,0,5-15km,baseline
2021,2008,-217.3874346080517,186.31380026232532,0,5-15km,baseline
2021,2009,254.65316260070648,216.0464499449062,0,5-15km,baseline
2021,2010,-199.57649588455587,195.07187443795183,0,5-15km,baseline
2021,2011,358.60916969350933,180.71175103407245,0,5-15km,baseline
2021,2012,550.1974842816242,226.85517281020978,0,5-15km,baseline
2021,2013,-941.1281409249771,233.54106284489222,0,5-15km,baseline
2021,2014,131.47241904395878,133.21359194949682,0,5-15km,baseline
2021,2015,51.485035835576355,168.00778709754465,0,5-15km,baseline
2021,2016,-373.87100560268595,185.8360742470869,0,5-15km,baseline
2021,2017,821.0631427507835,269.5653741205676,0,5-15km,baseline
2021,2018,-989.9825739730743,290.7168824526828,0,5-15km,baseline
2021,2019,146.2801691239033,187.06461019865313,0,5-15km,baseline
2021,2020,-608.478926202682,146.79317290892828,0,5-15km,baseline
2021,2021,276.65453505514756,155.30892009755945,0,5-15km,baseline
2021,2022,408.85686382883455,165.71876724949598,0,5-15km,baseline
2021,2023,988.5536832303831,182.2263470534079,0,5-15km,baseline
2021,2024,631.0927122847884,160.274889956852,0,5-15km,baseline
2021,2025,957.2979798718347,212.71024269746306,0,5-15km,baseline
2024,2002,-512.8328671959791,90.8053488221059,0,5-15km,baseline
2024,2003,935.907182094011,72.52540813164234,0,5-15km,baseline
2024,2004,-1037.4679031719784,102.41759149727788,0,5-15km,baseline
2024,2005,471.87946405184323,97.0101822779267,0,5-15km,baseline
2024,2006,-186.25868253479098,93.49167027644452,0,5-15km,baseline
2024,2007,88.84327864991997,101.1819828859648,0,5-15km,baseline
2024,2008,-324.8005370832802,91.80276419209495,0,5-15km,baseline
2024,2009,43.40331292705457,81.04270937119048,0,5-15km,baseline
2024,2010,510.9837645161527,86.4176933234624,0,5-15km,baseline
2024,2011,-673.5794479213724,72.23382138076751,0,5-15km,baseline
2024,2012,340.5646364175219,70.62044674382491,0,5-15km,baseline
2024,2013,62.7715608201413,66.03389321844959,0,5-15km,baseline
2024,2014,35.49063404140543,56.80814418566558,0,5-15km,baseline
2024,2015,101.33400157558276,72.84726119940503,0,5-15km,baseline
2024,2016,-39.20421434509217,102.03305756014062,0,5-15km,baseline
2024,2017,-308.0100128985273,121.67472923734768,0,5-15km,baseline
2024,2018,-635.5294161969575,101.86014698841012,0,5-15km,baseline
2024,2019,292.8583682045495,68.81823458894425,0,5-15km,baseline
2024,2020,-313.847692874745,65.79962322665384,0,5-15km,baseline
2024,2021,188.27700423277278,72.00992974067954,0,5-15km,baseline
2024,2022,162.16000114576184,64.9384987718665,0,5-15km,baseline
2024,2023,493.61767964517645,73.27791590681241,0,5-15km,baseline
2024,2024,-575.2069804852184,72.50129297095839,0,5-15km,baseline
2024,2025,-282.0595453008681,75.77402533091052,0,5-15km,baseline
2025,2002,441.50708603291855,241.568883369495,0,5-15km,baseline
2025,2003,177.88028611501642,220.5366862202877,0,5-15km,baseline
2025,2004,565.4987858501889,218.17923780706997,0,5-15km,baseline
2025,2005,-248.891751999853,237.7208014927158,0,5-15km,baseline
2025,2006,776.291153069149,290.50268343169364,0,5-15km,baseline
2025,2007,-875.5881008293031,331.0104619165891,0,5-15km,baseline
2025,2008,-11.96278115015366,306.8889551558529,0,5-15km,baseline
2025,2009,-476.7089325374616,243.87445199189864,0,5-15km,baseline
2025,2010,823.6983563934511,244.88562524491877,0,5-15km,baseline
2025,2011,176.21832044506937,285.0604357760104,0,5-15km,baseline
2025,2012,-989.780749718936,259.3172405795376,0,5-15km,baseline
2025,2013,-669.3648430658222,220.11967276052036,0,5-15km,baseline
2025,2014,325.9850941266228,189.70362349925543,0,5-15km,baseline
2025,2015,53.48259829136947,148.34793714091765,0,5-15km,baseline
2025,2016,801.2857936569931,215.48819988662711,0,5-15km,baseline
2025,2017,413.5440826281492,293.44270137361156,0,5-15km,baseline
2025,2018,242.42654410221394,301.6784572304294,0,5-15km,baseline
2025,2019,-380.47192579677346,328.59419814274935,0,5-15km,baseline
2025,2020,-164.8620397240341,295.74036490792116,0,5-15km,baseline
2025,2021,-680.5849429137891,258.95971024773735,0,5-15km,baseline
2025,2022,341.6420761249176,305.03712835982304,0,5-15km,baseline
2025,2023,-419.3617215298177,290.76025141934355,0,5-15km,baseline
2025,2024,-1192.4887990559064,177.7125157966606,0,5-15km,baseline
2025,2025,798.1702751906059,163.92434256309573,0,5-15km,baseline
2003,2002,-4512.7025743278955,1774.9564433508497,1,5-15km,anticipation1
2003,2003,-4496.894674167647,1780.1203491205167,1,5-15km,anticipation1
2003,2004,-4693.824770671927,1804.091517029827,1,5-15km,anticipation1
2003,2005,-4212.655225927266,1771.1238892951026,1,5-15km,anticipation1
2003,2006,-4878.406142750379,1791.6374216510249,1,5-15km,anticipation1
2003,2007,-5406.365622713772,1777.2924884649271,1,5-15km,anticipation1
2003,2008,-4682.159129327714,1764.2127497606218,1,5-15km,anticipation1
2003,2009,-4965.751070790685,1775.3623586365559,1,5-15km,anticipation1
2003,2010,-4664.073337127858,1783.9174223560367,1,5-15km,anticipation1
2003,2011,-4550.303606848067,1802.2962764326082,1,5-15km,anticipation1
2003,2012,-1330.8789020178347,1542.849331497792,1,5-15km,anticipation1
2003,2013,-4197.171169263498,1781.998908723966,1,5-15km,anticipation1
2003,2014,-4055.8419327238826,1821.5266008447009,1,5-15km,anticipation1
2003,2015,-4376.975905757661,1782.390232190476,1,5-15km,anticipation1
2003,2016,-5437.924472365963,1785.1152096176268,1,5-15km,anticipation1
2003,2017,-6517.654312764797,1790.1877865590836,1,5-15km,anticipation1
2003,2018,-5780.204123027456,1787.1049630637067,1,5-15km,anticipation1
2003,2019,-4923.019895325888,1790.8743486004973,1,5-15km,anticipation1
2003,2020,-5546.01633723307,1783.8929026432315,1,5-15km,anticipation1
2003,2021,-5262.273891429828,1786.0736098295135,1,5-15km,anticipation1
2003,2022,-5324.964342618622,1780.8772331927512,1,5-15km,anticipation1
2003,2023,-4460.725782876325,1817.8532345443987,1,5-15km,anticipation1
2003,2024,-4992.771827413526,1783.48774288359,1,5-15km,anticipation1
2003,2025,-4763.920509054061,1767.2820300430808,1,5-15km,anticipation1
2004,2002,-1269.6875638583015,592.3025101600517,1,5-15km,anticipation1
2004,2003,453.74510180235063,139.34713675160134,1,5-15km,anticipation1
2004,2004,265.12243147537697,616.3137043259478,1,5-15km,anticipation1
2004,2005,328.7257761639702,203.6509979318873,1,5-15km,anticipation1
2004,2006,317.3637225428193,272.8922405489311,1,5-15km,anticipation1
2004,2007,36.72003744208257,287.8499993183966,1,5-15km,anticipation1
2004,2008,574.9535054934709,443.6798132677869,1,5-15km,anticipation1
2004,2009,189.50348551773038,388.24975493951155,1,5-15km,anticipation1
2004,2010,63.54659259464668,215.5806727270221,1,5-15km,anticipation1
2004,2011,409.54019460660163,329.8479533400658,1,5-15km,anticipation1
2004,2012,852.3434128468152,587.4226042168683,1,5-15km,anticipation1
2004,2013,570.328307855616,133.55298630861347,1,5-15km,anticipation1
2004,2014,1823.787051051035,1263.86349812954,1,5-15km,anticipation1
2004,2015,458.27891083441926,208.22080736347638,1,5-15km,anticipation1
2004,2016,-227.5182688863856,443.89906518138537,1,5-15km,anticipation1
2004,2017,-769.2329117149245,727.8658533790966,1,5-15km,anticipation1
2004,2018,-617.0715197202799,301.0151888019739,1,5-15km,anticipation1
2004,2019,642.2829408797918,845.8871125796741,1,5-15km,anticipation1
2004,2020,-776.3908283065327,165.65942514487648,1,5-15km,anticipation1
2004,2021,-492.8070029080987,203.2131305375546,1,5-15km,anticipation1
2004,2022,-458.5116859650499,180.3268379012085,1,5-15km,anticipation1
2004,2023,-3.5807830572630337,266.76869034430615,1,5-15km,anticipation1
2004,2024,-450.52608299637393,96.60303780265038,1,5-15km,anticipation1
2004,2025,111.92995662292758,355.78191405731667,1,5-15km,anticipation1
2005,2002,1007.0339926958308,234.8582779126538,1,5-15km,anticipation1
2005,2003,-210.60313580693486,261.4876899875612,1,5-15km,anticipation1
2005,2004,-903.6044965076665,129.53651484633497,1,5-15km,anticipation1
2005,2005,-44.888204944167,133.07887887539889,1,5-15km,anticipation1
2005,2006,-506.6956616599141,179.67743788735586,1,5-15km,anticipation1
2005,2007,-747.4004952925497,126.0233074292033,1,5-15km,anticipation1
2005,2008,-700.4530324613994,153.328249192125,1,5-15km,anticipation1
2005,2009,-962.9297238549728,153.8625247314826,1,5-15km,anticipation1
2005,2010,-413.8579785811087,158.32131748629504,1,5-15km,anticipation1
2005,2011,-723.5014015395594,149.37374869607413,1,5-15km,anticipation1
2005,2012,-687.9432860655961,168.60759191252038,1,5-15km,anticipation1
2005,2013,-140.48648060192406,150.30228424848116,1,5-15km,anticipation1
2005,2014,-240.7061523745682,242.63283553580206,1,5-15km,anticipation1
2005,2015,-246.16955886022367,155.1862538214691,1,5-15km,anticipation1
2005,2016,-1020.9907516620511,173.2381073246965,1,5-15km,anticipation1
2005,2017,-1996.6709407999547,308.7823327546987,1,5-15km,anticipation1
2005,2018,-1274.7164297166432,188.3739623408602,1,5-15km,anticipation1
2005,2019,-1066.0290831803495,151.50011616126324,1,5-15km,anticipation1
2005,2020,-1358.6965339153035,165.73987738489706,1,5-15km,anticipation1
2005,2021,-1079.8037455777876,170.47243729560114,1,5-15km,anticipation1
2005,2022,-1229.5785188326663,148.98069031776544,1,5-15km,anticipation1
2005,2023,-883.5398354292711,154.4994210143681,1,5-15km,anticipation1
2005,2024,-1010.1014952311905,162.4181709270211,1,5-15km,anticipation1
2005,2025,-673.4413690794322,145.44921761950042,1,5-15km,anticipation1
2006,2002,19.36032401056866,446.52673805312435,1,5-15km,anticipation1
2006,2003,-1210.0042183467758,426.7810896588791,1,5-15km,anticipation1
2006,2004,878.1061921123679,442.39819210028065,1,5-15km,anticipation1
2006,2005,-469.12082359128317,423.8051840648513,1,5-15km,anticipation1
2006,2006,-567.0720954216918,463.45995952532354,1,5-15km,anticipation1
2006,2007,-847.2641850730654,493.65966977702453,1,5-15km,anticipation1
2006,2008,-857.8401460611333,551.2340284345187,1,5-15km,anticipation1
2006,2009,-512.2007854252117,472.83142926633553,1,5-15km,anticipation1
2006,2010,16.490577158746078,706.5448186586307,1,5-15km,anticipation1
2006,2011,-682.9102486773427,473.73643497891976,1,5-15km,anticipation1
2006,2012,-665.3059306818345,525.0556646878733,1,5-15km,anticipation1
2006,2013,-634.3726767727942,476.66281250294435,1,5-15km,anticipation1
2006,2014,-915.1652626671346,450.283176857834,1,5-15km,anticipation1
2006,2015,-783.2201271136303,484.1247641651322,1,5-15km,anticipation1
2006,2016,-1343.752474801635,501.6734286607768,1,5-15km,anticipation1
2006,2017,-690.3903617012365,724.8329816008466,1,5-15km,anticipation1
2006,2018,-1704.059083803817,481.90278431514497,1,5-15km,anticipation1
2006,2019,-1612.3914116503079,420.0175305622843,1,5-15km,anticipation1
2006,2020,-2187.0716711192413,446.5458996409508,1,5-15km,anticipation1
2006,2021,-1784.8986850877309,447.2348293680746,1,5-15km,anticipation1
2006,2022,-2184.4659974334754,427.51367899662495,1,5-15km,anticipation1
2006,2023,-1111.382137764353,469.9153902238323,1,5-15km,anticipation1
2006,2024,-1223.530598337509,498.6355057515333,1,5-15km,anticipation1
2006,2025,-1217.304011316027,438.0193449044783,1,5-15km,anticipation1
2007,2002,247.43539989229225,77.50589069907207,1,5-15km,anticipation1
2007,2003,172.41401923805353,58.234810882280776,1,5-15km,anticipation1
2007,2004,-855.3038697601555,59.862112065244446,1,5-15km,anticipation1
2007,2005,484.37515028320274,52.57820083271643,1,5-15km,anticipation1
2007,2006,-136.56682836516188,49.06757782253378,1,5-15km,anticipation1
2007,2007,-356.4757962192505,48.733845271085585,1,5-15km,anticipation1
2007,2008,155.1010930423384,66.91141407264699,1,5-15km,anticipation1
2007,2009,-363.9843443544779,56.51055296033238,1,5-15km,anticipation1
2007,2010,177.99637920453483,61.02218102578707,1,5-15km,anticipation1
2007,2011,-106.2536163192276,48.962148261540804,1,5-15km,anticipation1
2007,2012,-204.82045465295124,62.40783160102566,1,5-15km,anticipation1
2007,2013,455.90805622380935,45.08981636107175,1,5-15km,anticipation1
2007,2014,79.80846408984112,45.247657903415686,1,5-15km,anticipation1
2007,2015,243.90802602210783,40.885997445004975,1,5-15km,anticipation1
2007,2016,-636.5136160095253,52.207817953153494,1,5-15km,anticipation1
2007,2017,-1569.7384552445712,70.62062586278643,1,5-15km,anticipation1
2007,2018,-1113.0510049410377,52.22083105321969,1,5-15km,anticipation1
2007,2019,-370.41833322441744,57.048404450329244,1,5-15km,anticipation1
2007,2020,-797.6997632197844,58.06500536583216,1,5-15km,anticipation1
2007,2021,-550.8967886731106,56.4650116711894,1,5-15km,anticipation1
2007,2022,-470.31380065192496,61.97166456815962,1,5-15km,anticipation1
2007,2023,-287.8100218605652,49.31452390874662,1,5-15km,anticipation1
2007,2024,-402.4087354136368,54.73087417891888,1,5-15km,anticipation1
2007,2025,-104.08139639574483,54.299326701180256,1,5-15km,anticipation1
2008,2002,925.3648752093623,198.2797675612102,1,5-15km,anticipation1
2008,2003,-2.3786386733147538,202.44992923817873,1,5-15km,anticipation1
2008,2004,-785.8095395899179,180.8878119995387,1,5-15km,anticipation1
2008,2005,126.27657518876208,168.18614092200428,1,5-15km,anticipation1
2008,2006,-231.7752097597729,143.49153293098448,1,5-15km,anticipation1
2008,2007,-597.283894510418,117.05106164849504,1,5-15km,anticipation1
2008,2008,-384.55428257086555,114.50752604488206,1,5-15km,anticipation1
2008,2009,-233.33496642765232,129.6920015076605,1,5-15km,anticipation1
2008,2010,-124.20974407717347,146.4687308205666,1,5-15km,anticipation1
2008,2011,-97.41050141706887,148.47437846091145,1,5-15km,anticipation1
2008,2012,-637.2523110356115,119.24915804455509,1,5-15km,anticipation1
2008,2013,-68.88048727665364,114.65239588503434,1,5-15km,anticipation1
2008,2014,-389.66355956139347,113.50430184291494,1,5-15km,anticipation1
2008,2015,-182.92623143519984,117.093611095911,1,5-15km,anticipation1
2008,2016,-913.453445198998,125.77376509558754,1,5-15km,anticipation1
2008,2017,-528.3200195292732,227.102638355393,1,5-15km,anticipation1
2008,2018,-996.8186996675234,143.86612927265574,1,5-15km,anticipation1
2008,2019,-530.6910009993059,128.6000713773888,1,5-15km,anticipation1
2008,2020,-460.60458680998715,165.39244157599825,1,5-15km,anticipation1
2008,2021,-827.1353030996645,131.56258250265952,1,5-15km,anticipation1
2008,2022,-932.2897602331752,123.64865445136766,1,5-15km,anticipation1
2008,2023,-339.4656108592677,132.82268178253622,1,5-15km,anticipation1
2008,2024,-775.542930523432,123.46377739305673,1,5-15km,anticipation1
2008,2025,-348.06776911333543,136.8272197411857,1,5-15km,anticipation1
2009,2002,436.75504261053646,56.71539333346185,1,5-15km,anticipation1
2009,2003,98.6322307467268,50.77606710665068,1,5-15km,anticipation1
2009,2004,-595.8061852883231,56.32620864421496,1,5-15km,anticipation1
2009,2005,323.0125681720964,56.41028796316809,1,5-15km,anticipation1
2009,2006,-235.38586547758268,47.62806849997563,1,5-15km,anticipation1
2009,2007,-316.6468846757488,48.60248857644255,1,5-15km,anticipation1
2009,2008,396.1452305966803,50.872003732829434,1,5-15km,anticipation1
2009,2009,229.09739218061435,58.19960262215666,1,5-15km,anticipation1
2009,2010,654.2321468647419,66.00193598479686,1,5-15km,anticipation1
2009,2011,384.05995830976366,51.7391755153266,1,5-15km,anticipation1
2009,2012,174.12701402546656,55.01250763660654,1,5-15km,anticipation1
2009,2013,985.1851738869742,47.790170588673696,1,5-15km,anticipation1
2009,2014,629.3306387390835,50.02211140507166,1,5-15km,anticipation1
2009,2015,824.9528335353577,47.295331382391424,1,5-15km,anticipation1
2009,2016,240.33961613742355,67.67033264375382,1,5-15km,anticipation1
2009,2017,-999.346119386269,69.27446278670806,1,5-15km,anticipation1
2009,2018,-412.86045128722344,61.347730380783965,1,5-15km,anticipation1
2009,2019,229.24128630465614,54.35965828893889,1,5-15km,anticipation1
2009,2020,9.34797258125539,62.98604759638967,1,5-15km,anticipation1
2009,2021,70.84690346896225,62.16376521456861,1,5-15km,anticipation1
2009,2022,145.11885382382968,56.839817967673724,1,5-15km,anticipation1
2009,2023,479.53627301537557,56.896124273749344,1,5-15km,anticipation1
2009,2024,267.5741051116175,57.85413811721247,1,5-15km,anticipation1
2009,2025,518.6773121842945,59.95461914504709,1,5-15km,anticipation1
2010,2002,335.31888525366674,193.51689157560685,1,5-15km,anticipation1
2010,2003,-288.941647627009,148.6590685593915,1,5-15km,anticipation1
2010,2004,-129.2273867445283,119.49143979389382,1,5-15km,anticipation1
2010,2005,27.54984994497022,125.83136014985773,1,5-15km,anticipation1
2010,2006,534.9359555982427,168.26757181860182,1,5-15km,anticipation1
2010,2007,-1077.6326592232167,166.33078932079192,1,5-15km,anticipation1
2010,2008,614.6375686830821,117.35853590433865,1,5-15km,anticipation1
2010,2009,204.66978743258926,151.5440339001896,1,5-15km,anticipation1
2010,2010,146.22974643276484,150.990957098088,1,5-15km,anticipation1
2010,2011,283.5100039137427,165.63103338782767,1,5-15km,anticipation1
2010,2012,-26.2342376723102,143.6934617103664,1,5-15km,anticipation1
2010,2013,474.0647251226235,134.51998308496118,1,5-15km,anticipation1
2010,2014,-22.240014337185016,169.69240553952196,1,5-15km,anticipation1
2010,2015,125.42842648598537,127.77254931840582,1,5-15km,anticipation1
2010,2016,-499.2421298693016,189.67382651246896,1,5-15km,anticipation1
2010,2017,-1457.801210607492,205.4254578517697,1,5-15km,anticipation1
2010,2018,-1379.9245968895184,123.43063149818805,1,5-15km,anticipation1
2010,2019,-692.7237063451857,118.04398694553225,1,5-15km,anticipation1
2010,2020,-1033.6725030724724,128.22536993882468,1,5-15km,anticipation1
2010,2021,-755.7299906408862,174.11634866024787,1,5-15km,anticipation1
2010,2022,-714.9615460533415,144.69552543081167,1,5-15km,anticipation1
2010,2023,-275.1834451780865,152.6545571887773,1,5-15km,anticipation1
2010,2024,105.46739495991301,253.04795581719472,1,5-15km,anticipation1
2010,2025,-242.8144374422056,155.48426688928402,1,5-15km,anticipation1
2011,2002,150.1346959697505,101.94575076648627,1,5-15km,anticipation1
2011,2003,72.66182851426674,98.46019592911887,1,5-15km,anticipation1
2011,2004,800.0934501689723,129.39374347750666,1,5-15km,anticipation1
2011,2005,-627.5310191293802,136.8665247387312,1,5-15km,anticipation1
2011,2006,85.06152540855075,129.0719039948715,1,5-15km,anticipation1
2011,2007,138.48386144850093,136.6565222462814,1,5-15km,anticipation1
2011,2008,-812.1304160447112,141.86599936026278,1,5-15km,anticipation1
2011,2009,550.1381504154288,125.94996522599921,1,5-15km,anticipation1
2011,2010,-224.92200836596288,129.4798559505781,1,5-15km,anticipation1
2011,2011,-1079.618744092047,120.2317363908814,1,5-15km,anticipation1
2011,2012,-1011.2566029187319,137.61824063993316,1,5-15km,anticipation1
2011,2013,-942.3934382156149,126.41249928315071,1,5-15km,anticipation1
2011,2014,-640.576475791768,159.09774438984124,1,5-15km,anticipation1
2011,2015,-740.1972833254847,131.39862766441044,1,5-15km,anticipation1
2011,2016,-1290.2349847766593,146.2248251961875,1,5-15km,anticipation1
2011,2017,-474.7265924188948,167.1576654455833,1,5-15km,anticipation1
2011,2018,-1105.866753437053,150.04076791240865,1,5-15km,anticipation1
2011,2019,-975.4198264193133,137.34590972667147,1,5-15km,anticipation1
2011,2020,-1418.4240680983364,135.11788724791205,1,5-15km,anticipation1
2011,2021,-1051.5515999001625,139.47537850852592,1,5-15km,anticipation1
2011,2022,-1407.2618108189242,134.50169827070482,1,5-15km,anticipation1
2011,2023,-1155.5841897197267,129.00255670769948,1,5-15km,anticipation1
2011,2024,-1364.8635201811608,142.4400801204599,1,5-15km,anticipation1
2011,2025,-868.2948330222762,139.57650679637405,1,5-15km,anticipation1
2012,2002,-491.11467247048176,264.8943693916324,1,5-15km,anticipation1
2012,2003,1553.6586729168744,276.6251012371093,1,5-15km,anticipation1
2012,2004,-1428.0129270233429,270.825194808577,1,5-15km,anticipation1
2012,2005,918.7699738929547,247.40575660726125,1,5-15km,anticipation1
2012,2006,-919.3431466945302,322.4378652247441,1,5-15km,anticipation1
2012,2007,-88.07527508473561,187.7710168726753,1,5-15km,anticipation1
2012,2008,607.7525371866691,204.10091850481217,1,5-15km,anticipation1
2012,2009,-133.5449807844539,343.5890632037153,1,5-15km,anticipation1
2012,2010,347.9150846616404,362.658517099975,1,5-15km,anticipation1
2012,2011,-606.3735708781319,227.80260394113134,1,5-15km,anticipation1
2012,2012,-984.3449328538181,183.8391721783566,1,5-15km,anticipation1
2012,2013,-375.13245328944015,199.16638973464828,1,5-15km,anticipation1
2012,2014,-597.4074228863295,201.96637358647473,1,5-15km,anticipation1
2012,2015,112.85516058652581,255.99258797668745,1,5-15km,anticipation1
2012,2016,-869.356351109707,305.6868444537225,1,5-15km,anticipation1
2012,2017,-1438.4695138880418,299.60525742205476,1,5-15km,anticipation1
2012,2018,-315.5710608366139,420.86840727348374,1,5-15km,anticipation1
2012,2019,-272.9277426025594,325.29404310117775,1,5-15km,anticipation1
2012,2020,-1079.7877408348927,241.92159829290975,1,5-15km,anticipation1
2012,2021,-626.6610312026953,298.7317107798572,1,5-15km,anticipation1
2012,2022,-1178.1053614761224,217.41931675875992,1,5-15km,anticipation1
2012,2023,-492.98032913105783,245.9544137649663,1,5-15km,anticipation1
2012,2024,-757.8535925485871,257.5442246438039,1,5-15km,anticipation1
2012,2025,-489.0307601456776,291.25769131751457,1,5-15km,anticipation1
2013,2002,279.13737290753306,136.4169821719728,1,5-15km,anticipation1
2013,2003,767.0756973392522,197.39599263333244,1,5-15km,anticipation1
2013,2004,-1413.2725046376854,219.690285437393,1,5-15km,anticipation1
2013,2005,691.2111662130059,164.1155737032376,1,5-15km,anticipation1
2013,2006,67.51921892543214,233.31411260841168,1,5-15km,anticipation1
2013,2007,-477.4027423263939,234.32563953146786,1,5-15km,anticipation1
2013,2008,727.4276939719064,196.079549738346,1,5-15km,anticipation1
2013,2009,-570.6604516267635,201.96408418414717,1,5-15km,anticipation1
2013,2010,65.54209094287899,179.8733781393798,1,5-15km,anticipation1
2013,2011,159.55186601959417,185.72553993882943,1,5-15km,anticipation1
2013,2012,-168.721970620408,199.60014268209446,1,5-15km,anticipation1
2013,2013,262.64888558425116,195.71916091406953,1,5-15km,anticipation1
2013,2014,422.19305960289995,276.565799076089,1,5-15km,anticipation1
2013,2015,447.00764307459497,191.10132733083557,1,5-15km,anticipation1
2013,2016,24412.6241405253,2620.487099063802,1,5-15km,anticipation1
2013,2017,-966.4190134216261,249.97372464034083,1,5-15km,anticipation1
2013,2018,-912.2382718786938,222.70342379778185,1,5-15km,anticipation1
2013,2019,1551.2606315760906,712.6975046747255,1,5-15km,anticipation1
2013,2020,-844.5067208473754,194.8795008763113,1,5-15km,anticipation1
2013,2021,-364.4879869427231,249.89817564464153,1,5-15km,anticipation1
2013,2022,-515.0034973363355,196.87536515966974,1,5-15km,anticipation1
2013,2023,-171.08818609755133,207.6888176451517,1,5-15km,anticipation1
2013,2024,-652.0243384971735,185.589635064392,1,5-15km,anticipation1
2013,2025,-60.81351216211533,192.37934447891382,1,5-15km,anticipation1
2014,2002,-1824.4920800186092,516.3106948463055,1,5-15km,anticipation1
2014,2003,-132.9080419898678,146.0136870709796,1,5-15km,anticipation1
2014,2004,-187.68392252282752,230.700018084168,1,5-15km,anticipation1
2014,2005,61.135991671980776,240.0186625589875,1,5-15km,anticipation1
2014,2006,-40.16567051252173,160.8697922782961,1,5-15km,anticipation1
2014,2007,1860.0028177722268,458.16699540060785,1,5-15km,anticipation1
2014,2008,-803.8301939081925,717.251006121845,1,5-15km,anticipation1
2014,2009,-667.7227629622193,728.9560431750057,1,5-15km,anticipation1
2014,2010,-329.425115703194,227.36143976563676,1,5-15km,anticipation1
2014,2011,-12.915232549211012,268.5690390692812,1,5-15km,anticipation1
2014,2012,194.50170033924894,286.99059452633884,1,5-15km,anticipation1
2014,2013,363.69798077216035,271.08861475653754,1,5-15km,anticipation1
2014,2014,-34.759277141963366,261.2193466313975,1,5-15km,anticipation1
2014,2015,567.557262392648,348.8802845927427,1,5-15km,anticipation1
2014,2016,-349.0855989897202,405.1286829328856,1,5-15km,anticipation1
2014,2017,-1530.543656521723,454.5603115167502,1,5-15km,anticipation1
2014,2018,-1393.7873991662746,239.05795727102048,1,5-15km,anticipation1
2014,2019,294.74719667239196,550.6987184366777,1,5-15km,anticipation1
2014,2020,-913.2542164283661,240.48693639183443,1,5-15km,anticipation1
2014,2021,-289.82071595271464,213.9571816968347,1,5-15km,anticipation1
2014,2022,-552.855492171155,283.73661960032683,1,5-15km,anticipation1
2014,2023,-578.8508946056827,233.83011537822688,1,5-15km,anticipation1
2014,2024,-753.5230143108059,230.2361309810017,1,5-15km,anticipation1
2014,2025,140.96756376032158,417.26456681518647,1,5-15km,anticipation1
2018,2002,-8.420555473723766,83.99503261044217,1,5-15km,anticipation1
2018,2003,91.36359948993254,71.16604151129752,1,5-15km,anticipation1
2018,2004,-145.03378174683883,97.29345070909669,1,5-15km,anticipation1
2018,2005,81.1354844530947,101.4537214452823,1,5-15km,anticipation1
2018,2006,376.5679583310125,120.70114173289487,1,5-15km,anticipation1
2018,2007,-636.4233537173229,117.63533652413216,1,5-15km,anticipation1
2018,2008,273.03186078009753,98.87243312289338,1,5-15km,anticipation1
2018,2009,-105.00297223728444,98.17425471701577,1,5-15km,anticipation1
2018,2010,510.62893741823257,113.002910986093,1,5-15km,anticipation1
2018,2011,-446.9476027034839,104.08691442905518,1,5-15km,anticipation1
2018,2012,-133.25295025484576,83.90950263288899,1,5-15km,anticipation1
2018,2013,338.17340145232686,71.58991090825934,1,5-15km,anticipation1
2018,2014,-53.796082358335866,76.69296148122584,1,5-15km,anticipation1
2018,2015,69.16726531199106,87.19333698712204,1,5-15km,anticipation1
2018,2016,-803.1296630887792,84.17778357549201,1,5-15km,anticipation1
2018,2017,-447.67678773118223,106.41358044087804,1,5-15km,anticipation1
2018,2018,-430.6194924063195,96.30366808798193,1,5-15km,anticipation1
2018,2019,212.40514451315272,88.46817300666041,1,5-15km,anticipation1
2018,2020,-85.7649300685058,99.9543089010248,1,5-15km,anticipation1
2018,2021,215.33744557326273,110.12640150115116,1,5-15km,anticipation1
2018,2022,188.49733813535454,97.45760112204485,1,5-15km,anticipation1
2018,2023,527.5323173056469,96.81951922120875,1,5-15km,anticipation1
2018,2024,255.757355628161,108.57992012217228,1,5-15km,anticipation1
2018,2025,356.85325302533226,89.2004308716967,1,5-15km,anticipation1
2019,2002,1767.4467166656877,1130.9910225337342,1,5-15km,anticipation1
2019,2003,-787.7811531831127,1101.017253708015,1,5-15km,anticipation1
2019,2004,1648.1110966105216,2477.4324576723857,1,5-15km,anticipation1
2019,2005,-194.67398656226908,1877.1983868817288,1,5-15km,anticipation1
2019,2006,-2074.9495537953744,1467.2236387680027,1,5-15km,anticipation1
2019,2007,1083.738406943635,920.7012957282766,1,5-15km,anticipation1
2019,2008,-740.7553538453633,1171.0647037915692,1,5-15km,anticipation1
2019,2009,4587.077946022325,3265.8218909987227,1,5-15km,anticipation1
2019,2010,-4570.656822758218,3156.8303882273085,1,5-15km,anticipation1
2019,2011,2112.7898809322523,1073.484555983718,1,5-15km,anticipation1
2019,2012,-595.5605850065022,1151.5578514664803,1,5-15km,anticipation1
2019,2013,-400.9930276077839,711.1716983887079,1,5-15km,anticipation1
2019,2014,-812.6102748851895,284.2084032163959,1,5-15km,anticipation1
2019,2015,537.4646451702021,438.06399731348876,1,5-15km,anticipation1
2019,2016,-875.162203174268,361.73889955143676,1,5-15km,anticipation1
2019,2017,1797.3550769554236,1528.4546894663583,1,5-15km,anticipation1
2019,2018,-2685.146289179923,1784.8882454721722,1,5-15km,anticipation1
2019,2019,-973.3963420185903,1726.7223872894108,1,5-15km,anticipation1
2019,2020,1621.4666761992241,4080.978458839571,1,5-15km,anticipation1
2019,2021,-1339.6516479406096,1461.39784171925,1,5-15km,anticipation1
2019,2022,-243.68096359050446,1682.1087395925608,1,5-15km,anticipation1
2019,2023,-1248.9263590536148,1664.8087414870743,1,5-15km,anticipation1
2019,2024,-1332.385201473041,1698.5757635899638,1,5-15km,anticipation1
2019,2025,-850.0066477855883,1557.7432571249442,1,5-15km,anticipation1
2020,2002,496.6877503406025,30.945812432792774,1,5-15km,anticipation1
2020,2003,221.01182872309153,28.74048830178038,1,5-15km,anticipation1
2020,2004,-719.0154208624006,48.096467373914585,1,5-15km,anticipation1
2020,2005,333.04322033688186,48.26019444076768,1,5-15km,anticipation1
2020,2006,-43.719609428601615,33.00508087684986,1,5-15km,anticipation1
2020,2007,-294.55508443434314,35.283603642973254,1,5-15km,anticipation1
2020,2008,352.27610347570146,38.454070442369094,1,5-15km,anticipation1
2020,2009,-308.55176966200224,43.224600851623954,1,5-15km,anticipation1
2020,2010,342.26903768966315,42.87464861870084,1,5-15km,anticipation1
2020,2011,19.410187132791236,34.73853270232609,1,5-15km,anticipation1
2020,2012,-367.5350888478441,37.2612846407978,1,5-15km,anticipation1
2020,2013,1032.8929689447314,36.795982154512174,1,5-15km,anticipation1
2020,2014,-518.8391929142505,29.601077149191873,1,5-15km,anticipation1
2020,2015,272.3908685397711,25.407914430338533,1,5-15km,anticipation1
2020,2016,-1086.7096454207394,37.618560985009864,1,5-15km,anticipation1
2020,2017,-849.2041826771399,63.76537894535873,1,5-15km,anticipation1
2020,2018,1451.9244825115188,116.47436158181814,1,5-15km,anticipation1
2020,2019,195.9702721817057,110.74592895790866,1,5-15km,anticipation1
2020,2020,38.34371523722416,135.49685865843432,1,5-15km,anticipation1
2020,2021,215.10032813536486,134.21052475859764,1,5-15km,anticipation1
2020,2022,414.5892100501336,138.80461124652334,1,5-15km,anticipation1
2020,2023,198.01629046443054,121.47559850869986,1,5-15km,anticipation1
2020,2024,432.40622460701275,133.59937976629507,1,5-15km,anticipation1
2020,2025,387.6585021739836,122.6611334020636,1,5-15km,anticipation1
2021,2002,343.21240890650404,231.67344975623215,1,5-15km,anticipation1
2021,2003,-629.2873144062321,219.28077675415847,1,5-15km,anticipation1
2021,2004,1859.5598915988026,350.14978671480833,1,5-15km,anticipation1
2021,2005,-1261.2148834396073,364.62207766656377,1,5-15km,anticipation1
2021,2006,-203.6480998119409,254.7636351998126,1,5-15km,anticipation1
2021,2007,-339.1619756175105,234.22502077174113,1,5-15km,anticipation1
2021,2008,-198.99111134922305,186.4400288069781,1,5-15km,anticipation1
2021,2009,255.43722320595094,216.05482894728985,1,5-15km,anticipation1
2021,2010,-208.99231698392197,195.1099684015173,1,5-15km,anticipation1
2021,2011,356.6830259502294,180.71871019125197,1,5-15km,anticipation1
2021,2012,549.1815263400706,226.86612576013133,1,5-15km,anticipation1
2021,2013,-940.6569829474968,233.54322003574896,1,5-15km,anticipation1
2021,2014,131.47241904395878,133.21359194949682,1,5-15km,anticipation1
2021,2015,51.485035835576355,168.00778709754465,1,5-15km,anticipation1
2021,2016,-373.87100560268595,185.8360742470869,1,5-15km,anticipation1
2021,2017,802.1968431969678,269.74369041825344,1,5-15km,anticipation1
2021,2018,-990.0736020283586,290.7170366204669,1,5-15km,anticipation1
2021,2019,164.72630643019818,187.36052077917512,1,5-15km,anticipation1
2021,2020,-608.478926202682,146.79317290892828,1,5-15km,anticipation1
2021,2021,-331.82439114753447,166.3793959853828,1,5-15km,anticipation1
2021,2022,-199.62206237384748,174.12225955155387,1,5-15km,anticipation1
2021,2023,403.68632428061346,181.8869055484462,1,5-15km,anticipation1
2021,2024,-17.705273695736196,162.98972365426013,1,5-15km,anticipation1
2021,2025,332.1498480590869,214.47908634909052,1,5-15km,anticipation1
2024,2002,-514.1964016562881,90.80479065466501,1,5-15km,anticipation1
2024,2003,935.971631566037,72.52590048903285,1,5-15km,anticipation1
2024,2004,-1040.8247897711124,102.43175538337366,1,5-15km,anticipation1
2024,2005,470.74152991107985,97.01687074387645,1,5-15km,anticipation1
2024,2006,-188.21968305547128,93.55539356708171,1,5-15km,anticipation1
2024,2007,83.61743350003667,101.22119845574079,1,5-15km,anticipation1
2024,2008,-306.3381738812526,92.0782313181591,1,5-15km,anticipation1
2024,2009,44.2105681285953,81.06692792446063,1,5-15km,anticipation1
2024,2010,502.1709648665905,86.51340949241032,1,5-15km,anticipation1
2024,2011,-675.6618652816754,72.2528289562815,1,5-15km,anticipation1
2024,2012,339.5733004913028,70.6591470027622,1,5-15km,anticipation1
2024,2013,63.271041847333436,66.04226073490373,1,5-15km,anticipation1
2024,2014,35.49063404140543,56.80814418566558,1,5-15km,anticipation1
2024,2015,101.33400157558276,72.84726119940503,1,5-15km,anticipation1
2024,2016,-39.20421434509217,102.03305756014062,1,5-15km,anticipation1
2024,2017,-328.35505654678377,122.10583256711762,1,5-15km,anticipation1
2024,2018,-635.6241620931403,101.86063060223464,1,5-15km,anticipation1
2024,2019,313.1425827170251,69.72979471220286,1,5-15km,anticipation1
2024,2020,-319.52149099391164,65.93712472654838,1,5-15km,anticipation1
2024,2021,188.27700423277278,72.00992974067954,1,5-15km,anticipation1
2024,2022,162.16000114576184,64.9384987718665,1,5-15km,anticipation1
2024,2023,493.61767964517645,73.27791590681241,1,5-15km,anticipation1
2024,2024,-101.24348146355896,67.30337497560355,1,5-15km,anticipation1
2024,2025,206.648264300783,70.1128784773067,1,5-15km,anticipation1
2025,2002,440.18430447931564,241.56867986743703,1,5-15km,anticipation1
2025,2003,177.93919557095086,220.53683735969142,1,5-15km,anticipation1
2025,2004,562.3680042405261,218.1855141369547,1,5-15km,anticipation1
2025,2005,-250.04568498007575,237.72333256175074,1,5-15km,anticipation1
2025,2006,774.5611491202847,290.52178575126453,1,5-15km,anticipation1
2025,2007,-880.7733395893533,331.02157519983746,1,5-15km,anticipation1
2025,2008,6.546546476250512,306.96513796657166,1,5-15km,anticipation1
2025,2009,-475.94736886137025,243.88188280851188,1,5-15km,anticipation1
2025,2010,814.665790976222,244.9156889701788,1,5-15km,anticipation1
2025,2011,174.28422004873505,285.06481123710074,1,5-15km,anticipation1
2025,2012,-990.8873146540307,259.32680828654327,1,5-15km,anticipation1
2025,2013,-668.8920343937045,220.12196892935933,1,5-15km,anticipation1
2025,2014,325.9850941266228,189.70362349925543,1,5-15km,anticipation1
2025,2015,53.48259829136947,148.34793714091765,1,5-15km,anticipation1
2025,2016,801.2857936569931,215.48819988662711,1,5-15km,anticipation1
2025,2017,394.536172001026,293.6071866296926,1,5-15km,anticipation1
2025,2018,242.335617653157,301.6786064974575,1,5-15km,anticipation1
2025,2019,-362.5069167769368,328.7613287455562,1,5-15km,anticipation1
2025,2020,-170.2379032735825,295.76776037537513,1,5-15km,anticipation1
2025,2021,-680.5849429137891,258.95971024773735,1,5-15km,anticipation1
2025,2022,341.6420761249176,305.03712835982304,1,5-15km,anticipation1
2025,2023,-397.0999525518332,290.89861706595775,1,5-15km,anticipation1
2025,2024,-1192.4887990559064,177.7125157966606,1,5-15km,anticipation1
2025,2025,-394.31852386530045,198.88744405540433,1,5-15km,anticipation1
2013,2002,372.44681383613465,,0,5-15km,dr_geography
2013,2003,1105.9998104264794,,0,5-15km,dr_geography
2013,2004,71.06816451381373,,0,5-15km,dr_geography
2013,2005,391.79674791953965,,0,5-15km,dr_geography
2013,2006,568.0040140497325,,0,5-15km,dr_geography
2013,2007,295.4021042826893,,0,5-15km,dr_geography
2013,2008,894.2341030046923,,0,5-15km,dr_geography
2013,2009,191.69615044860143,,0,5-15km,dr_geography
2013,2010,348.337903492795,,0,5-15km,dr_geography
2013,2011,412.0145009787913,,0,5-15km,dr_geography
2013,2012,0.0,,0,5-15km,dr_geography
2013,2013,626.2309002867119,,0,5-15km,dr_geography
2013,2014,969.7108864126823,,0,5-15km,dr_geography
2013,2015,940.4391682421991,,0,5-15km,dr_geography
2013,2016,25360.234874726837,,0,5-15km,dr_geography
2013,2017,106.05963046538449,,0,5-15km,dr_geography
2013,2018,429.9956222181855,,0,5-15km,dr_geography
2013,2019,2413.8228670952494,,0,5-15km,dr_geography
2013,2020,415.42224900233174,,0,5-15km,dr_geography
2013,2021,718.412741708056,,0,5-15km,dr_geography
2013,2022,472.50923771026464,,0,5-15km,dr_geography
2013,2023,280.4727597765978,,0,5-15km,dr_geography
2013,2024,-46.780537083942605,,0,5-15km,dr_geography
2013,2025,435.46302342109135,,0,5-15km,dr_geography
2014,2002,-387.2059735976444,,0,5-15km,dr_geography
2014,2003,-622.0183825851714,,0,5-15km,dr_geography
2014,2004,-517.6657816530957,,0,5-15km,dr_geography
2014,2005,-717.8666209661834,,0,5-15km,dr_geography
2014,2006,-625.7026888358052,,0,5-15km,dr_geography
2014,2007,1362.642740958174,,0,5-15km,dr_geography
2014,2008,405.1591559867759,,0,5-15km,dr_geography
2014,2009,-386.11598212000814,,0,5-15km,dr_geography
2014,2010,-505.8133541650983,,0,5-15km,dr_geography
2014,2011,-454.64135933312156,,0,5-15km,dr_geography
2014,2012,-417.23545896910633,,0,5-15km,dr_geography
2014,2013,0.0,,0,5-15km,dr_geography
2014,2014,-249.7500457361526,,0,5-15km,dr_geography
2014,2015,260.68164253196386,,0,5-15km,dr_geography
2014,2016,-186.80457754305465,,0,5-15km,dr_geography
2014,2017,-1022.7242188819055,,0,5-15km,dr_geography
2014,2018,-642.7610245202144,,0,5-15km,dr_geography
2014,2019,450.6497466730364,,0,5-15km,dr_geography
2014,2020,-229.78694285338798,,0,5-15km,dr_geography
2014,2021,79.69877269904265,,0,5-15km,dr_geography
2014,2022,-277.2877070334219,,0,5-15km,dr_geography
2014,2023,-881.9786412422437,,0,5-15km,dr_geography
2014,2024,-734.0780751765508,,0,5-15km,dr_geography
2014,2025,-30.76379699181017,,0,5-15km,dr_geography
2018,2002,907.7032372433873,,0,5-15km,dr_geography
2018,2003,1040.5983453058163,,0,5-15km,dr_geography
2018,2004,988.4538326694551,,0,5-15km,dr_geography
2018,2005,921.5621334550619,,0,5-15km,dr_geography
2018,2006,1316.575919429184,,0,5-15km,dr_geography
2018,2007,735.5590472242422,,0,5-15km,dr_geography
2018,2008,967.9581612443394,,0,5-15km,dr_geography
2018,2009,819.2227248726742,,0,5-15km,dr_geography
2018,2010,1345.583834589556,,0,5-15km,dr_geography
2018,2011,816.0716084143226,,0,5-15km,dr_geography
2018,2012,565.0499336316132,,0,5-15km,dr_geography
2018,2013,1032.4146013335524,,0,5-15km,dr_geography
2018,2014,1044.892755427588,,0,5-15km,dr_geography
2018,2015,1124.4821827936348,,0,5-15km,dr_geography
2018,2016,484.5477357499269,,0,5-15km,dr_geography
2018,2017,0.0,,0,5-15km,dr_geography
2018,2018,111.71561309098522,,0,5-15km,dr_geography
2018,2019,534.6274453961241,,0,5-15km,dr_geography
2018,2020,320.9893474357221,,0,5-15km,dr_geography
2018,2021,594.6482341713844,,0,5-15km,dr_geography
2018,2022,550.608683937389,,0,5-15km,dr_geography
2018,2023,735.9773023257446,,0,5-15km,dr_geography
2018,2024,451.6299901679052,,0,5-15km,dr_geography
2018,2025,536.179402770257,,0,5-15km,dr_geography
2019,2002,1513.991639080141,,0,5-15km,dr_geography
2019,2003,820.6660667361016,,0,5-15km,dr_geography
2019,2004,2513.570273486514,,0,5-15km,dr_geography
2019,2005,2105.8438695949126,,0,5-15km,dr_geography
2019,2006,73.75497366722456,,0,5-15km,dr_geography
2019,2007,1220.037956861168,,0,5-15km,dr_geography
2019,2008,447.03232368445146,,0,5-15km,dr_geography
2019,2009,4883.932978147182,,0,5-15km,dr_geography
2019,2010,452.3078203637745,,0,5-15km,dr_geography
2019,2011,2428.3131026154997,,0,5-15km,dr_geography
2019,2012,1729.0884292885341,,0,5-15km,dr_geography
2019,2013,1600.8370766750559,,0,5-15km,dr_geography
2019,2014,882.5790330671358,,0,5-15km,dr_geography
2019,2015,1449.1870795671841,,0,5-15km,dr_geography
2019,2016,792.6408501873797,,0,5-15km,dr_geography
2019,2017,2445.828441180882,,0,5-15km,dr_geography
2019,2018,0.0,,0,5-15km,dr_geography
2019,2019,1297.4640320094286,,0,5-15km,dr_geography
2019,2020,4110.268888619476,,0,5-15km,dr_geography
2019,2021,1092.0212962861733,,0,5-15km,dr_geography
2019,2022,2156.0328083669433,,0,5-15km,dr_geography
2019,2023,893.9092126129824,,0,5-15km,dr_geography
2019,2024,901.6456399879082,,0,5-15km,dr_geography
2019,2025,1315.4027071921014,,0,5-15km,dr_geography
2020,2002,576.6158517167902,,0,5-15km,dr_geography
2020,2003,633.0742319892133,,0,5-15km,dr_geography
2020,2004,-34.97216882686201,,0,5-15km,dr_geography
2020,2005,302.7014994001294,,0,5-15km,dr_geography
2020,2006,270.4833240079017,,0,5-15km,dr_geography
2020,2007,-139.41409155432262,,0,5-15km,dr_geography
2020,2008,192.82721598149257,,0,5-15km,dr_geography
2020,2009,-77.21976814241503,,0,5-15km,dr_geography
2020,2010,261.27901861591454,,0,5-15km,dr_geography
2020,2011,65.51500487486518,,0,5-15km,dr_geography
2020,2012,-362.84157996769085,,0,5-15km,dr_geography
2020,2013,678.5424048463575,,0,5-15km,dr_geography
2020,2014,94.66126593119218,,0,5-15km,dr_geography
2020,2015,440.2226613567815,,0,5-15km,dr_geography
2020,2016,-798.6196639193045,,0,5-15km,dr_geography
2020,2017,-1707.5393661715013,,0,5-15km,dr_geography
2020,2018,-553.4551014216753,,0,5-15km,dr_geography
2020,2019,0.0,,0,5-15km,dr_geography
2020,2020,-556.2652407525994,,0,5-15km,dr_geography
2020,2021,-282.5029527383713,,0,5-15km,dr_geography
2020,2022,-110.62541647744945,,0,5-15km,dr_geography
2020,2023,-176.9843029553861,,0,5-15km,dr_geography
2020,2024,-384.57874583330545,,0,5-15km,dr_geography
2020,2025,-124.13621713874446,,0,5-15km,dr_geography
2021,2002,1720.1497906566688,,0,5-15km,dr_geography
2021,2003,1348.9776181307802,,0,5-15km,dr_geography
2021,2004,2948.038355685068,,0,5-15km,dr_geography
2021,2005,1745.7552791811888,,0,5-15km,dr_geography
2021,2006,1522.0623917668474,,0,5-15km,dr_geography
2021,2007,1133.8362033597227,,0,5-15km,dr_geography
2021,2008,958.7092855816346,,0,5-15km,dr_geography
2021,2009,1165.6700764180457,,0,5-15km,dr_geography
2021,2010,1031.8606373930015,,0,5-15km,dr_geography
2021,2011,1290.3135008420334,,0,5-15km,dr_geography
2021,2012,1761.9788569847722,,0,5-15km,dr_geography
2021,2013,1098.690689268738,,0,5-15km,dr_geography
2021,2014,1164.0492532003984,,0,5-15km,dr_geography
2021,2015,1297.4932207451013,,0,5-15km,dr_geography
2021,2016,641.2794837881991,,0,5-15km,dr_geography
2021,2017,1102.2117109158064,,0,5-15km,dr_geography
2021,2018,441.547079358141,,0,5-15km,dr_geography
2021,2019,617.8230066070716,,0,5-15km,dr_geography
2021,2020,0.0,,0,5-15km,dr_geography
2021,2021,346.2945209870782,,0,5-15km,dr_geography
2021,2022,517.368012500769,,0,5-15km,dr_geography
2021,2023,1159.220343959377,,0,5-15km,dr_geography
2021,2024,788.9837031850051,,0,5-15km,dr_geography
2021,2025,1111.3094092814142,,0,5-15km,dr_geography
2024,2002,-5.5050853120039935,,0,5-15km,dr_geography
2024,2003,847.61123227647,,0,5-15km,dr_geography
2024,2004,-41.266084823516685,,0,5-15km,dr_geography
2024,2005,270.72894421603263,,0,5-15km,dr_geography
2024,2006,191.5026253917545,,0,5-15km,dr_geography
2024,2007,237.2572329539378,,0,5-15km,dr_geography
2024,2008,-74.04147304591578,,0,5-15km,dr_geography
2024,2009,-73.85609235783406,,0,5-15km,dr_geography
2024,2010,460.88418451901015,,0,5-15km,dr_geography
2024,2011,-163.65502533646665,,0,5-15km,dr_geography
2024,2012,23.006756306251862,,0,5-15km,dr_geography
2024,2013,170.9392992967259,,0,5-15km,dr_geography
2024,2014,255.4531586553729,,0,5-15km,dr_geography
2024,2015,317.64967568003107,,0,5-15km,dr_geography
2024,2016,362.6383282172024,,0,5-15km,dr_geography
2024,2017,-61.442903427235024,,0,5-15km,dr_geography
2024,2018,-367.2078620942137,,0,5-15km,dr_geography
2024,2019,-257.3889206744702,,0,5-15km,dr_geography
2024,2020,-379.45914139712016,,0,5-15km,dr_geography
2024,2021,-307.83788609203674,,0,5-15km,dr_geography
2024,2022,-200.97291756315673,,0,5-15km,dr_geography
2024,2023,0.0,,0,5-15km,dr_geography
2024,2024,-431.4550429250825,,0,5-15km,dr_geography
2024,2025,-215.42444339787545,,0,5-15km,dr_geography
2025,2002,509.1025848097287,,0,5-15km,dr_geography
2025,2003,1557.4977785571625,,0,5-15km,dr_geography
2025,2004,1213.1517307613574,,0,5-15km,dr_geography
2025,2005,1519.8236783507864,,0,5-15km,dr_geography
2025,2006,2078.63962221133,,0,5-15km,dr_geography
2025,2007,1272.6996897317813,,0,5-15km,dr_geography
2025,2008,1190.0725379713426,,0,5-15km,dr_geography
2025,2009,725.9103041432905,,0,5-15km,dr_geography
2025,2010,1697.06174865667,,0,5-15km,dr_geography
2025,2011,1818.4615928666929,,0,5-15km,dr_geography
2025,2012,724.8524202419839,,0,5-15km,dr_geography
2025,2013,547.0213345840211,,0,5-15km,dr_geography
2025,2014,447.4531933769541,,0,5-15km,dr_geography
2025,2015,741.5342455977961,,0,5-15km,dr_geography
2025,2016,180.08155078427302,,0,5-15km,dr_geography
2025,2017,149.4373653918908,,0,5-15km,dr_geography
2025,2018,1231.0428088550623,,0,5-15km,dr_geography
2025,2019,1060.2437446616186,,0,5-15km,dr_geography
2025,2020,835.4801739570952,,0,5-15km,dr_geography
2025,2021,349.7239727188682,,0,5-15km,dr_geography
2025,2022,876.6608353265366,,0,5-15km,dr_geography
2025,2023,949.4635596626663,,0,5-15km,dr_geography
2025,2024,0.0,,0,5-15km,dr_geography
2025,2025,700.9200880757237,,0,5-15km,dr_geography
2013,2002,-39.58348497237806,,1,5-15km,dr_geography_anticipation1
2013,2003,693.5331390980936,,1,5-15km,dr_geography_anticipation1
2013,2004,-340.1781095169222,,1,5-15km,dr_geography_anticipation1
2013,2005,-19.557395540559497,,1,5-15km,dr_geography_anticipation1
2013,2006,156.99037105755207,,1,5-15km,dr_geography_anticipation1
2013,2007,-110.71279121421213,,1,5-15km,dr_geography_anticipation1
2013,2008,481.54577317477924,,1,5-15km,dr_geography_anticipation1
2013,2009,-216.6407409333533,,1,5-15km,dr_geography_anticipation1
2013,2010,-63.98167949483462,,1,5-15km,dr_geography_anticipation1
2013,2011,0.0,,1,5-15km,dr_geography_anticipation1
2013,2012,-412.0145009787913,,1,5-15km,dr_geography_anticipation1
2013,2013,214.66850345191972,,1,5-15km,dr_geography_anticipation1
2013,2014,556.9325421869828,,1,5-15km,dr_geography_anticipation1
2013,2015,528.8495330209739,,1,5-15km,dr_geography_anticipation1
2013,2016,24952.745346058477,,1,5-15km,dr_geography_anticipation1
2013,2017,-305.2363965912834,,1,5-15km,dr_geography_anticipation1
2013,2018,18.220195667821653,,1,5-15km,dr_geography_anticipation1
2013,2019,1987.32994821976,,1,5-15km,dr_geography_anticipation1
2013,2020,3.742598972899085,,1,5-15km,dr_geography_anticipation1
2013,2021,306.5811131396359,,1,5-15km,dr_geography_anticipation1
2013,2022,60.792503416131204,,1,5-15km,dr_geography_anticipation1
2013,2023,-124.58298674764771,,1,5-15km,dr_geography_anticipation1
2013,2024,-458.4119432969393,,1,5-15km,dr_geography_anticipation1
2013,2025,21.530689970790817,,1,5-15km,dr_geography_anticipation1
2014,2002,32.905811408889285,,1,5-15km,dr_geography_anticipation1
2014,2003,-205.40139045313515,,1,5-15km,dr_geography_anticipation1
2014,2004,-99.80978012143963,,1,5-15km,dr_geography_anticipation1
2014,2005,-299.2044864656286,,1,5-15km,dr_geography_anticipation1
2014,2006,-209.49879457265064,,1,5-15km,dr_geography_anticipation1
2014,2007,1778.8805827532392,,1,5-15km,dr_geography_anticipation1
2014,2008,819.7017158860043,,1,5-15km,dr_geography_anticipation1
2014,2009,38.07509955095024,,1,5-15km,dr_geography_anticipation1
2014,2010,-91.20664874017591,,1,5-15km,dr_geography_anticipation1
2014,2011,-38.81433340263701,,1,5-15km,dr_geography_anticipation1
2014,2012,0.0,,1,5-15km,dr_geography_anticipation1
2014,2013,417.23545896910633,,1,5-15km,dr_geography_anticipation1
2014,2014,165.60233789073297,,1,5-15km,dr_geography_anticipation1
2014,2015,673.5931854558869,,1,5-15km,dr_geography_anticipation1
2014,2016,220.86483676984685,,1,5-15km,dr_geography_anticipation1
2014,2017,-604.4259066632177,,1,5-15km,dr_geography_anticipation1
2014,2018,-220.10041649841503,,1,5-15km,dr_geography_anticipation1
2014,2019,865.3857763901974,,1,5-15km,dr_geography_anticipation1
2014,2020,188.30059568148891,,1,5-15km,dr_geography_anticipation1
2014,2021,510.43254674366807,,1,5-15km,dr_geography_anticipation1
2014,2022,148.35194512418445,,1,5-15km,dr_geography_anticipation1
2014,2023,-465.5954744387616,,1,5-15km,dr_geography_anticipation1
2014,2024,-316.2653852539341,,1,5-15km,dr_geography_anticipation1
2014,2025,384.6651215147379,,1,5-15km,dr_geography_anticipation1
2018,2002,422.6280513445932,,1,5-15km,dr_geography_anticipation1
2018,2003,555.781477115214,,1,5-15km,dr_geography_anticipation1
2018,2004,503.7475452922732,,1,5-15km,dr_geography_anticipation1
2018,2005,436.81999114462076,,1,5-15km,dr_geography_anticipation1
2018,2006,832.0248983427732,,1,5-15km,dr_geography_anticipation1
2018,2007,250.66661286056296,,1,5-15km,dr_geography_anticipation1
2018,2008,484.264794353937,,1,5-15km,dr_geography_anticipation1
2018,2009,334.41097921596105,,1,5-15km,dr_geography_anticipation1
2018,2010,861.4614125321045,,1,5-15km,dr_geography_anticipation1
2018,2011,332.2144833948016,,1,5-15km,dr_geography_anticipation1
2018,2012,80.53672986066098,,1,5-15km,dr_geography_anticipation1
2018,2013,548.2420810445684,,1,5-15km,dr_geography_anticipation1
2018,2014,560.8193220145818,,1,5-15km,dr_geography_anticipation1
2018,2015,640.4744071118322,,1,5-15km,dr_geography_anticipation1
2018,2016,0.0,,1,5-15km,dr_geography_anticipation1
2018,2017,-484.5477357499269,,1,5-15km,dr_geography_anticipation1
2018,2018,-372.3924091691985,,1,5-15km,dr_geography_anticipation1
2018,2019,52.72594892733398,,1,5-15km,dr_geography_anticipation1
2018,2020,-163.3166078611848,,1,5-15km,dr_geography_anticipation1
2018,2021,110.49414751165449,,1,5-15km,dr_geography_anticipation1
2018,2022,66.46585906724044,,1,5-15km,dr_geography_anticipation1
2018,2023,250.6691700542024,,1,5-15km,dr_geography_anticipation1
2018,2024,-32.4562332631723,,1,5-15km,dr_geography_anticipation1
2018,2025,52.13484234363901,,1,5-15km,dr_geography_anticipation1
2019,2002,-931.9694014421216,,1,5-15km,dr_geography_anticipation1
2019,2003,-1625.3725875605776,,1,5-15km,dr_geography_anticipation1
2019,2004,67.65068331440538,,1,5-15km,dr_geography_anticipation1
2019,2005,-340.1128488497995,,1,5-15km,dr_geography_anticipation1
2019,2006,-2372.196274115271,,1,5-15km,dr_geography_anticipation1
2019,2007,-1225.9003443449924,,1,5-15km,dr_geography_anticipation1
2019,2008,-1998.9865596330187,,1,5-15km,dr_geography_anticipation1
2019,2009,2438.035273149746,,1,5-15km,dr_geography_anticipation1
2019,2010,-1993.680663202568,,1,5-15km,dr_geography_anticipation1
2019,2011,-17.708578536853548,,1,5-15km,dr_geography_anticipation1
2019,2012,-716.8284996924776,,1,5-15km,dr_geography_anticipation1
2019,2013,-845.5928878873676,,1,5-15km,dr_geography_anticipation1
2019,2014,-1563.3418751942702,,1,5-15km,dr_geography_anticipation1
2019,2015,-996.8366183716972,,1,5-15km,dr_geography_anticipation1
2019,2016,-1653.5530048652602,,1,5-15km,dr_geography_anticipation1
2019,2017,0.0,,1,5-15km,dr_geography_anticipation1
2019,2018,-2445.828441180882,,1,5-15km,dr_geography_anticipation1
2019,2019,-1148.5050338191945,,1,5-15km,dr_geography_anticipation1
2019,2020,1662.8262502335804,,1,5-15km,dr_geography_anticipation1
2019,2021,-1353.9813723811853,,1,5-15km,dr_geography_anticipation1
2019,2022,-289.38303331808237,,1,5-15km,dr_geography_anticipation1
2019,2023,-1552.1066625515982,,1,5-15km,dr_geography_anticipation1
2019,2024,-1544.4155733313146,,1,5-15km,dr_geography_anticipation1
2019,2025,-1130.6349357106742,,1,5-15km,dr_geography_anticipation1
2020,2002,1131.327920315427,,1,5-15km,dr_geography_anticipation1
2020,2003,1188.8129353091508,,1,5-15km,dr_geography_anticipation1
2020,2004,520.032412890526,,1,5-15km,dr_geography_anticipation1
2020,2005,856.9147155399112,,1,5-15km,dr_geography_anticipation1
2020,2006,826.6978750078101,,1,5-15km,dr_geography_anticipation1
2020,2007,415.3519441292116,,1,5-15km,dr_geography_anticipation1
2020,2008,753.5091048396274,,1,5-15km,dr_geography_anticipation1
2020,2009,477.62678807198847,,1,5-15km,dr_geography_anticipation1
2020,2010,819.0521865516167,,1,5-15km,dr_geography_anticipation1
2020,2011,617.0866107056818,,1,5-15km,dr_geography_anticipation1
2020,2012,192.4442624462663,,1,5-15km,dr_geography_anticipation1
2020,2013,1228.6354281482902,,1,5-15km,dr_geography_anticipation1
2020,2014,645.9505022204963,,1,5-15km,dr_geography_anticipation1
2020,2015,991.4012330972104,,1,5-15km,dr_geography_anticipation1
2020,2016,-238.6086330242855,,1,5-15km,dr_geography_anticipation1
2020,2017,-1153.3261500325157,,1,5-15km,dr_geography_anticipation1
2020,2018,0.0,,1,5-15km,dr_geography_anticipation1
2020,2019,553.4551014216753,,1,5-15km,dr_geography_anticipation1
2020,2020,4.965204531376095,,1,5-15km,dr_geography_anticipation1
2020,2021,261.10818069595814,,1,5-15km,dr_geography_anticipation1
2020,2022,436.47325230359723,,1,5-15km,dr_geography_anticipation1
2020,2023,378.37025079081405,,1,5-15km,dr_geography_anticipation1
2020,2024,171.44399460150868,,1,5-15km,dr_geography_anticipation1
2020,2025,426.57863418067905,,1,5-15km,dr_geography_anticipation1
2021,2002,1102.5800262984085,,1,5-15km,dr_geography_anticipation1
2021,2003,731.4947987383707,,1,5-15km,dr_geography_anticipation1
2021,2004,2330.6537182441807,,1,5-15km,dr_geography_anticipation1
2021,2005,1127.932272576591,,1,5-15km,dr_geography_anticipation1
2021,2006,905.2007763726864,,1,5-15km,dr_geography_anticipation1
2021,2007,516.3154155448891,,1,5-15km,dr_geography_anticipation1
2021,2008,341.344536183745,,1,5-15km,dr_geography_anticipation1
2021,2009,548.1819747197924,,1,5-15km,dr_geography_anticipation1
2021,2010,415.1819443595029,,1,5-15km,dr_geography_anticipation1
2021,2011,669.3453452064128,,1,5-15km,dr_geography_anticipation1
2021,2012,1144.7843701120757,,1,5-15km,dr_geography_anticipation1
2021,2013,479.7748582049329,,1,5-15km,dr_geography_anticipation1
2021,2014,543.7510750529921,,1,5-15km,dr_geography_anticipation1
2021,2015,678.6262928764205,,1,5-15km,dr_geography_anticipation1
2021,2016,22.902323813201026,,1,5-15km,dr_geography_anticipation1
2021,2017,484.3887043057869,,1,5-15km,dr_geography_anticipation1
2021,2018,-179.2175583185629,,1,5-15km,dr_geography_anticipation1
2021,2019,0.0,,1,5-15km,dr_geography_anticipation1
2021,2020,-617.8230066070716,,1,5-15km,dr_geography_anticipation1
2021,2021,-272.50574494826094,,1,5-15km,dr_geography_anticipation1
2021,2022,-101.34280025400446,,1,5-15km,dr_geography_anticipation1
2021,2023,541.9416413024105,,1,5-15km,dr_geography_anticipation1
2021,2024,172.49447256089607,,1,5-15km,dr_geography_anticipation1
2021,2025,491.44340085942474,,1,5-15km,dr_geography_anticipation1
2024,2002,195.35918679039452,,1,5-15km,dr_geography_anticipation1
2024,2003,1049.8390493574436,,1,5-15km,dr_geography_anticipation1
2024,2004,158.45239157244694,,1,5-15km,dr_geography_anticipation1
2024,2005,470.81841976075697,,1,5-15km,dr_geography_anticipation1
2024,2006,394.36346221189245,,1,5-15km,dr_geography_anticipation1
2024,2007,437.3245475260073,,1,5-15km,dr_geography_anticipation1
2024,2008,129.28959676625274,,1,5-15km,dr_geography_anticipation1
2024,2009,124.6952722809992,,1,5-15km,dr_geography_anticipation1
2024,2010,663.4176283327412,,1,5-15km,dr_geography_anticipation1
2024,2011,38.66656132155611,,1,5-15km,dr_geography_anticipation1
2024,2012,225.31614901799568,,1,5-15km,dr_geography_anticipation1
2024,2013,373.8862006719524,,1,5-15km,dr_geography_anticipation1
2024,2014,457.7069206328219,,1,5-15km,dr_geography_anticipation1
2024,2015,521.438639513042,,1,5-15km,dr_geography_anticipation1
2024,2016,568.492874271365,,1,5-15km,dr_geography_anticipation1
2024,2017,138.68443748047176,,1,5-15km,dr_geography_anticipation1
2024,2018,-170.16796182780283,,1,5-15km,dr_geography_anticipation1
2024,2019,-55.026611883521724,,1,5-15km,dr_geography_anticipation1
2024,2020,-179.3292308645642,,1,5-15km,dr_geography_anticipation1
2024,2021,-105.78414353851856,,1,5-15km,dr_geography_anticipation1
2024,2022,0.0,,1,5-15km,dr_geography_anticipation1
2024,2023,200.97291756315673,,1,5-15km,dr_geography_anticipation1
2024,2024,-232.28310966653052,,1,5-15km,dr_geography_anticipation1
2024,2025,-13.205628926120184,,1,5-15km,dr_geography_anticipation1
2025,2002,-437.00887491663514,,1,5-15km,dr_geography_anticipation1
2025,2003,605.2195167719344,,1,5-15km,dr_geography_anticipation1
2025,2004,267.0664684510697,,1,5-15km,dr_geography_anticipation1
2025,2005,572.413790609099,,1,5-15km,dr_geography_anticipation1
2025,2006,1128.5569856119232,,1,5-15km,dr_geography_anticipation1
2025,2007,328.1642311754577,,1,5-15km,dr_geography_anticipation1
2025,2008,235.43497928180204,,1,5-15km,dr_geography_anticipation1
2025,2009,-210.99832415738976,,1,5-15km,dr_geography_anticipation1
2025,2010,744.587089267518,,1,5-15km,dr_geography_anticipation1
2025,2011,866.6434419389914,,1,5-15km,dr_geography_anticipation1
2025,2012,-222.6185164954945,,1,5-15km,dr_geography_anticipation1
2025,2013,-403.197012160625,,1,5-15km,dr_geography_anticipation1
2025,2014,-504.36495754726417,,1,5-15km,dr_geography_anticipation1
2025,2015,-210.28390532916274,,1,5-15km,dr_geography_anticipation1
2025,2016,-771.4992016053826,,1,5-15km,dr_geography_anticipation1
2025,2017,-797.9250384424932,,1,5-15km,dr_geography_anticipation1
2025,2018,268.2975640657053,,1,5-15km,dr_geography_anticipation1
2025,2019,107.30577388296632,,1,5-15km,dr_geography_anticipation1
2025,2020,-115.64515150951411,,1,5-15km,dr_geography_anticipation1
2025,2021,-603.3657109806439,,1,5-15km,dr_geography_anticipation1
2025,2022,-77.79927037959654,,1,5-15km,dr_geography_anticipation1
2025,2023,0.0,,1,5-15km,dr_geography_anticipation1
2025,2024,-949.4635596626663,,1,5-15km,dr_geography_anticipation1
2025,2025,-250.89806285061084,,1,5-15km,dr_geography_anticipation1
2002,2002,542.2711350022308,19.365362660157817,0,5-25km,baseline
2002,2003,839.9011171260163,18.398366953305196,0,5-25km,baseline
2002,2004,-65.06568445665812,22.326754408860477,0,5-25km,baseline
2002,2005,431.40578307046206,20.245761616748656,0,5-25km,baseline
2002,2006,349.26821384151896,22.7360318686444,0,5-25km,baseline
2002,2007,-102.1583070623644,23.574600019583954,0,5-25km,baseline
2002,2008,213.91822516125268,23.688133425794046,0,5-25km,baseline
2002,2009,-53.106838207227504,23.57003197260627,0,5-25km,baseline
2002,2010,335.9523477899568,22.901123182668528,0,5-25km,baseline
2002,2011,350.87429303541825,22.53784049033811,0,5-25km,baseline
2002,2012,37.4449771810755,25.39996292485114,0,5-25km,baseline
2002,2013,930.2793841351566,20.45886953783972,0,5-25km,baseline
2002,2014,481.3299353577872,23.1441051866261,0,5-25km,baseline
2002,2015,840.3519529545262,21.206235691702524,0,5-25km,baseline
2002,2016,-33.39888707972182,65.94761588513832,0,5-25km,baseline
2002,2017,-1283.3263160805707,44.759836643532324,0,5-25km,baseline
2002,2018,-764.6865048550276,34.781705528696705,0,5-25km,baseline
2002,2019,-114.5746184779003,27.0001677106509,0,5-25km,baseline
2002,2020,-352.6589829785796,39.07202625686863,0,5-25km,baseline
2002,2021,-248.57448332540835,30.348084064089285,0,5-25km,baseline
2002,2022,-192.95978454236118,30.9816178597369,0,5-25km,baseline
2002,2023,495.8922784059929,63.66457303724503,0,5-25km,baseline
2002,2024,272.06721482126017,47.99513572311643,0,5-25km,baseline
2002,2025,553.8578095448981,41.60017229173553,0,5-25km,baseline
2003,2002,-4515.708581060802,1774.9294951840604,0,5-25km,baseline
2003,2003,41.78432266200889,137.4725278225041,0,5-25km,baseline
2003,2004,-134.71115695692396,254.9685643807867,0,5-25km,baseline
2003,2005,344.34405654844824,311.8176523092501,0,5-25km,baseline
2003,2006,-308.79060489144564,196.04369203249482,0,5-25km,baseline
2003,2007,-949.145951635871,145.23738137849887,0,5-25km,baseline
2003,2008,-266.83586569465507,205.79785044592347,0,5-25km,baseline
2003,2009,-445.35605771202216,206.9059859429218,0,5-25km,baseline
2003,2010,-228.86133137576297,217.06766281792676,0,5-25km,baseline
2003,2011,-31.490857253189716,266.90220552531986,0,5-25km,baseline
2003,2012,3134.4403847428134,804.0229449827372,0,5-25km,baseline
2003,2013,201.26161303045276,146.14888941382742,0,5-25km,baseline
2003,2014,307.8809102521815,357.5731663458864,0,5-25km,baseline
2003,2015,16.011146876431894,147.24481838742537,0,5-25km,baseline
2003,2016,-1088.8875701378556,161.0569917880302,0,5-25km,baseline
2003,2017,-2114.0667010172274,193.78413215912678,0,5-25km,baseline
2003,2018,-1554.185926937132,170.7592626316882,0,5-25km,baseline
2003,2019,-701.3761167850308,224.36866420180237,0,5-25km,baseline
2003,2020,-1341.3870987820142,155.35541769684218,0,5-25km,baseline
2003,2021,-1063.6011325908999,164.49946438211046,0,5-25km,baseline
2003,2022,-1146.3070124363912,143.85976100108226,0,5-25km,baseline
2003,2023,-98.31178325522029,393.0554497737808,0,5-25km,baseline
2003,2024,-610.4150448744024,169.49819958411553,0,5-25km,baseline
2003,2025,-386.0043337028277,152.13749213447136,0,5-25km,baseline
2004,2002,-1271.7283944886128,592.2238601831561,0,5-25km,baseline
2004,2003,479.6016234328604,139.11303714214435,0,5-25km,baseline
2004,2004,-164.7541226061486,629.0044112434913,0,5-25km,baseline
2004,2005,-102.76570451535031,272.1037061791056,0,5-25km,baseline
2004,2006,-96.18953136895584,337.7130640376918,0,5-25km,baseline
2004,2007,-483.11699004572665,348.5363292203943,0,5-25km,baseline
2004,2008,34.036960973198575,490.6251305810399,0,5-25km,baseline
2004,2009,-248.89655437229635,409.7128479712213,0,5-25km,baseline
2004,2010,-451.56215033778017,289.3558879187898,0,5-25km,baseline
2004,2011,-26.22973211154033,359.5234831174833,0,5-25km,baseline
2004,2012,361.6901006247299,593.7095510981895,0,5-25km,baseline
2004,2013,7.1627835618894835,204.95549199393534,0,5-25km,baseline
2004,2014,1225.994715392074,1138.8829841375475,0,5-25km,baseline
2004,2015,-110.24921516651204,266.41391637441257,0,5-25km,baseline
2004,2016,-839.9965452933034,476.27777246994356,0,5-25km,baseline
2004,2017,-1325.6148908061837,758.8667511571219,0,5-25km,baseline
2004,2018,-1354.6443730367175,223.4822360786224,0,5-25km,baseline
2004,2019,-48.28870818493306,883.9349421938992,0,5-25km,baseline
2004,2020,-1496.1306884412961,247.75497564059384,0,5-25km,baseline
2004,2021,-1215.3388137195188,278.0328418820527,0,5-25km,baseline
2004,2022,-1201.058925433167,261.68311596631656,0,5-25km,baseline
2004,2023,-581.0811332187866,328.5465611017676,0,5-25km,baseline
2004,2024,-1029.8302767318526,207.84654625732068,0,5-25km,baseline
2004,2025,-473.8314196822821,403.050021487098,0,5-25km,baseline
2005,2002,1003.8847966384811,234.6588152134122,0,5-25km,baseline
2005,2003,-184.50671874405612,261.36202429289443,0,5-25km,baseline
2005,2004,-882.5893392586397,129.08799308530877,0,5-25km,baseline
2005,2005,856.2900400814357,167.32941322966596,0,5-25km,baseline
2005,2006,413.13476947942377,150.4411142734982,0,5-25km,baseline
2005,2007,73.75627138070854,128.2400944928669,0,5-25km,baseline
2005,2008,108.65094997772337,115.48697830186791,0,5-25km,baseline
2005,2009,-33.91196430904745,117.72412131365861,0,5-25km,baseline
2005,2010,441.8969397151915,117.2933659806765,0,5-25km,baseline
2005,2011,194.52958484709882,112.94445128753543,0,5-25km,baseline
2005,2012,182.97472527465743,133.19775106785184,0,5-25km,baseline
2005,2013,663.5216603531267,113.70792110904704,0,5-25km,baseline
2005,2014,528.8356957076553,220.4621522825921,0,5-25km,baseline
2005,2015,552.6364988800293,122.77458782630275,0,5-25km,baseline
2005,2016,-266.13484432778415,141.43896119640135,0,5-25km,baseline
2005,2017,-1181.174704848324,293.4891364102603,0,5-25km,baseline
2005,2018,-636.4922528514762,152.5114163066655,0,5-25km,baseline
2005,2019,-358.0614444297481,114.00109748675422,0,5-25km,baseline
2005,2020,-641.8980572340148,137.43781362676367,0,5-25km,baseline
2005,2021,-375.86291005993166,138.22270189371378,0,5-25km,baseline
2005,2022,-545.6531119715078,112.52941386423979,0,5-25km,baseline
2005,2023,9.784843812266615,118.86144634947811,0,5-25km,baseline
2005,2024,-84.80932769911959,128.99806643212975,0,5-25km,baseline
2005,2025,241.5457809447616,125.70897362757978,0,5-25km,baseline
2006,2002,17.252719206070424,446.4223859471755,0,5-25km,baseline
2006,2003,-1183.260718774367,426.70444820057276,0,5-25km,baseline
2006,2004,900.6361958321029,442.26487355894943,0,5-25km,baseline
2006,2005,-470.21166980420674,423.64322496197565,0,5-25km,baseline
2006,2006,-89.79700685526133,413.1058922844862,0,5-25km,baseline
2006,2007,-479.84841489362384,381.2784290600227,0,5-25km,baseline
2006,2008,-531.6215329265358,486.81983177896745,0,5-25km,baseline
2006,2009,-77.06013702377538,357.24932933534365,0,5-25km,baseline
2006,2010,409.4528225751367,674.5821773813668,0,5-25km,baseline
2006,2011,-215.2143040914773,385.51930238913553,0,5-25km,baseline
2006,2012,-255.44804878556374,449.76265037375833,0,5-25km,baseline
2006,2013,-294.54125913548273,388.674465417042,0,5-25km,baseline
2006,2014,-609.8558201091637,393.1966779972878,0,5-25km,baseline
2006,2015,-448.64647489762984,401.72899692291975,0,5-25km,baseline
2006,2016,-1053.1289729916211,394.6907155981212,0,5-25km,baseline
2006,2017,-346.52552436934366,683.4778269192866,0,5-25km,baseline
2006,2018,-1539.7632003167382,394.94632180776216,0,5-25km,baseline
2006,2019,-1449.6274085157931,272.3974267089962,0,5-25km,baseline
2006,2020,-2020.487225392178,347.17821865423025,0,5-25km,baseline
2006,2021,-1624.3241521334526,376.5091740120661,0,5-25km,baseline
2006,2022,-2043.9068931358947,325.4222666579945,0,5-25km,baseline
2006,2023,-813.0876265024162,373.31971999382745,0,5-25km,baseline
2006,2024,-901.9926792191841,410.6877019225294,0,5-25km,baseline
2006,2025,-904.3923048261133,338.05595346119594,0,5-25km,baseline
2007,2002,244.33229057911257,76.8795327118654,0,5-25km,baseline
2007,2003,197.77428301740122,57.64574838673243,0,5-25km,baseline
2007,2004,-828.474197853504,58.82817421068956,0,5-25km,baseline
2007,2005,482.1043194488139,51.191603649151794,0,5-25km,baseline
2007,2006,-123.13619808509742,47.74512881589586,0,5-25km,baseline
2007,2007,-327.5064435951643,49.24419651188811,0,5-25km,baseline
2007,2008,159.48776056019454,62.563435538183974,0,5-25km,baseline
2007,2009,-243.45815725948427,56.43870742981014,0,5-25km,baseline
2007,2010,229.97065349181577,61.987526311762956,0,5-25km,baseline
2007,2011,20.807073700019604,49.07329733768129,0,5-25km,baseline
2007,2012,-129.41970984816737,63.23810195107714,0,5-25km,baseline
2007,2013,461.0628608517925,48.156441394757834,0,5-25km,baseline
2007,2014,50.47001260754604,48.46317423421008,0,5-25km,baseline
2007,2015,243.8337841978422,44.37658367442744,0,5-25km,baseline
2007,2016,-680.5380082397775,54.75352833273852,0,5-25km,baseline
2007,2017,-1556.8261241145985,70.73867281875802,0,5-25km,baseline
2007,2018,-1290.515537595331,53.55995256981445,0,5-25km,baseline
2007,2019,-517.083680130454,57.446345758008405,0,5-25km,baseline
2007,2020,-949.7422397639923,61.26763437346552,0,5-25km,baseline
2007,2021,-707.914316492898,57.159368914660334,0,5-25km,baseline
2007,2022,-647.3467571284091,62.624658128121524,0,5-25km,baseline
2007,2023,-284.232446101009,49.01768706762174,0,5-25km,baseline
2007,2024,-373.1327658170709,53.63118529899141,0,5-25km,baseline
2007,2025,-89.48866845823358,55.293852117686704,0,5-25km,baseline
2008,2002,920.9188884879283,198.04213412092727,0,5-25km,baseline
2008,2003,23.59180888504858,202.28722181994922,0,5-25km,baseline
2008,2004,-760.520310846251,180.55654150481644,0,5-25km,baseline
2008,2005,125.65479502418714,167.76733262842407,0,5-25km,baseline
2008,2006,-216.5050694538288,143.01490783246382,0,5-25km,baseline
2008,2007,-711.034341442567,116.49980366306481,0,5-25km,baseline
2008,2008,181.33713151518856,110.00354022272839,0,5-25km,baseline
2008,2009,464.4161181037141,123.05990961560707,0,5-25km,baseline
2008,2010,511.1301071193774,132.63711609913761,0,5-25km,baseline
2008,2011,610.0073202403014,146.24735610245406,0,5-25km,baseline
2008,2012,19.317689031563077,106.36840653894627,0,5-25km,baseline
2008,2013,519.8768703712552,99.70260516290041,0,5-25km,baseline
2008,2014,163.08551145162193,100.59153899809887,0,5-25km,baseline
2008,2015,399.0870492358448,103.86520871152659,0,5-25km,baseline
2008,2016,-375.3903149339395,113.14154277480952,0,5-25km,baseline
2008,2017,82.26088613279558,236.83465171994936,0,5-25km,baseline
2008,2018,-554.9441387803631,136.87873116243756,0,5-25km,baseline
2008,2019,-61.64936326204486,122.46632641918174,0,5-25km,baseline
2008,2020,28.950417748224197,160.9213548673457,0,5-25km,baseline
2008,2021,-339.6652172358108,119.34846973532665,0,5-25km,baseline
2008,2022,-464.8351030260185,107.32305805710557,0,5-25km,baseline
2008,2023,300.0128092122419,122.8716816334193,0,5-25km,baseline
2008,2024,-97.82258228094474,112.69804021698263,0,5-25km,baseline
2008,2025,323.2183525305288,124.13648292698572,0,5-25km,baseline
2009,2002,428.4575058319989,55.777370275847595,0,5-25km,baseline
2009,2003,123.89631402880127,50.034862967590634,0,5-25km,baseline
2009,2004,-563.4446898937458,55.11640468579013,0,5-25km,baseline
2009,2005,318.10359778772306,54.99273980514984,0,5-25km,baseline
2009,2006,-216.856303481691,45.98391344014346,0,5-25km,baseline
2009,2007,-425.0856377447299,46.981301680422526,0,5-25km,baseline
2009,2008,361.67656196460985,49.484897546403495,0,5-25km,baseline
2009,2009,-50.887507602579035,56.10521709203005,0,5-25km,baseline
2009,2010,315.26745628568955,62.53503855241926,0,5-25km,baseline
2009,2011,140.3167939179645,48.90721724287861,0,5-25km,baseline
2009,2012,-124.64893687476479,50.23721553021707,0,5-25km,baseline
2009,2013,618.2570037888268,45.04501723822924,0,5-25km,baseline
2009,2014,227.1457198840506,47.3070149052458,0,5-25km,baseline
2009,2015,452.0321243383545,40.08942569100211,0,5-25km,baseline
2009,2016,-176.5312434655661,63.25957811174468,0,5-25km,baseline
2009,2017,-1371.4717385116046,64.04778555417917,0,5-25km,baseline
2009,2018,-959.7585982349883,57.57723139867565,0,5-25km,baseline
2009,2019,-322.5055313062681,48.56069659182555,0,5-25km,baseline
2009,2020,-543.4398121099968,58.1323040085988,0,5-25km,baseline
2009,2021,-482.7608035313133,57.73591754672523,0,5-25km,baseline
2009,2022,-428.5042818331427,52.239297021006436,0,5-25km,baseline
2009,2023,78.05650896003255,50.563072735064374,0,5-25km,baseline
2009,2024,-97.9801659667101,51.296878703213366,0,5-25km,baseline
2009,2025,146.95038899930285,53.55464784421751,0,5-25km,baseline
2010,2002,332.86837662091557,193.27449117631565,0,5-25km,baseline
2010,2003,-262.7585845680879,148.43706584960015,0,5-25km,baseline
2010,2004,-105.89093943050102,118.99350100659026,0,5-25km,baseline
2010,2005,27.22370708877395,125.27674603333993,0,5-25km,baseline
2010,2006,548.9393837799965,167.86631845358838,0,5-25km,baseline
2010,2007,-1186.2558923318743,165.92719572074083,0,5-25km,baseline
2010,2008,567.6829386282004,116.65024738349499,0,5-25km,baseline
2010,2009,323.97953638401486,151.0738383850243,0,5-25km,baseline
2010,2010,-151.67896858053587,161.60396259234076,0,5-25km,baseline
2010,2011,63.95168263985994,169.5974779540779,0,5-25km,baseline
2010,2012,-296.558058123243,150.37936736887139,0,5-25km,baseline
2010,2013,136.2733741108243,155.44695356629785,0,5-25km,baseline
2010,2014,-394.8218732078136,183.48816568956917,0,5-25km,baseline
2010,2015,-217.88922272661398,142.16175274678952,0,5-25km,baseline
2010,2016,-886.5099294878871,213.94034542448244,0,5-25km,baseline
2010,2017,-1789.8683906172364,207.52627394917414,0,5-25km,baseline
2010,2018,-1887.8123523971663,143.23911086045572,0,5-25km,baseline
2010,2019,-1174.1896006190407,136.57614437858035,0,5-25km,baseline
2010,2020,-1508.290507765029,139.10155335270719,0,5-25km,baseline
2010,2021,-1233.2929930598061,189.04578329218992,0,5-25km,baseline
2010,2022,-1212.5399771289585,160.02170884833205,0,5-25km,baseline
2010,2023,-613.8637887335818,168.4935500677115,0,5-25km,baseline
2010,2024,-202.26270412399603,253.9228678961568,0,5-25km,baseline
2010,2025,-554.0966005281473,172.6846629853105,0,5-25km,baseline
2011,2002,146.20834701128229,101.46420799467862,0,5-25km,baseline
2011,2003,98.31993976164426,98.11618005716629,0,5-25km,baseline
2011,2004,814.2786464842957,128.92537395853262,0,5-25km,baseline
2011,2005,-620.2951834379969,136.3471577175854,0,5-25km,baseline
2011,2006,98.96397144899491,128.53576070384082,0,5-25km,baseline
2011,2007,24.139274158415162,136.15473687638345,0,5-25km,baseline
2011,2008,-847.7838175707789,141.26766634903333,0,5-25km,baseline
2011,2009,664.5320331259695,125.34520445516219,0,5-25km,baseline
2011,2010,-303.9952441135499,128.83150620007294,0,5-25km,baseline
2011,2011,-768.1556466074742,110.96272992430903,0,5-25km,baseline
2011,2012,-754.4890624891182,130.01710272988174,0,5-25km,baseline
2011,2013,-753.8890054307516,118.37973166685804,0,5-25km,baseline
2011,2014,-486.50446096310725,153.5380030175644,0,5-25km,baseline
2011,2015,-556.8610588387941,123.96759831031468,0,5-25km,baseline
2011,2016,-1150.848910695955,137.95680119272183,0,5-25km,baseline
2011,2017,-283.80077672106745,161.9217913286226,0,5-25km,baseline
2011,2018,-1102.59463947863,144.61912876260718,0,5-25km,baseline
2011,2019,-972.9999612070424,130.65557579500555,0,5-25km,baseline
2011,2020,-1423.0072463586782,125.49189475930748,0,5-25km,baseline
2011,2021,-1057.6380906138056,131.70531042673161,0,5-25km,baseline
2011,2022,-1433.363730189264,124.51306707355491,0,5-25km,baseline
2011,2023,-1021.2814376629228,118.0690052980633,0,5-25km,baseline
2011,2024,-1218.2960810734905,132.75130803022586,0,5-25km,baseline
2011,2025,-731.2455174255786,131.74511253983485,0,5-25km,baseline
2012,2002,-492.7911099539483,264.71780699484003,0,5-25km,baseline
2012,2003,1578.2020229161633,276.50641445937106,0,5-25km,baseline
2012,2004,-1403.5985047803106,270.60672256155925,0,5-25km,baseline
2012,2005,917.6817201450964,247.1250483159656,0,5-25km,baseline
2012,2006,-903.9246305962621,322.22945535662996,0,5-25km,baseline
2012,2007,-197.77826712367266,187.41441450745333,0,5-25km,baseline
2012,2008,560.9842983695191,203.69578038678202,0,5-25km,baseline
2012,2009,-14.692468443136931,343.377757888489,0,5-25km,baseline
2012,2010,276.85379086597885,362.4164818859987,0,5-25km,baseline
2012,2011,-519.8361421738157,227.50710808525386,0,5-25km,baseline
2012,2012,-431.15314264022606,164.14584675258646,0,5-25km,baseline
2012,2013,108.35467433286419,128.07773120104986,0,5-25km,baseline
2012,2014,-148.4183034360605,155.66178791404377,0,5-25km,baseline
2012,2015,591.1084896948242,224.14020254922409,0,5-25km,baseline
2012,2016,-435.05317240739487,279.9674868286101,0,5-25km,baseline
2012,2017,-930.9055247729866,312.64833007863285,0,5-25km,baseline
2012,2018,14.13573140394601,423.48922901872163,0,5-25km,baseline
2012,2019,90.09337080245837,375.638131258035,0,5-25km,baseline
2012,2020,-731.3047416806992,208.8129694396658,0,5-25km,baseline
2012,2021,-282.1238049673826,264.66723059339904,0,5-25km,baseline
2012,2022,-853.5835638975068,163.70122018107165,0,5-25km,baseline
2012,2023,17.326699841390564,200.7153139553361,0,5-25km,baseline
2012,2024,-207.5899012016956,210.91686348642818,0,5-25km,baseline
2012,2025,49.829094521718964,249.18772336123857,0,5-25km,baseline
2013,2002,276.58100643679893,136.07078805032668,0,5-25km,baseline
2013,2003,791.7270539329693,197.2287524272919,0,5-25km,baseline
2013,2004,-1387.6958140053098,219.41943723291547,0,5-25km,baseline
2013,2005,689.7631644711603,163.68882823751719,0,5-25km,baseline
2013,2006,82.02334746276233,233.02439141545878,0,5-25km,baseline
2013,2007,-586.5555514055421,234.03870541034436,0,5-25km,baseline
2013,2008,679.7508985258146,195.6548068111236,0,5-25km,baseline
2013,2009,-450.63324174296554,201.60124300617994,0,5-25km,baseline
2013,2010,-5.4114982694125615,179.38002182402974,0,5-25km,baseline
2013,2011,247.23108734525772,185.35344945182072,0,5-25km,baseline
2013,2012,-221.83793288876092,199.23786160705265,0,5-25km,baseline
2013,2013,362.56227879621656,174.55034740696436,0,5-25km,baseline
2013,2014,487.48444303042515,267.57581120727696,0,5-25km,baseline
2013,2015,541.5632361601499,161.5074819912357,0,5-25km,baseline
2013,2016,24463.229583204862,2619.6112867550582,0,5-25km,baseline
2013,2017,-861.4778189088292,228.65260442637447,0,5-25km,baseline
2013,2018,-979.8073170303675,201.36637433473493,0,5-25km,baseline
2013,2019,1517.000651840005,703.1580820718865,0,5-25km,baseline
2013,2020,-864.747234776589,178.94271042134935,0,5-25km,baseline
2013,2021,-391.2461885046622,232.66512086451766,0,5-25km,baseline
2013,2022,-561.7771275549715,178.20306314751636,0,5-25km,baseline
2013,2023,-63.40451958961518,184.09901532397316,0,5-25km,baseline
2013,2024,-510.0193232520429,160.2057897445464,0,5-25km,baseline
2013,2025,77.99728009581509,179.20374983440004,0,5-25km,baseline
2014,2002,-1825.947992862076,516.220394386057,0,5-25km,baseline
2014,2003,-107.02737713135662,145.7892397278917,0,5-25km,baseline
2014,2004,-164.4578901563458,230.44447432136363,0,5-25km,baseline
2014,2005,60.81835259919342,239.7305160205876,0,5-25km,baseline
2014,2006,-25.573499850397425,160.45291666338665,0,5-25km,baseline
2014,2007,1749.6608236682032,458.02171737977847,0,5-25km,baseline
2014,2008,-849.5776851065764,717.1364420846652,0,5-25km,baseline
2014,2009,-548.8779175891714,728.8567715959152,0,5-25km,baseline
2014,2010,-399.8678999874407,226.97621363191752,0,5-25km,baseline
2014,2011,74.80969949585835,268.3150934786228,0,5-25km,baseline
2014,2012,142.1667100937094,286.73335424038663,0,5-25km,baseline
2014,2013,295.403781166862,270.8819757315251,0,5-25km,baseline
2014,2014,-433.3385903913687,188.74237093023032,0,5-25km,baseline
2014,2015,198.242158801272,345.6543535156079,0,5-25km,baseline
2014,2016,-762.3508529870828,383.1801298836198,0,5-25km,baseline
2014,2017,-1895.1153484227736,437.7080236634744,0,5-25km,baseline
2014,2018,-1938.355574080313,191.42968743846552,0,5-25km,baseline
2014,2019,-251.27903530230265,583.3247111749452,0,5-25km,baseline
2014,2020,-1498.157060077956,210.08387841847204,0,5-25km,baseline
2014,2021,-876.015066112518,310.8647470621607,0,5-25km,baseline
2014,2022,-1159.065270987655,258.28271169692806,0,5-25km,baseline
2014,2023,-1016.9021010346999,180.7601140887405,0,5-25km,baseline
2014,2024,-1171.3412023569988,181.40081940135323,0,5-25km,baseline
2014,2025,-274.8362978136404,399.00173384541256,0,5-25km,baseline
2018,2002,-10.468863544971327,83.39383527175816,0,5-25km,baseline
2018,2003,116.8097566451388,70.66276768296474,0,5-25km,baseline
2018,2004,-119.58254997452002,96.63835640068169,0,5-25km,baseline
2018,2005,79.88197054327895,100.71708966509553,0,5-25km,baseline
2018,2006,386.9377732410413,120.11942801710295,0,5-25km,baseline
2018,2007,-741.1414133934288,117.03327691087304,0,5-25km,baseline
2018,2008,221.90546916082667,97.9567429431738,0,5-25km,baseline
2018,2009,18.197263844777524,97.36521178578991,0,5-25km,baseline
2018,2010,430.4554390495021,112.17092550176446,0,5-25km,baseline
2018,2011,-350.3597320330846,103.3782209917353,0,5-25km,baseline
2018,2012,-185.03817071716725,82.92223440436781,0,5-25km,baseline
2018,2013,262.7248890376544,70.69552073812609,0,5-25km,baseline
2018,2014,-88.91942902973449,76.3763438398817,0,5-25km,baseline
2018,2015,98.28731643553243,86.70424791542627,0,5-25km,baseline
2018,2016,-836.7618882303407,82.6029425051419,0,5-25km,baseline
2018,2017,-430.2712355236682,104.44862761295568,0,5-25km,baseline
2018,2018,-127.28882839440621,105.49352894247276,0,5-25km,baseline
2018,2019,484.35333668050123,101.52548679046072,0,5-25km,baseline
2018,2020,269.9198609630629,111.86427323140005,0,5-25km,baseline
2018,2021,567.4002634133069,121.5178704794657,0,5-25km,baseline
2018,2022,520.5447273187012,110.55002980262506,0,5-25km,baseline
2018,2023,1032.2316465236054,112.80654705018134,0,5-25km,baseline
2018,2024,798.3404821309787,123.23139385202423,0,5-25km,baseline
2018,2025,890.8600426504528,105.6544754162212,0,5-25km,baseline
2019,2002,1765.3417338253375,1130.949482993906,0,5-25km,baseline
2019,2003,-761.9603212287784,1100.9871488983808,0,5-25km,baseline
2019,2004,1671.238674085631,2477.407669001795,0,5-25km,baseline
2019,2005,-194.9681209867199,1877.1608761587197,0,5-25km,baseline
2019,2006,-2060.3649775555823,1467.1775154705865,0,5-25km,baseline
2019,2007,974.1617011500655,920.6289196819963,0,5-25km,baseline
2019,2008,-786.7980638422862,1170.9943307288013,0,5-25km,baseline
2019,2009,4705.512896009845,3265.798382781815,0,5-25km,baseline
2019,2010,-4641.139560506016,3156.801379831275,0,5-25km,baseline
2019,2011,2200.4123215560003,1073.4208649822249,0,5-25km,baseline
2019,2012,-647.759559376186,1151.4935565636702,0,5-25km,baseline
2019,2013,-469.5437537907794,711.0923270938823,0,5-25km,baseline
2019,2014,-847.4837232728128,284.1328189790448,0,5-25km,baseline
2019,2015,566.7237733410452,437.9756626866883,0,5-25km,baseline
2019,2016,-919.1039997796062,361.4204571915472,0,5-25km,baseline
2019,2017,1826.954296423211,1528.303939545848,0,5-25km,baseline
2019,2018,-2829.4947153642593,1784.7844158718453,0,5-25km,baseline
2019,2019,1601.7097632476152,530.8209835233343,0,5-25km,baseline
2019,2020,4210.223235907602,4112.968901189198,0,5-25km,baseline
2019,2021,1251.34027839626,1099.8027726630905,0,5-25km,baseline
2019,2022,2327.295534089668,1483.4719350492344,0,5-25km,baseline
2019,2023,1476.4403015389603,1011.6476990657451,0,5-25km,baseline
2019,2024,1454.745134026125,1095.6716478449644,0,5-25km,baseline
2019,2025,1927.4126238147805,1012.6200819195748,0,5-25km,baseline
2020,2002,482.1174222383828,28.936382590423403,0,5-25km,baseline
2020,2003,242.80721517604547,27.206429753187813,0,5-25km,baseline
2020,2004,-676.4515614294999,46.526400566049546,0,5-25km,baseline
2020,2005,324.32741936716167,46.42184429915212,0,5-25km,baseline
2020,2006,-27.16670450177699,30.268270823117383,0,5-25km,baseline
2020,2007,-402.71005248135947,32.69882601601862,0,5-25km,baseline
2020,2008,292.88402373265086,35.49415033755891,0,5-25km,baseline
2020,2009,-174.0433328440912,40.95928872967266,0,5-25km,baseline
2020,2010,256.37101498653493,40.11303422118857,0,5-25km,baseline
2020,2011,111.9451874009983,31.974827084031556,0,5-25km,baseline
2020,2012,-411.47617047097276,34.46750390252851,0,5-25km,baseline
2020,2013,927.7077067468047,34.64330605413424,0,5-25km,baseline
2020,2014,-539.7231247167456,28.440931330044542,0,5-25km,baseline
2020,2015,294.99804220115516,23.08242033691388,0,5-25km,baseline
2020,2016,-1099.5039347112256,33.114456492485395,0,5-25km,baseline
2020,2017,-787.6471378054978,58.732141145805,0,5-25km,baseline
2020,2018,1249.4216304118122,114.51401156590815,0,5-25km,baseline
2020,2019,234.8927119263077,109.55707581321562,0,5-25km,baseline
2020,2020,-165.77855543735183,103.03539855493872,0,5-25km,baseline
2020,2021,12.085621450440868,93.76708410317586,0,5-25km,baseline
2020,2022,191.55907470851264,98.23994278846531,0,5-25km,baseline
2020,2023,106.62222776571292,70.95112094005214,0,5-25km,baseline
2020,2024,397.0983318035337,88.57593251802723,0,5-25km,baseline
2020,2025,345.0382215671296,72.91402439462082,0,5-25km,baseline
2021,2002,340.4216282031505,231.47086546454136,0,5-25km,baseline
2021,2003,-602.0865537214922,219.13067449464634,0,5-25km,baseline
2021,2004,1879.0218353777418,349.9821011734703,0,5-25km,baseline
2021,2005,-1258.9373154887476,364.43295797849385,0,5-25km,baseline
2021,2006,-188.58205766235258,254.49856311173647,0,5-25km,baseline
2021,2007,-448.51732223081376,233.93759521346945,0,5-25km,baseline
2021,2008,-244.7725583077002,185.99182182659632,0,5-25km,baseline
2021,2009,373.9033678673195,215.7152891935934,0,5-25km,baseline
2021,2010,-279.3243344982358,194.65446431303516,0,5-25km,baseline
2021,2011,443.8788809666896,180.33520127654995,0,5-25km,baseline
2021,2012,495.32402887814374,226.53654546635624,0,5-25km,baseline
2021,2013,-1007.1896380091673,233.29893949259238,0,5-25km,baseline
2021,2014,96.08317132268292,133.04732107583592,0,5-25km,baseline
2021,2015,80.76861243684516,167.77264361558696,0,5-25km,baseline
2021,2016,-417.1046696851753,185.2010015865173,0,5-25km,baseline
2021,2017,829.680765952344,268.8737942880708,0,5-25km,baseline
2021,2018,-1132.4385930807432,290.069072103362,0,5-25km,baseline
2021,2019,188.8377326218673,186.4631033615716,0,5-25km,baseline
2021,2020,-618.6284548795024,145.87342310541285,0,5-25km,baseline
2021,2021,281.19320258954167,154.236311980663,0,5-25km,baseline
2021,2022,393.3801027065317,164.5850022161019,0,5-25km,baseline
2021,2023,1142.493855208707,181.12463061460485,0,5-25km,baseline
2021,2024,782.1802852733026,158.53249785190891,0,5-25km,baseline
2021,2025,1126.1834123033273,211.54540343278674,0,5-25km,baseline
2024,2002,-510.9237294855976,90.25499047587714,0,5-25km,baseline
2024,2003,952.5588095392727,72.03521843216852,0,5-25km,baseline
2024,2004,-1006.04116014827,101.81493642186022,0,5-25km,baseline
2024,2005,465.41444463035043,96.2454668260737,0,5-25km,baseline
2024,2006,-171.20927732263226,92.7801351487776,0,5-25km,baseline
2024,2007,-29.57955800381393,100.50772400863849,0,5-25km,baseline
2024,2008,-349.6147924174934,91.09274692180568,0,5-25km,baseline
2024,2009,165.18665100905474,80.07367665638598,0,5-25km,baseline
2024,2010,422.96558270174233,85.39561409592382,0,5-25km,baseline
2024,2011,-576.8788545681513,71.19372602648178,0,5-25km,baseline
2024,2012,281.4877920040353,69.4781717862629,0,5-25km,baseline
2024,2013,-7.941130722273215,65.0736272215643,0,5-25km,baseline
2024,2014,-0.7869796335150454,56.35865746043742,0,5-25km,baseline
2024,2015,130.04325451408596,72.24721063156287,0,5-25km,baseline
2024,2016,-83.8086190327706,100.76494720559404,0,5-25km,baseline
2024,2017,-293.04337145312957,119.98894933794855,0,5-25km,baseline
2024,2018,-774.8642972527448,99.77165900408332,0,5-25km,baseline
2024,2019,332.6115937705297,66.91679163618292,0,5-25km,baseline
2024,2020,-320.9850863256422,63.41785803855841,0,5-25km,baseline
2024,2021,189.76723250596353,69.24308806248825,0,5-25km,baseline
2024,2022,138.81469353298303,62.07058459904168,0,5-25km,baseline
2024,2023,659.6794416289813,71.13552084043324,0,5-25km,baseline
2024,2024,-568.3260901409218,69.54421160100729,0,5-25km,baseline
2024,2025,-261.87268901124094,73.24701622051766,0,5-25km,baseline
2025,2002,436.8871447893971,241.3752848419714,0,5-25km,baseline
2025,2003,203.43161846095143,220.3883492276502,0,5-25km,baseline
2025,2004,584.1113615274722,217.91217243661058,0,5-25km,baseline
2025,2005,-249.65568241594747,237.4294031118154,0,5-25km,baseline
2025,2006,787.0026211914369,290.2912079332368,0,5-25km,baseline
2025,2007,-988.4958335373815,330.8218388856263,0,5-25km,baseline
2025,2008,-39.818244409852525,306.69708002706994,0,5-25km,baseline
2025,2009,-355.2053911118576,243.58190549544182,0,5-25km,baseline
2025,2010,740.8017823672822,244.55447707107845,0,5-25km,baseline
2025,2011,261.9376589059684,284.82582859373554,0,5-25km,baseline
2025,2012,-1040.0704299087356,259.0401016846971,0,5-25km,baseline
2025,2013,-735.6449839080173,219.86256179442927,0,5-25km,baseline
2025,2014,289.76053059959435,189.5890959146151,0,5-25km,baseline
2025,2015,82.76613515909554,148.0797294955776,0,5-25km,baseline
2025,2016,754.3202325637828,214.93909174538814,0,5-25km,baseline
2025,2017,422.8439138954784,292.80597482203177,0,5-25km,baseline
2025,2018,96.14957318110658,301.05231384697606,0,5-25km,baseline
2025,2019,-336.05569015470564,328.2565555922352,0,5-25km,baseline
2025,2020,-176.261046497064,295.289920264385,0,5-25km,baseline
2025,2021,-673.0588805254388,258.2983032131888,0,5-25km,baseline
2025,2022,319.9929701624437,304.51636873154666,0,5-25km,baseline
2025,2023,-246.8447144781356,290.2941150437702,0,5-25km,baseline
2025,2024,-1179.9754517468448,176.48599817679164,0,5-25km,baseline
2025,2025,805.8437841711709,162.72619745332244,0,5-25km,baseline
2003,2002,-4515.708581060802,1774.9294951840604,1,5-25km,anticipation1
2003,2003,-4473.995201298359,1780.0932199698204,1,5-25km,anticipation1
2003,2004,-4650.688242119801,1804.0478082804186,1,5-25km,anticipation1
2003,2005,-4170.308166708475,1771.088730402217,1,5-25km,anticipation1
2003,2006,-4822.440473021655,1791.5966286331293,1,5-25km,anticipation1
2003,2007,-5463.908645205912,1777.2491580572084,1,5-25km,anticipation1
2003,2008,-4771.854955069299,1764.1709153590061,1,5-25km,anticipation1
2003,2009,-4936.3754839811745,1775.3072750841973,1,5-25km,anticipation1
2003,2010,-4717.6367357126155,1783.8719222054074,1,5-25km,anticipation1
2003,2011,-4517.831418690357,1802.2488365869312,1,5-25km,anticipation1
2003,2012,-1351.9989494290273,1542.7893135608645,1,5-25km,anticipation1
2003,2013,-4285.789747384614,1781.9655679990794,1,5-25km,anticipation1
2003,2014,-4179.341843322244,1821.4910016596925,1,5-25km,anticipation1
2003,2015,-4471.211606697993,1782.347310214547,1,5-25km,anticipation1
2003,2016,-5576.110323712282,1785.0358630801472,1,5-25km,anticipation1
2003,2017,-6633.982928370319,1790.0704677498109,1,5-25km,anticipation1
2003,2018,-6040.911834189048,1787.0191456321143,1,5-25km,anticipation1
2003,2019,-5172.258834015452,1790.7967632440552,1,5-25km,anticipation1
2003,2020,-5804.8133349525715,1783.7816386863826,1,5-25km,anticipation1
2003,2021,-5516.532221614936,1785.969697566154,1,5-25km,anticipation1
2003,2022,-5599.238101460427,1780.7822757099104,1,5-25km,anticipation1
2003,2023,-4563.285528772073,1817.7528948726977,1,5-25km,anticipation1
2003,2024,-5084.563473029125,1783.3498543463309,1,5-25km,anticipation1
2003,2025,-4848.038645689096,1767.1746934871703,1,5-25km,anticipation1
2004,2002,-1272.644612619521,592.2238227732852,1,5-25km,anticipation1
2004,2003,479.6016234328604,139.11303714214435,1,5-25km,anticipation1
2004,2004,312.27697304647825,616.2072616514305,1,5-25km,anticipation1
2004,2005,375.11436196684053,203.40755784877197,1,5-25km,anticipation1
2004,2006,378.4260773882421,272.67530194978707,1,5-25km,anticipation1
2004,2007,-13.256979407215795,287.63087239602527,1,5-25km,anticipation1
2004,2008,499.746146812976,443.5466971140684,1,5-25km,anticipation1
2004,2009,233.851500799036,388.0374993543743,1,5-25km,anticipation1
2004,2010,27.95341829899877,215.28636233695306,1,5-25km,anticipation1
2004,2011,459.55555184352795,329.64310789649033,1,5-25km,anticipation1
2004,2012,849.4930065134215,587.2950818149942,1,5-25km,anticipation1
2004,2013,499.2234339050457,133.25075462230907,1,5-25km,anticipation1
2004,2014,1717.8008446232197,1263.826847271511,1,5-25km,anticipation1
2004,2015,381.5569140646335,207.95036701676338,1,5-25km,anticipation1
2004,2016,-348.19041606215796,443.62401945031496,1,5-25km,anticipation1
2004,2017,-867.0098178137673,727.6085783639719,1,5-25km,anticipation1
2004,2018,-859.2064190176252,300.5645704302261,1,5-25km,anticipation1
2004,2019,431.45397560079255,845.7550723236493,1,5-25km,anticipation1
2004,2020,-995.1647212005962,164.6434022770543,1,5-25km,anticipation1
2004,2021,-707.0422282677682,202.44834795399356,1,5-25km,anticipation1
2004,2022,-692.7623399814164,179.55358151428126,1,5-25km,anticipation1
2004,2023,-71.9638801009362,266.1860236230355,1,5-25km,anticipation1
2004,2024,-505.42447427410053,94.3287944939409,1,5-25km,anticipation1
2004,2025,64.70507432576568,355.3300526858624,1,5-25km,anticipation1
2005,2002,1002.9669632627938,234.6587205727845,1,5-25km,anticipation1
2005,2003,-184.4637514848602,261.3620904106139,1,5-25km,anticipation1
2005,2004,-882.5893392586397,129.08799308530877,1,5-25km,anticipation1
2005,2005,-25.57512894676256,132.72930300886813,1,5-25km,anticipation1
2005,2006,-472.2763881662073,179.3702987016512,1,5-25km,anticipation1
2005,2007,-824.1883667091743,125.53970806343793,1,5-25km,anticipation1
2005,2008,-801.9249446606811,152.9729001808145,1,5-25km,anticipation1
2005,2009,-945.2581017320676,153.34429008664972,1,5-25km,anticipation1
2005,2010,-475.8826245953585,157.94693371355572,1,5-25km,anticipation1
2005,2011,-698.3483197892604,148.95619122363604,1,5-25km,anticipation1
2005,2012,-714.1835511273824,168.19481197757057,1,5-25km,anticipation1
2005,2013,-235.05302595897172,150.07385289153294,1,5-25km,anticipation1
2005,2014,-370.1540302088608,242.47043477146113,1,5-25km,anticipation1
2005,2015,-346.35322703648694,154.86434861996597,1,5-25km,anticipation1
2005,2016,-1165.1245702443002,172.55596805690146,1,5-25km,anticipation1
2005,2017,-2117.04771141181,308.184552794788,1,5-25km,anticipation1
2005,2018,-1539.460470841108,187.68778969712312,1,5-25km,anticipation1
2005,2019,-1292.6777283669717,150.81422152632433,1,5-25km,anticipation1
2005,2020,-1595.2457621144251,164.76576557139964,1,5-25km,anticipation1
2005,2021,-1311.8143062425152,169.59970692486914,1,5-25km,anticipation1
2005,2022,-1481.6045081540915,148.09578378743413,1,5-25km,anticipation1
2005,2023,-953.5692178786738,153.57138625320658,1,5-25km,anticipation1
2005,2024,-1065.4393082048825,161.14001033544523,1,5-25km,anticipation1
2005,2025,-721.1056730725593,144.42473431101928,1,5-25km,anticipation1
2006,2002,16.33506431820649,446.4223360735077,1,5-25km,anticipation1
2006,2003,-1183.217921615994,426.7044885840914,1,5-25km,anticipation1
2006,2004,898.5101143226956,442.266419338785,1,5-25km,anticipation1
2006,2005,-470.21166980420674,423.64322496197565,1,5-25km,anticipation1
2006,2006,-556.7071463275283,463.2804657865096,1,5-25km,anticipation1
2006,2007,-950.3292380630398,493.47588656645866,1,5-25km,anticipation1
2006,2008,-995.4969799965363,551.0635466513087,1,5-25km,anticipation1
2006,2009,-531.0163799152292,472.58805565089915,1,5-25km,anticipation1
2006,2010,-72.829495130299,706.4018304453058,1,5-25km,anticipation1
2006,2011,-686.6143401365969,473.5118885157965,1,5-25km,anticipation1
2006,2012,-723.4240847672781,524.8365090578591,1,5-25km,anticipation1
2006,2013,-760.9383329681231,476.48825758359976,1,5-25km,anticipation1
2006,2014,-1076.612251339709,450.08708373017345,1,5-25km,anticipation1
2006,2015,-915.4029061281751,483.91568917563507,1,5-25km,anticipation1
2006,2016,-1519.885404222166,501.34530655195374,1,5-25km,anticipation1
2006,2017,-846.2206444967883,724.5129541858026,1,5-25km,anticipation1
2006,2018,-2004.2389977748153,481.53042934890107,1,5-25km,anticipation1
2006,2019,-1902.6362396954987,419.6189365015623,1,5-25km,anticipation1
2006,2020,-2481.9966401973934,446.04557018061735,1,5-25km,anticipation1
2006,2021,-2075.284986631489,446.7623425307076,1,5-25km,anticipation1
2006,2022,-2494.867727633931,427.05409691476945,1,5-25km,anticipation1
2006,2023,-1260.9032337359265,469.4493339384146,1,5-25km,anticipation1
2006,2024,-1357.0131430197227,498.0707390251431,1,5-25km,anticipation1
2006,2025,-1343.113047017676,437.50452645162176,1,5-25km,anticipation1
2007,2002,243.40814968631793,76.87924372910311,1,5-25km,anticipation1
2007,2003,197.81774794859876,57.64605456438101,1,5-25km,anticipation1
2007,2004,-830.6386358680544,58.840077608535694,1,5-25km,anticipation1
2007,2005,481.3094690973011,51.197522960860105,1,5-25km,anticipation1
2007,2006,-123.13619808509742,47.74512881589586,1,5-25km,anticipation1
2007,2007,-456.10967319316524,47.250766310888125,1,5-25km,anticipation1
2007,2008,25.871744704586092,65.84248008213831,1,5-25km,anticipation1
2007,2009,-374.2899475041161,54.80857389906178,1,5-25km,anticipation1
2007,2010,89.22404513201053,59.7417220568911,1,5-25km,anticipation1
2007,2011,-108.45268949295247,47.224127470689965,1,5-25km,anticipation1
2007,2012,-260.02452327458553,60.964488567431516,1,5-25km,anticipation1
2007,2013,332.28784259419103,43.827769833028306,1,5-25km,anticipation1
2007,2014,-78.69308201702216,43.90289344812583,1,5-25km,anticipation1
2007,2015,114.67068957327388,39.083688989504175,1,5-25km,anticipation1
2007,2016,-809.7011028643454,49.469033750288695,1,5-25km,anticipation1
2007,2017,-1721.2789060624398,67.6433411034991,1,5-25km,anticipation1
2007,2018,-1408.9431123065208,49.26424864540822,1,5-25km,anticipation1
2007,2019,-644.3863031440818,54.64900371726615,1,5-25km,anticipation1
2007,2020,-1080.1362920618635,54.702156970186195,1,5-25km,anticipation1
2007,2021,-828.7946499807958,53.238572052787596,1,5-25km,anticipation1
2007,2022,-768.2270906163071,59.34009447114733,1,5-25km,anticipation1
2007,2023,-415.88644951032063,45.63838090355507,1,5-25km,anticipation1
2007,2024,-515.2000191125601,50.16284888484394,1,5-25km,anticipation1
2007,2025,-209.1991711141036,50.80641477271609,1,5-25km,anticipation1
2008,2002,919.9985148759422,198.04202102392344,1,5-25km,anticipation1
2008,2003,23.63497539554845,202.2873076866437,1,5-25km,anticipation1
2008,2004,-762.6696485638728,180.56036879717038,1,5-25km,anticipation1
2008,2005,124.85633974567259,167.7691075686212,1,5-25km,anticipation1
2008,2006,-217.6586398015388,143.03403243431038,1,5-25km,anticipation1
2008,2007,-711.034341442567,116.49980366306481,1,5-25km,anticipation1
2008,2008,-531.8686576506128,113.90307222641485,1,5-25km,anticipation1
2008,2009,-261.1438828246316,128.9921878116151,1,5-25km,anticipation1
2008,2010,-229.9906863613221,145.9512796637049,1,5-25km,anticipation1
2008,2011,-117.62142814867298,147.910180372843,1,5-25km,anticipation1
2008,2012,-710.427919536545,118.4748520973179,1,5-25km,anticipation1
2008,2013,-210.51003769926137,114.11575975485354,1,5-25km,anticipation1
2008,2014,-566.1744424612461,112.93054161449933,1,5-25km,anticipation1
2008,2015,-330.17290467702344,116.43027396061584,1,5-25km,anticipation1
2008,2016,-1104.6502688468076,124.63774861946423,1,5-25km,anticipation1
2008,2017,-693.090438562959,226.19697579127947,1,5-25km,anticipation1
2008,2018,-1305.9647059861168,142.80002919056147,1,5-25km,anticipation1
2008,2019,-820.0858365234571,127.52253824492975,1,5-25km,anticipation1
2008,2020,-759.1975353624755,164.2121049423561,1,5-25km,anticipation1
2008,2021,-1121.1895841177588,130.16729497136916,1,5-25km,anticipation1
2008,2022,-1246.3594699079663,122.30595948362082,1,5-25km,anticipation1
2008,2023,-487.398029392504,131.42617963790968,1,5-25km,anticipation1
2008,2024,-904.7519179888409,121.45873917519226,1,5-25km,anticipation1
2008,2025,-469.60324759817956,135.42060546280715,1,5-25km,anticipation1
2009,2002,427.5145069724489,55.77696529933909,1,5-25km,anticipation1
2009,2003,123.94096817824624,50.03523666327009,1,5-25km,anticipation1
2009,2004,-565.6840862099434,55.12990967002547,1,5-25km,anticipation1
2009,2005,317.3001851672525,54.99867067166246,1,5-25km,anticipation1
2009,2006,-218.09437184214542,46.04804402846981,1,5-25km,anticipation1
2009,2007,-429.49259112342537,47.02535569926275,1,5-25km,anticipation1
2009,2008,361.67656196460985,49.484897546403495,1,5-25km,anticipation1
2009,2009,313.10993270621543,56.589481354191285,1,5-25km,anticipation1
2009,2010,665.121586267682,64.8200259165857,1,5-25km,anticipation1
2009,2011,480.66170381107906,50.04551841052818,1,5-25km,anticipation1
2009,2012,217.24983400345576,53.28699726729119,1,5-25km,anticipation1
2009,2013,960.7558288446246,46.43920093879764,1,5-25km,anticipation1
2009,2014,570.0199612194886,48.64298965407818,1,5-25km,anticipation1
2009,2015,794.9063656737923,45.56769699663135,1,5-25km,anticipation1
2009,2016,166.34299786987174,65.48677279826806,1,5-25km,anticipation1
2009,2017,-1052.9489314360462,66.14242653674516,1,5-25km,anticipation1
2009,2018,-610.824502090705,58.70163735133069,1,5-25km,anticipation1
2009,2019,46.65014515039451,51.502692512669974,1,5-25km,anticipation1
2009,2020,-183.1628742109777,59.60350738006957,1,5-25km,anticipation1
2009,2021,-117.12527578887715,58.954366870526684,1,5-25km,anticipation1
2009,2022,-62.86875409070667,53.630939873053414,1,5-25km,anticipation1
2009,2023,440.85378316600014,53.30942144485348,1,5-25km,anticipation1
2009,2024,243.96164675451288,53.2257156583536,1,5-25km,anticipation1
2009,2025,502.7383628077545,56.42805505090877,1,5-25km,anticipation1
2010,2002,331.95018849707526,193.2743763626268,1,5-25km,anticipation1
2010,2003,-262.71563361746524,148.437182438787,1,5-25km,anticipation1
2010,2004,-108.02293203446357,118.9992691229472,1,5-25km,anticipation1
2010,2005,26.42683040388431,125.27910350993257,1,5-25km,anticipation1
2010,2006,547.8140803290738,167.88247344524154,1,5-25km,anticipation1
2010,2007,-1190.4694571579448,165.9386217969532,1,5-25km,anticipation1
2010,2008,579.3403602572575,116.75547596153456,1,5-25km,anticipation1
2010,2009,323.97953638401486,151.0738383850243,1,5-25km,anticipation1
2010,2010,182.45621030057887,150.55449064263695,1,5-25km,anticipation1
2010,2011,406.10389024310734,165.18647068837413,1,5-25km,anticipation1
2010,2012,44.401998550872634,143.15789703949739,1,5-25km,anticipation1
2010,2013,476.81334237284705,134.16346875521378,1,5-25km,anticipation1
2010,2014,-54.37272956420668,169.3704762185422,1,5-25km,anticipation1
2010,2015,122.55992091699318,127.27463811637331,1,5-25km,anticipation1
2010,2016,-546.0607858442802,188.9893110718377,1,5-25km,anticipation1
2010,2017,-1479.8717810096314,204.4653643298989,1,5-25km,anticipation1
2010,2018,-1546.3643463068427,122.25646706747317,1,5-25km,anticipation1
2010,2019,-830.3581500692069,116.95459328425746,1,5-25km,anticipation1
2010,2020,-1181.5582110454661,126.78006866958796,1,5-25km,anticipation1
2010,2021,-899.0770310794862,173.1254550748473,1,5-25km,anticipation1
2010,2022,-878.3240151486384,143.625179455347,1,5-25km,anticipation1
2010,2023,-272.90010084770506,151.52616528388552,1,5-25km,anticipation1
2010,2024,123.17440813282506,252.11368552441104,1,5-25km,anticipation1
2010,2025,-217.43391528872908,154.33347349000616,1,5-25km,anticipation1
2011,2002,145.2680025907033,101.46397561025103,1,5-25km,anticipation1
2011,2003,98.36425660337886,98.11636346011444,1,5-25km,anticipation1
2011,2004,812.1479814798378,128.930881699813,1,5-25km,anticipation1
2011,2005,-621.1408401541994,136.34936482695744,1,5-25km,anticipation1
2011,2006,97.82276469664886,128.5576012577594,1,5-25km,anticipation1
2011,2007,19.84080205681994,136.16917110682863,1,5-25km,anticipation1
2011,2008,-836.6518407525243,141.3579594288338,1,5-25km,anticipation1
2011,2009,665.4378500308298,125.35262448257042,1,5-25km,anticipation1
2011,2010,-303.9952441135499,128.83150620007294,1,5-25km,anticipation1
2011,2011,-1072.6857481271184,119.47540602957143,1,5-25km,anticipation1
2011,2012,-1057.8690841885268,136.8912787799041,1,5-25km,anticipation1
2011,2013,-1057.2780135578505,125.83341684870294,1,5-25km,anticipation1
2011,2014,-790.342383611249,158.60733622481916,1,5-25km,anticipation1
2011,2015,-860.698981486936,130.71684406124746,1,5-25km,anticipation1
2011,2016,-1454.686833344097,145.169628162694,1,5-25km,anticipation1
2011,2017,-619.1139151249936,165.83531188384055,1,5-25km,anticipation1
2011,2018,-1394.5734127679334,148.90108857806246,1,5-25km,anticipation1
2011,2019,-1253.212442573763,136.18323963222812,1,5-25km,anticipation1
2011,2020,-1706.478403397412,133.51505700385016,1,5-25km,anticipation1
2011,2021,-1335.0672676648444,138.01545607258996,1,5-25km,anticipation1
2011,2022,-1710.792907240303,133.1022670088101,1,5-25km,anticipation1
2011,2023,-1297.0302001721345,127.38899481660332,1,5-25km,anticipation1
2011,2024,-1494.28035669901,140.5082432968037,1,5-25km,anticipation1
2011,2025,-990.0381605595608,138.00797196178146,1,5-25km,anticipation1
2012,2002,-493.7092155622613,264.71772311225146,1,5-25km,anticipation1
2012,2003,1578.245287444843,276.5064768997786,1,5-25km,anticipation1
2012,2004,-1405.7354869244314,270.6092533603556,1,5-25km,anticipation1
2012,2005,916.8881726094659,247.1262401805463,1,5-25km,anticipation1
2012,2006,-905.0784786928039,322.23785234141917,1,5-25km,anticipation1
2012,2007,-201.97468204843938,187.42451643842978,1,5-25km,anticipation1
2012,2008,572.6260933148249,203.75595312007206,1,5-25km,anticipation1
2012,2009,-13.858429822763583,343.38034217581327,1,5-25km,anticipation1
2012,2010,268.310651922252,362.42591142969894,1,5-25km,anticipation1
2012,2011,-519.8361421738157,227.50710808525386,1,5-25km,anticipation1
2012,2012,-950.8894737679358,183.41766068311196,1,5-25km,anticipation1
2012,2013,-410.02100445416,198.91784698873587,1,5-25km,anticipation1
2012,2014,-667.1773065282944,201.70183105917434,1,5-25km,anticipation1
2012,2015,72.34948660259045,255.73685838678009,1,5-25km,anticipation1
2012,2016,-953.8121754996288,305.2537790784865,1,5-25km,anticipation1
2012,2017,-1493.1271851104605,298.9581706042921,1,5-25km,anticipation1
2012,2018,-514.5980183926906,420.5307976560176,1,5-25km,anticipation1
2012,2019,-442.791196810261,324.9126143724356,1,5-25km,anticipation1
2012,2020,-1259.793065302009,241.16666942056287,1,5-25km,anticipation1
2012,2021,-802.1276881354179,298.15924330847537,1,5-25km,anticipation1
2012,2022,-1373.5874470655417,216.71790876083796,1,5-25km,anticipation1
2012,2023,-513.6672431929339,245.26862008242261,1,5-25km,anticipation1
2012,2024,-761.3680425187054,256.6440457204524,1,5-25km,anticipation1
2012,2025,-484.8717011352311,290.64592164102174,1,5-25km,anticipation1
2013,2002,275.66163485632285,136.07062494464728,1,5-25km,anticipation1
2013,2003,791.770388394496,197.22884033061032,1,5-25km,anticipation1
2013,2004,-1389.8427433313789,219.4225713539577,1,5-25km,anticipation1
2013,2005,688.9695395024266,163.69063889865512,1,5-25km,anticipation1
2013,2006,80.88686070996539,233.03605256726723,1,5-25km,anticipation1
2013,2007,-590.7707799078856,234.04682483188196,1,5-25km,anticipation1
2013,2008,691.4647712478379,195.7177485362326,1,5-25km,anticipation1
2013,2009,-449.8021510727843,201.60566906487293,1,5-25km,anticipation1
2013,2010,-13.988812870738741,179.39926569633562,1,5-25km,anticipation1
2013,2011,246.12328737382893,185.3567258455743,1,5-25km,anticipation1
2013,2012,-221.83793288876092,199.23786160705265,1,5-25km,anticipation1
2013,2013,141.10767021266474,195.46572712756006,1,5-25km,anticipation1
2013,2014,265.7705117540685,276.37626521591534,1,5-25km,anticipation1
2013,2015,319.849304883793,190.76004269752943,1,5-25km,anticipation1
2013,2016,24241.51565192851,2620.43560765431,1,5-25km,anticipation1
2013,2017,-1116.705388661752,249.22133201076005,1,5-25km,anticipation1
2013,2018,-1206.8721265695096,222.06944876162297,1,5-25km,anticipation1
2013,2019,1279.557330066727,712.5213724566396,1,5-25km,anticipation1
2013,2020,-1125.8437323859505,193.9563466316393,1,5-25km,anticipation1
2013,2021,-641.2863309469044,249.20832674702936,1,5-25km,anticipation1
2013,2022,-811.8172699972138,196.0869139115021,1,5-25km,anticipation1
2013,2023,-307.8520962407099,206.84245512480675,1,5-25km,anticipation1
2013,2024,-771.9211460875447,184.31350728056339,1,5-25km,anticipation1
2013,2025,-173.03681077192152,191.4276343377161,1,5-25km,anticipation1
2014,2002,-1826.8651397858284,516.2203513984559,1,5-25km,anticipation1
2014,2003,-106.98444683402204,145.78935792260785,1,5-25km,anticipation1
2014,2004,-166.58607725597517,230.44743835809064,1,5-25km,anticipation1
2014,2005,60.022756595787996,239.73174054496167,1,5-25km,anticipation1
2014,2006,-26.70964764173999,160.46974235178433,1,5-25km,anticipation1
2014,2007,1745.480114736629,458.0258358032833,1,5-25km,anticipation1
2014,2008,-838.0101395128388,717.1534643440469,1,5-25km,anticipation1
2014,2009,-548.046015007862,728.8579849591832,1,5-25km,anticipation1
2014,2010,-408.42668201099093,226.99124539989603,1,5-25km,anticipation1
2014,2011,73.70346375618982,268.3173376496519,1,5-25km,anticipation1
2014,2012,141.25468457296074,286.7375861837909,1,5-25km,anticipation1
2014,2013,295.403781166862,270.8819757315251,1,5-25km,anticipation1
2014,2014,-137.93480922450658,260.9841998397173,1,5-25km,anticipation1
2014,2015,493.64593996813403,348.6706363817037,1,5-25km,anticipation1
2014,2016,-466.94707182022046,404.7828138686875,1,5-25km,anticipation1
2014,2017,-1627.948499242355,454.1171218947692,1,5-25km,anticipation1
2014,2018,-1635.5454143014529,238.41089344184195,1,5-25km,anticipation1
2014,2019,66.74935799690388,550.4421152195271,1,5-25km,anticipation1
2014,2020,-1149.025518713124,239.66477685564203,1,5-25km,anticipation1
2014,2021,-521.0533507030789,213.0749303723344,1,5-25km,anticipation1
2014,2022,-804.1035555782162,283.137995980919,1,5-25km,anticipation1
2014,2023,-663.5634851009138,233.0231380391553,1,5-25km,anticipation1
2014,2024,-825.713994093183,229.11992039683292,1,5-25km,anticipation1
2014,2025,76.45009295850934,416.7872816909436,1,5-25km,anticipation1
2018,2002,-11.409432347081975,83.39355925802829,1,5-25km,anticipation1
2018,2003,116.8540812541687,70.66302654384519,1,5-25km,anticipation1
2018,2004,-121.77316942819687,96.64583673124731,1,5-25km,anticipation1
2018,2005,79.06928000742744,100.72018613948526,1,5-25km,anticipation1
2018,2006,385.8684055004669,120.14291718840158,1,5-25km,anticipation1
2018,2007,-745.5593825773074,117.05024934096042,1,5-25km,anticipation1
2018,2008,234.01116830173106,98.08959832403008,1,5-25km,anticipation1
2018,2009,19.054419177069576,97.37489502904485,1,5-25km,anticipation1
2018,2010,422.0169838793206,112.2030604393183,1,5-25km,anticipation1
2018,2011,-351.51892791713954,103.38440099317916,1,5-25km,anticipation1
2018,2012,-185.9987232782812,82.93798316470384,1,5-25km,anticipation1
2018,2013,262.99852721359935,70.69930585319926,1,5-25km,anticipation1
2018,2014,-88.91942902973449,76.3763438398817,1,5-25km,anticipation1
2018,2015,98.28731643553243,86.70424791542627,1,5-25km,anticipation1
2018,2016,-836.7618882303407,82.6029425051419,1,5-25km,anticipation1
2018,2017,-430.2712355236682,104.44862761295568,1,5-25km,anticipation1
2018,2018,-557.5825062886095,94.29589226894883,1,5-25km,anticipation1
2018,2019,95.82890386597649,86.19164507592127,1,5-25km,anticipation1
2018,2020,-213.24602903597778,97.39886400148666,1,5-25km,anticipation1
2018,2021,92.39501414018459,107.80094236540594,1,5-25km,anticipation1
2018,2022,45.53947804557913,94.9656211679357,1,5-25km,anticipation1
2018,2023,555.9849111988879,93.93197117240332,1,5-25km,anticipation1
2018,2024,299.7524890472191,105.40692980249827,1,5-25km,anticipation1
2018,2025,408.521895424955,85.9149707172143,1,5-25km,anticipation1
2019,2002,1764.4256097787938,1130.9494634046873,1,5-25km,anticipation1
2019,2003,-761.9174182123327,1100.9871645135947,1,5-25km,anticipation1
2019,2004,1669.1125563454,2477.4079440806945,1,5-25km,anticipation1
2019,2005,-195.7631805922157,1877.1610320981688,1,5-25km,anticipation1
2019,2006,-2061.5004094981873,1467.179351344437,1,5-25km,anticipation1
2019,2007,969.9760139217303,920.630964465084,1,5-25km,anticipation1
2019,2008,-775.217576701099,1171.0047392975407,1,5-25km,anticipation1
2019,2009,4706.345556895414,3265.7986531850543,1,5-25km,anticipation1
2019,2010,-4649.684038912699,3156.8024564855214,1,5-25km,anticipation1
2019,2011,2199.3069902788975,1073.4214245245548,1,5-25km,anticipation1
2019,2012,-648.6713739286074,1151.494607642019,1,5-25km,anticipation1
2019,2013,-469.2844343829545,711.0926758285323,1,5-25km,anticipation1
2019,2014,-847.4837232728128,284.1328189790448,1,5-25km,anticipation1
2019,2015,566.7237733410452,437.9756626866883,1,5-25km,anticipation1
2019,2016,-919.1039997796062,361.4204571915472,1,5-25km,anticipation1
2019,2017,1814.74048925747,1528.3184500578736,1,5-25km,anticipation1
2019,2018,-2829.4947153642593,1784.7844158718453,1,5-25km,anticipation1
2019,2019,-1137.0416072368794,1726.5871127739345,1,5-25km,anticipation1
2019,2020,1448.9504649197925,4080.905237429076,1,5-25km,anticipation1
2019,2021,-1507.6291916856476,1461.1927438647426,1,5-25km,anticipation1
2019,2022,-431.6739359922394,1681.9342908706587,1,5-25km,anticipation1
2019,2023,-1273.691131750888,1664.606648246753,1,5-25km,anticipation1
2019,2024,-1340.6018194230096,1698.340044134851,1,5-25km,anticipation1
2019,2025,-850.5497567549914,1557.516081485476,1,5-25km,anticipation1
2020,2002,481.1543397521475,28.935618868470282,1,5-25km,anticipation1
2020,2003,242.85382836695948,27.207170931965248,1,5-25km,anticipation1
2020,2004,-678.7938602162832,46.5434466718961,1,5-25km,anticipation1
2020,2005,323.51816099281507,46.42942932771281,1,5-25km,anticipation1
2020,2006,-28.382398082240798,30.372999672304562,1,5-25km,anticipation1
2020,2007,-407.2798842277244,32.7670266437859,1,5-25km,anticipation1
2020,2008,305.7357686872577,35.899535333480586,1,5-25km,anticipation1
2020,2009,-173.18751527715813,40.984824567330975,1,5-25km,anticipation1
2020,2010,247.74563375778354,40.22222934259024,1,5-25km,anticipation1
2020,2011,110.78529436922804,31.997444929791765,1,5-25km,anticipation1
2020,2012,-412.5521313470092,34.509944155606846,1,5-25km,anticipation1
2020,2013,928.0348367973061,34.651867871410815,1,5-25km,anticipation1
2020,2014,-539.7231247167456,28.440931330044542,1,5-25km,anticipation1
2020,2015,294.99804220115516,23.08242033691388,1,5-25km,anticipation1
2020,2016,-1099.5039347112256,33.114456492485395,1,5-25km,anticipation1
2020,2017,-802.1132276401618,59.18514605928317,1,5-25km,anticipation1
2020,2018,1249.356777548628,114.5142267122391,1,5-25km,anticipation1
2020,2019,234.8927119263077,109.55707581321562,1,5-25km,anticipation1
2020,2020,66.81085558305438,134.18426954881593,1,5-25km,anticipation1
2020,2021,248.10613601558896,132.70993721173951,1,5-25km,anticipation1
2020,2022,427.57958927366064,137.38477117317046,1,5-25km,anticipation1
2020,2023,371.6084166318856,119.51149630836862,1,5-25km,anticipation1
2020,2024,625.720456486747,131.38762608331172,1,5-25km,anticipation1
2020,2025,588.6462430342826,120.6054284958769,1,5-25km,anticipation1
2021,2002,339.50158068767973,231.4707688171225,1,5-25km,anticipation1
2021,2003,-602.043701107581,219.1307536232616,1,5-25km,anticipation1
2021,2004,1876.906857806439,349.9840577883719,1,5-25km,anticipation1
2021,2005,-1259.7459902091814,364.4337622223992,1,5-25km,anticipation1
2021,2006,-189.7306167978013,254.50924534341075,1,5-25km,anticipation1
2021,2007,-452.7353691528122,233.94572995494565,1,5-25km,anticipation1
2021,2008,-233.1734721113569,186.05817809579557,1,5-25km,anticipation1
2021,2009,374.74455782142377,215.71943156446596,1,5-25km,anticipation1
2021,2010,-287.94859609736324,194.67221842757024,1,5-25km,anticipation1
2021,2011,442.77265606432,180.33857594873723,1,5-25km,anticipation1
2021,2012,494.418001607733,226.5419529676131,1,5-25km,anticipation1
2021,2013,-1006.9334926707029,233.30001394840536,1,5-25km,anticipation1
2021,2014,96.08317132268292,133.04732107583592,1,5-25km,anticipation1
2021,2015,80.76861243684516,167.77264361558696,1,5-25km,anticipation1
2021,2016,-417.1046696851753,185.2010015865173,1,5-25km,anticipation1
2021,2017,817.5254320479794,268.9574137366265,1,5-25km,anticipation1
2021,2018,-1132.5016290273948,290.0691465881601,1,5-25km,anticipation1
2021,2019,203.34297545284835,186.63669468358043,1,5-25km,anticipation1
2021,2020,-618.6284548795024,145.87342310541285,1,5-25km,anticipation1
2021,2021,-337.4352522899608,165.41838364002257,1,5-25km,anticipation1
2021,2022,-225.24835217297075,173.27225662191242,1,5-25km,anticipation1
2021,2023,542.8448916328027,180.92117047110926,1,5-25km,anticipation1
2021,2024,139.28426645899847,161.53083328847487,1,5-25km,anticipation1
2021,2025,496.81289719438655,213.58909546788814,1,5-25km,anticipation1
2024,2002,-511.8646041209131,90.25473522133319,1,5-25km,anticipation1
2024,2003,952.604824203025,72.03547109217322,1,5-25km,anticipation1
2024,2004,-1008.278072871806,101.82199507471347,1,5-25km,anticipation1
2024,2005,464.6192094029798,96.24870853513993,1,5-25km,anticipation1
2024,2006,-172.4111035013118,92.8108602928621,1,5-25km,anticipation1
2024,2007,-33.873260907579606,100.52757557377248,1,5-25km,anticipation1
2024,2008,-338.0241334562923,91.23527841585745,1,5-25km,anticipation1
2024,2009,166.05131351777345,80.08546834334643,1,5-25km,anticipation1
2024,2010,414.5124445315637,85.43910148689267,1,5-25km,anticipation1
2024,2011,-578.0460531816273,71.20279233171343,1,5-25km,anticipation1
2024,2012,280.58257729255087,69.49695673689217,1,5-25km,anticipation1
2024,2013,-7.675087423011519,65.07772396183377,1,5-25km,anticipation1
2024,2014,-0.7869796335150454,56.35865746043742,1,5-25km,anticipation1
2024,2015,130.04325451408596,72.24721063156287,1,5-25km,anticipation1
2024,2016,-83.8086190327706,100.76494720559404,1,5-25km,anticipation1
2024,2017,-305.82132352338044,120.18754638186373,1,5-25km,anticipation1
2024,2018,-774.9290612646528,99.77188944103095,1,5-25km,anticipation1
2024,2019,347.9879222994068,67.43875215753471,1,5-25km,anticipation1
2024,2020,-324.56960628593913,63.48214605667858,1,5-25km,anticipation1
2024,2021,189.76723250596353,69.24308806248825,1,5-25km,anticipation1
2024,2022,138.81469353298303,62.07058459904168,1,5-25km,anticipation1
2024,2023,659.6794416289813,71.13552084043324,1,5-25km,anticipation1
2024,2024,80.48172999025246,63.71252690429254,1,5-25km,anticipation1
2024,2025,396.0469847351592,67.20911203128786,1,5-25km,anticipation1
2025,2002,435.96585396158207,241.37519124367094,1,5-25km,anticipation1
2025,2003,203.47490433601564,220.38842793350742,1,5-25km,anticipation1
2025,2004,581.9806958939291,217.915339569636,1,5-25km,anticipation1
2025,2005,-250.458368083589,237.4306502932312,1,5-25km,anticipation1
2025,2006,785.9064017338467,290.30055709914967,1,5-25km,anticipation1
2025,2007,-992.7453855946662,330.8275629435752,1,5-25km,anticipation1
2025,2008,-28.169531986484117,306.7371965699723,1,5-25km,anticipation1
2025,2009,-354.37352848286537,243.58557770046653,1,5-25km,anticipation1
2025,2010,732.3437537874997,244.56852432632607,1,5-25km,anticipation1
2025,2011,260.8285127973568,284.827955220228,1,5-25km,anticipation1
2025,2012,-1041.017669185906,259.04482874936093,1,5-25km,anticipation1
2025,2013,-735.3883090043253,219.86370475812163,1,5-25km,anticipation1
2025,2014,289.76053059959435,189.5890959146151,1,5-25km,anticipation1
2025,2015,82.76613515909554,148.0797294955776,1,5-25km,anticipation1
2025,2016,754.3202325637828,214.93909174538814,1,5-25km,anticipation1
2025,2017,410.6277427383027,292.8829819601822,1,5-25km,anticipation1
2025,2018,96.08656953370746,301.0523858545593,1,5-25km,anticipation1
2025,2019,-321.74141391161675,328.354970355234,1,5-25km,anticipation1
2025,2020,-179.7254707323172,295.3028086818361,1,5-25km,anticipation1
2025,2021,-673.0588805254388,258.2983032131888,1,5-25km,anticipation1
2025,2022,319.9929701624437,304.51636873154666,1,5-25km,anticipation1
2025,2023,-227.88808840708418,290.35537024811947,1,5-25km,anticipation1
2025,2024,-1179.9754517468448,176.48599817679164,1,5-25km,anticipation1
2025,2025,-374.1316675756739,197.9383938196941,1,5-25km,anticipation1
2013,2002,378.0598090920477,,0,5-25km,dr_geography
2013,2003,1063.2717770069726,,0,5-25km,dr_geography
2013,2004,46.90194643251903,,0,5-25km,dr_geography
2013,2005,386.94818023434306,,0,5-25km,dr_geography
2013,2006,577.050173324149,,0,5-25km,dr_geography
2013,2007,259.3798562902913,,0,5-25km,dr_geography
2013,2008,876.6342168288165,,0,5-25km,dr_geography
2013,2009,240.3803267505377,,0,5-25km,dr_geography
2013,2010,348.2906149901331,,0,5-25km,dr_geography
2013,2011,406.36838090505086,,0,5-25km,dr_geography
2013,2012,0.0,,0,5-25km,dr_geography
2013,2013,604.3672130780137,,0,5-25km,dr_geography
2013,2014,950.6799950006179,,0,5-25km,dr_geography
2013,2015,894.7651090134447,,0,5-25km,dr_geography
2013,2016,25374.20572691428,,0,5-25km,dr_geography
2013,2017,183.81361314001626,,0,5-25km,dr_geography
2013,2018,376.2376904925211,,0,5-25km,dr_geography
2013,2019,2412.62648168049,,0,5-25km,dr_geography
2013,2020,355.34988737345986,,0,5-25km,dr_geography
2013,2021,656.9266190918875,,0,5-25km,dr_geography
2013,2022,407.3527351320824,,0,5-25km,dr_geography
2013,2023,261.71739411295323,,0,5-25km,dr_geography
2013,2024,-43.07518646191675,,0,5-25km,dr_geography
2013,2025,426.99082711024107,,0,5-25km,dr_geography
2014,2002,-354.7451783595063,,0,5-25km,dr_geography
2014,2003,-630.804113782765,,0,5-25km,dr_geography
2014,2004,-484.93875646798125,,0,5-25km,dr_geography
2014,2005,-670.2435011494149,,0,5-25km,dr_geography
2014,2006,-572.0879717952374,,0,5-25km,dr_geography
2014,2007,1375.085669275593,,0,5-25km,dr_geography
2014,2008,425.55223237656475,,0,5-25km,dr_geography
2014,2009,-309.3616828798944,,0,5-25km,dr_geography
2014,2010,-472.7061523486221,,0,5-25km,dr_geography
2014,2011,-419.86006512192876,,0,5-25km,dr_geography
2014,2012,-411.2107062997993,,0,5-25km,dr_geography
2014,2013,0.0,,0,5-25km,dr_geography
2014,2014,-235.3357277895548,,0,5-25km,dr_geography
2014,2015,244.96366266956957,,0,5-25km,dr_geography
2014,2016,-158.15408878696587,,0,5-25km,dr_geography
2014,2017,-915.4656047479981,,0,5-25km,dr_geography
2014,2018,-631.8451403402595,,0,5-25km,dr_geography
2014,2019,469.00825504848996,,0,5-25km,dr_geography
2014,2020,-269.16873851708664,,0,5-25km,dr_geography
2014,2021,36.43578059009619,,0,5-25km,dr_geography
2014,2022,-299.7070406467703,,0,5-25km,dr_geography
2014,2023,-933.534837051106,,0,5-25km,dr_geography
2014,2024,-721.3752381421207,,0,5-25km,dr_geography
2014,2025,6.6297107857602775,,0,5-25km,dr_geography
2018,2002,816.9553515577849,,0,5-25km,dr_geography
2018,2003,901.86237498286,,0,5-25km,dr_geography
2018,2004,953.7009067433005,,0,5-25km,dr_geography
2018,2005,838.4877143681223,,0,5-25km,dr_geography
2018,2006,1266.4666184383163,,0,5-25km,dr_geography
2018,2007,629.667449147013,,0,5-25km,dr_geography
2018,2008,825.5464705780165,,0,5-25km,dr_geography
2018,2009,786.3747466481466,,0,5-25km,dr_geography
2018,2010,1221.6443521948954,,0,5-25km,dr_geography
2018,2011,769.2933083930477,,0,5-25km,dr_geography
2018,2012,480.1076425913602,,0,5-25km,dr_geography
2018,2013,859.0276005809598,,0,5-25km,dr_geography
2018,2014,883.5374319760807,,0,5-25km,dr_geography
2018,2015,956.3021666986954,,0,5-25km,dr_geography
2018,2016,386.4634191929605,,0,5-25km,dr_geography
2018,2017,0.0,,0,5-25km,dr_geography
2018,2018,-52.33550668650642,,0,5-25km,dr_geography
2018,2019,374.5910450024269,,0,5-25km,dr_geography
2018,2020,190.05851983094226,,0,5-25km,dr_geography
2018,2021,443.6493116283973,,0,5-25km,dr_geography
2018,2022,368.79901794437905,,0,5-25km,dr_geography
2018,2023,618.9295187424984,,0,5-25km,dr_geography
2018,2024,369.63996344351546,,0,5-25km,dr_geography
2018,2025,428.99987781766697,,0,5-25km,dr_geography
2019,2002,1600.5621501874396,,0,5-25km,dr_geography
2019,2003,881.3361499029998,,0,5-25km,dr_geography
2019,2004,2644.303678613231,,0,5-25km,dr_geography
2019,2005,2200.8192851055387,,0,5-25km,dr_geography
2019,2006,208.27272603747878,,0,5-25km,dr_geography
2019,2007,1262.7816809333628,,0,5-25km,dr_geography
2019,2008,477.3376614035052,,0,5-25km,dr_geography
2019,2009,5022.9038362454285,,0,5-25km,dr_geography
2019,2010,512.7179278123981,,0,5-25km,dr_geography
2019,2011,2542.8706524154354,,0,5-25km,dr_geography
2019,2012,1806.3971546313714,,0,5-25km,dr_geography
2019,2013,1615.1212068184243,,0,5-25km,dr_geography
2019,2014,902.0324912644986,,0,5-25km,dr_geography
2019,2015,1470.1546526109216,,0,5-25km,dr_geography
2019,2016,855.159520493561,,0,5-25km,dr_geography
2019,2017,2591.85330106003,,0,5-25km,dr_geography
2019,2018,0.0,,0,5-25km,dr_geography
2019,2019,1318.2813095361898,,0,5-25km,dr_geography
2019,2020,4122.389558543119,,0,5-25km,dr_geography
2019,2021,1098.4687432790872,,0,5-25km,dr_geography
2019,2022,2139.6656327231826,,0,5-25km,dr_geography
2019,2023,940.4689455232904,,0,5-25km,dr_geography
2019,2024,981.0150605919482,,0,5-25km,dr_geography
2019,2025,1372.9125208939015,,0,5-25km,dr_geography
2020,2002,644.1032915023065,,0,5-25km,dr_geography
2020,2003,652.0435701101958,,0,5-25km,dr_geography
2020,2004,208.3710964159559,,0,5-25km,dr_geography
2020,2005,398.11007841022126,,0,5-25km,dr_geography
2020,2006,411.12658377316234,,0,5-25km,dr_geography
2020,2007,-19.705833036506785,,0,5-25km,dr_geography
2020,2008,277.3024097060376,,0,5-25km,dr_geography
2020,2009,134.53289272245522,,0,5-25km,dr_geography
2020,2010,353.3662385236717,,0,5-25km,dr_geography
2020,2011,228.13353255019885,,0,5-25km,dr_geography
2020,2012,-232.05835554560906,,0,5-25km,dr_geography
2020,2013,664.3777957424226,,0,5-25km,dr_geography
2020,2014,99.3003529674606,,0,5-25km,dr_geography
2020,2015,452.5432580747544,,0,5-25km,dr_geography
2020,2016,-699.0074556180546,,0,5-25km,dr_geography
2020,2017,-1435.8163569792678,,0,5-25km,dr_geography
2020,2018,-608.3949831448002,,0,5-25km,dr_geography
2020,2019,0.0,,0,5-25km,dr_geography
2020,2020,-505.17280704165927,,0,5-25km,dr_geography
2020,2021,-218.4691824509004,,0,5-25km,dr_geography
2020,2022,-135.53111117645244,,0,5-25km,dr_geography
2020,2023,-40.105097417453266,,0,5-25km,dr_geography
2020,2024,-223.76940673889487,,0,5-25km,dr_geography
2020,2025,-4.850249555217019,,0,5-25km,dr_geography
2021,2002,1779.4928599584575,,0,5-25km,dr_geography
2021,2003,1367.1178246246245,,0,5-25km,dr_geography
2021,2004,3074.6565452580917,,0,5-25km,dr_geography
2021,2005,1813.6600875593672,,0,5-25km,dr_geography
2021,2006,1635.1677642319362,,0,5-25km,dr_geography
2021,2007,1145.7660131390246,,0,5-25km,dr_geography
2021,2008,934.9901179058444,,0,5-25km,dr_geography
2021,2009,1264.6028030839598,,0,5-25km,dr_geography
2021,2010,1010.5751233181697,,0,5-25km,dr_geography
2021,2011,1395.962271171727,,0,5-25km,dr_geography
2021,2012,1799.262142440112,,0,5-25km,dr_geography
2021,2013,1034.673582887092,,0,5-25km,dr_geography
2021,2014,1113.8319457965288,,0,5-25km,dr_geography
2021,2015,1243.068969069669,,0,5-25km,dr_geography
2021,2016,737.7940256727633,,0,5-25km,dr_geography
2021,2017,1261.4556348911838,,0,5-25km,dr_geography
2021,2018,438.28258776914083,,0,5-25km,dr_geography
2021,2019,553.9404285925378,,0,5-25km,dr_geography
2021,2020,0.0,,0,5-25km,dr_geography
2021,2021,301.292355822318,,0,5-25km,dr_geography
2021,2022,436.1035506931234,,0,5-25km,dr_geography
2021,2023,1151.6144332496951,,0,5-25km,dr_geography
2021,2024,814.2636616437819,,0,5-25km,dr_geography
2021,2025,1104.8968748859816,,0,5-25km,dr_geography
2024,2002,20.852393339747263,,0,5-25km,dr_geography
2024,2003,842.8758027570307,,0,5-25km,dr_geography
2024,2004,31.80182279320659,,0,5-25km,dr_geography
2024,2005,318.6915141908177,,0,5-25km,dr_geography
2024,2006,252.65904607504885,,0,5-25km,dr_geography
2024,2007,238.08909314501665,,0,5-25km,dr_geography
2024,2008,-99.18108768683074,,0,5-25km,dr_geography
2024,2009,-0.7459276267987924,,0,5-25km,dr_geography
2024,2010,450.9123600970775,,0,5-25km,dr_geography
2024,2011,-109.26685657667139,,0,5-25km,dr_geography
2024,2012,40.924106206696536,,0,5-25km,dr_geography
2024,2013,122.93326134617008,,0,5-25km,dr_geography
2024,2014,224.73695098935738,,0,5-25km,dr_geography
2024,2015,280.73130576735593,,0,5-25km,dr_geography
2024,2016,408.7286848817554,,0,5-25km,dr_geography
2024,2017,75.51895277128108,,0,5-25km,dr_geography
2024,2018,-406.6345909634133,,0,5-25km,dr_geography
2024,2019,-305.2976097547852,,0,5-25km,dr_geography
2024,2020,-409.29718916526286,,0,5-25km,dr_geography
2024,2021,-344.6685814262655,,0,5-25km,dr_geography
2024,2022,-247.49051217630623,,0,5-25km,dr_geography
2024,2023,0.0,,0,5-25km,dr_geography
2024,2024,-407.0174855469223,,0,5-25km,dr_geography
2024,2025,-197.88378337767168,,0,5-25km,dr_geography
2025,2002,589.0097719184392,,0,5-25km,dr_geography
2025,2003,1721.843139368667,,0,5-25km,dr_geography
2025,2004,1268.1271169758638,,0,5-25km,dr_geography
2025,2005,1741.3374515464675,,0,5-25km,dr_geography
2025,2006,2272.678823826774,,0,5-25km,dr_geography
2025,2007,1263.9819746500445,,0,5-25km,dr_geography
2025,2008,1105.2170246303112,,0,5-25km,dr_geography
2025,2009,761.0892556798233,,0,5-25km,dr_geography
2025,2010,1581.105609397934,,0,5-25km,dr_geography
2025,2011,1898.7429263160052,,0,5-25km,dr_geography
2025,2012,728.8818853892429,,0,5-25km,dr_geography
2025,2013,493.65000550493824,,0,5-25km,dr_geography
2025,2014,423.3335408835079,,0,5-25km,dr_geography
2025,2015,659.515703533802,,0,5-25km,dr_geography
2025,2016,499.27607269173035,,0,5-25km,dr_geography
2025,2017,164.8092663804118,,0,5-25km,dr_geography
2025,2018,1174.4839930855883,,0,5-25km,dr_geography
2025,2019,824.1789510665091,,0,5-25km,dr_geography
2025,2020,771.2667424194483,,0,5-25km,dr_geography
2025,2021,183.46309631163135,,0,5-25km,dr_geography
2025,2022,700.2905295101218,,0,5-25km,dr_geography
2025,2023,838.4174463963277,,0,5-25km,dr_geography
2025,2024,0.0,,0,5-25km,dr_geography
2025,2025,693.4688421746795,,0,5-25km,dr_geography
2013,2002,-29.48575849600376,,1,5-25km,dr_geography_anticipation1
2013,2003,656.1458864324433,,1,5-25km,dr_geography_anticipation1
2013,2004,-359.17634319157867,,1,5-25km,dr_geography_anticipation1
2013,2005,-18.967409099192388,,1,5-25km,dr_geography_anticipation1
2013,2006,170.1794967194798,,1,5-25km,dr_geography_anticipation1
2013,2007,-144.14757034006635,,1,5-25km,dr_geography_anticipation1
2013,2008,469.25049487349213,,1,5-25km,dr_geography_anticipation1
2013,2009,-164.81165265047542,,1,5-25km,dr_geography_anticipation1
2013,2010,-57.519968039279,,1,5-25km,dr_geography_anticipation1
2013,2011,0.0,,1,5-25km,dr_geography_anticipation1
2013,2012,-406.36838090505086,,1,5-25km,dr_geography_anticipation1
2013,2013,198.3887513655675,,1,5-25km,dr_geography_anticipation1
2013,2014,544.7187436190609,,1,5-25km,dr_geography_anticipation1
2013,2015,488.81388419953765,,1,5-25km,dr_geography_anticipation1
2013,2016,24958.402055262606,,1,5-25km,dr_geography_anticipation1
2013,2017,-221.51899131278557,,1,5-25km,dr_geography_anticipation1
2013,2018,-30.130690428315667,,1,5-25km,dr_geography_anticipation1
2013,2019,1994.1771545304396,,1,5-25km,dr_geography_anticipation1
2013,2020,-51.01849355601839,,1,5-25km,dr_geography_anticipation1
2013,2021,250.82228874081852,,1,5-25km,dr_geography_anticipation1
2013,2022,1.1833274515794159,,1,5-25km,dr_geography_anticipation1
2013,2023,-136.83316156818688,,1,5-25km,dr_geography_anticipation1
2013,2024,-449.18417075406234,,1,5-25km,dr_geography_anticipation1
2013,2025,19.999072622995346,,1,5-25km,dr_geography_anticipation1
2014,2002,55.51262579001744,,1,5-25km,dr_geography_anticipation1
2014,2003,-220.58157561659388,,1,5-25km,dr_geography_anticipation1
2014,2004,-73.21593469006898,,1,5-25km,dr_geography_anticipation1
2014,2005,-258.2134598281135,,1,5-25km,dr_geography_anticipation1
2014,2006,-161.84524777848893,,1,5-25km,dr_geography_anticipation1
2014,2007,1787.5531163095998,,1,5-25km,dr_geography_anticipation1
2014,2008,834.4612786469403,,1,5-25km,dr_geography_anticipation1
2014,2009,103.8205278491447,,1,5-25km,dr_geography_anticipation1
2014,2010,-64.92480665090139,,1,5-25km,dr_geography_anticipation1
2014,2011,-9.442507103890156,,1,5-25km,dr_geography_anticipation1
2014,2012,0.0,,1,5-25km,dr_geography_anticipation1
2014,2013,411.2107062997993,,1,5-25km,dr_geography_anticipation1
2014,2014,175.06497382565496,,1,5-25km,dr_geography_anticipation1
2014,2015,654.4565485706412,,1,5-25km,dr_geography_anticipation1
2014,2016,251.63037041228452,,1,5-25km,dr_geography_anticipation1
2014,2017,-503.1390571148368,,1,5-25km,dr_geography_anticipation1
2014,2018,-219.9183848137901,,1,5-25km,dr_geography_anticipation1
2014,2019,878.938390753319,,1,5-25km,dr_geography_anticipation1
2014,2020,142.71806665110424,,1,5-25km,dr_geography_anticipation1
2014,2021,455.1836764581472,,1,5-25km,dr_geography_anticipation1
2014,2022,113.14557126442602,,1,5-25km,dr_geography_anticipation1
2014,2023,-524.5538841556327,,1,5-25km,dr_geography_anticipation1
2014,2024,-309.34420136133787,,1,5-25km,dr_geography_anticipation1
2014,2025,416.82115753748946,,1,5-25km,dr_geography_anticipation1
2018,2002,430.2988956469069,,1,5-25km,dr_geography_anticipation1
2018,2003,515.1592384011323,,1,5-25km,dr_geography_anticipation1
2018,2004,567.0395433045339,,1,5-25km,dr_geography_anticipation1
2018,2005,451.6908298725689,,1,5-25km,dr_geography_anticipation1
2018,2006,879.8049636578413,,1,5-25km,dr_geography_anticipation1
2018,2007,242.98694287678066,,1,5-25km,dr_geography_anticipation1
2018,2008,438.8129509572054,,1,5-25km,dr_geography_anticipation1
2018,2009,399.58807259095363,,1,5-25km,dr_geography_anticipation1
2018,2010,834.9870180876401,,1,5-25km,dr_geography_anticipation1
2018,2011,384.7375313403884,,1,5-25km,dr_geography_anticipation1
2018,2012,93.39067382189569,,1,5-25km,dr_geography_anticipation1
2018,2013,472.7122802704164,,1,5-25km,dr_geography_anticipation1
2018,2014,497.5861004805544,,1,5-25km,dr_geography_anticipation1
2018,2015,570.0381820861912,,1,5-25km,dr_geography_anticipation1
2018,2016,0.0,,1,5-25km,dr_geography_anticipation1
2018,2017,-386.4634191929605,,1,5-25km,dr_geography_anticipation1
2018,2018,-438.79892587753534,,1,5-25km,dr_geography_anticipation1
2018,2019,-10.017922969112732,,1,5-25km,dr_geography_anticipation1
2018,2020,-196.4048993610323,,1,5-25km,dr_geography_anticipation1
2018,2021,57.34194626313789,,1,5-25km,dr_geography_anticipation1
2018,2022,-17.583125187888967,,1,5-25km,dr_geography_anticipation1
2018,2023,232.22191088083167,,1,5-25km,dr_geography_anticipation1
2018,2024,-16.730542141472924,,1,5-25km,dr_geography_anticipation1
2018,2025,43.169417452150036,,1,5-25km,dr_geography_anticipation1
2019,2002,-991.3832601958827,,1,5-25km,dr_geography_anticipation1
2019,2003,-1710.550715906643,,1,5-25km,dr_geography_anticipation1
2019,2004,53.28934240965831,,1,5-25km,dr_geography_anticipation1
2019,2005,-391.067422845537,,1,5-25km,dr_geography_anticipation1
2019,2006,-2383.650917075737,,1,5-25km,dr_geography_anticipation1
2019,2007,-1329.1695568210419,,1,5-25km,dr_geography_anticipation1
2019,2008,-2114.6126190178447,,1,5-25km,dr_geography_anticipation1
2019,2009,2431.0177630299163,,1,5-25km,dr_geography_anticipation1
2019,2010,-2079.21886568433,,1,5-25km,dr_geography_anticipation1
2019,2011,-48.982648674038174,,1,5-25km,dr_geography_anticipation1
2019,2012,-785.549344646018,,1,5-25km,dr_geography_anticipation1
2019,2013,-976.8377784573948,,1,5-25km,dr_geography_anticipation1
2019,2014,-1689.8208097856052,,1,5-25km,dr_geography_anticipation1
2019,2015,-1121.698648477251,,1,5-25km,dr_geography_anticipation1
2019,2016,-1736.6937805480115,,1,5-25km,dr_geography_anticipation1
2019,2017,0.0,,1,5-25km,dr_geography_anticipation1
2019,2018,-2591.85330106003,,1,5-25km,dr_geography_anticipation1
2019,2019,-1273.5719915233142,,1,5-25km,dr_geography_anticipation1
2019,2020,1529.5467056439218,,1,5-25km,dr_geography_anticipation1
2019,2021,-1493.4683916936303,,1,5-25km,dr_geography_anticipation1
2019,2022,-452.4507925905221,,1,5-25km,dr_geography_anticipation1
2019,2023,-1651.682204265523,,1,5-25km,dr_geography_anticipation1
2019,2024,-1611.1305325595663,,1,5-25km,dr_geography_anticipation1
2019,2025,-1218.9407801420543,,1,5-25km,dr_geography_anticipation1
2020,2002,1252.903442990072,,1,5-25km,dr_geography_anticipation1
2020,2003,1261.868071907431,,1,5-25km,dr_geography_anticipation1
2020,2004,816.7660795580737,,1,5-25km,dr_geography_anticipation1
2020,2005,1006.5050615545306,,1,5-25km,dr_geography_anticipation1
2020,2006,1019.9641935573396,,1,5-25km,dr_geography_anticipation1
2020,2007,589.299318251951,,1,5-25km,dr_geography_anticipation1
2020,2008,886.6449420023027,,1,5-25km,dr_geography_anticipation1
2020,2009,742.9278758685892,,1,5-25km,dr_geography_anticipation1
2020,2010,962.1756781729168,,1,5-25km,dr_geography_anticipation1
2020,2011,837.2008924119134,,1,5-25km,dr_geography_anticipation1
2020,2012,376.81380631079475,,1,5-25km,dr_geography_anticipation1
2020,2013,1271.5749197418534,,1,5-25km,dr_geography_anticipation1
2020,2014,705.5244978419835,,1,5-25km,dr_geography_anticipation1
2020,2015,1059.5038848692077,,1,5-25km,dr_geography_anticipation1
2020,2016,-86.57466543859238,,1,5-25km,dr_geography_anticipation1
2020,2017,-827.421373834704,,1,5-25km,dr_geography_anticipation1
2020,2018,0.0,,1,5-25km,dr_geography_anticipation1
2020,2019,608.3949831448002,,1,5-25km,dr_geography_anticipation1
2020,2020,101.6459267081517,,1,5-25km,dr_geography_anticipation1
2020,2021,388.65015059725056,,1,5-25km,dr_geography_anticipation1
2020,2022,470.77573748996235,,1,5-25km,dr_geography_anticipation1
2020,2023,568.7576769056199,,1,5-25km,dr_geography_anticipation1
2020,2024,382.7283040459797,,1,5-25km,dr_geography_anticipation1
2020,2025,600.7101884639494,,1,5-25km,dr_geography_anticipation1
2021,2002,1225.8027287891166,,1,5-25km,dr_geography_anticipation1
2021,2003,813.9361742813225,,1,5-25km,dr_geography_anticipation1
2021,2004,2520.7161166578344,,1,5-25km,dr_geography_anticipation1
2021,2005,1259.71965895507,,1,5-25km,dr_geography_anticipation1
2021,2006,1081.50917543816,,1,5-25km,dr_geography_anticipation1
2021,2007,592.2289989259828,,1,5-25km,dr_geography_anticipation1
2021,2008,381.6191372737718,,1,5-25km,dr_geography_anticipation1
2021,2009,710.662374480751,,1,5-25km,dr_geography_anticipation1
2021,2010,456.89758760028326,,1,5-25km,dr_geography_anticipation1
2021,2011,842.5448250216173,,1,5-25km,dr_geography_anticipation1
2021,2012,1245.650020790988,,1,5-25km,dr_geography_anticipation1
2021,2013,479.8943942985789,,1,5-25km,dr_geography_anticipation1
2021,2014,557.4332725676436,,1,5-25km,dr_geography_anticipation1
2021,2015,687.6051699464048,,1,5-25km,dr_geography_anticipation1
2021,2016,179.25726809025997,,1,5-25km,dr_geography_anticipation1
2021,2017,707.5152062896017,,1,5-25km,dr_geography_anticipation1
2021,2018,-114.50870921710145,,1,5-25km,dr_geography_anticipation1
2021,2019,0.0,,1,5-25km,dr_geography_anticipation1
2021,2020,-553.9404285925378,,1,5-25km,dr_geography_anticipation1
2021,2021,-253.48601388511017,,1,5-25km,dr_geography_anticipation1
2021,2022,-119.02438735237908,,1,5-25km,dr_geography_anticipation1
2021,2023,597.9568854790174,,1,5-25km,dr_geography_anticipation1
2021,2024,259.2495438911394,,1,5-25km,dr_geography_anticipation1
2021,2025,548.6359381624562,,1,5-25km,dr_geography_anticipation1
2024,2002,269.9601185963766,,1,5-25km,dr_geography_anticipation1
2024,2003,1091.2414608114395,,1,5-25km,dr_geography_anticipation1
2024,2004,278.8816073246925,,1,5-25km,dr_geography_anticipation1
2024,2005,565.5228671774246,,1,5-25km,dr_geography_anticipation1
2024,2006,501.4085929785706,,1,5-25km,dr_geography_anticipation1
2024,2007,484.13508920181715,,1,5-25km,dr_geography_anticipation1
2024,2008,150.16425804554956,,1,5-25km,dr_geography_anticipation1
2024,2009,245.28061176801316,,1,5-25km,dr_geography_anticipation1
2024,2010,700.5324561534957,,1,5-25km,dr_geography_anticipation1
2024,2011,139.0911371108436,,1,5-25km,dr_geography_anticipation1
2024,2012,289.00130703401203,,1,5-25km,dr_geography_anticipation1
2024,2013,371.3478533333769,,1,5-25km,dr_geography_anticipation1
2024,2014,473.04905167495286,,1,5-25km,dr_geography_anticipation1
2024,2015,528.9164090479994,,1,5-25km,dr_geography_anticipation1
2024,2016,657.0866785681509,,1,5-25km,dr_geography_anticipation1
2024,2017,321.8898462217688,,1,5-25km,dr_geography_anticipation1
2024,2018,-160.66276476031717,,1,5-25km,dr_geography_anticipation1
2024,2019,-56.9396160688774,,1,5-25km,dr_geography_anticipation1
2024,2020,-163.18062177534262,,1,5-25km,dr_geography_anticipation1
2024,2021,-95.28035438844309,,1,5-25km,dr_geography_anticipation1
2024,2022,0.0,,1,5-25km,dr_geography_anticipation1
2024,2023,247.49051217630623,,1,5-25km,dr_geography_anticipation1
2024,2024,-159.17909028769725,,1,5-25km,dr_geography_anticipation1
2024,2025,49.92008737940497,,1,5-25km,dr_geography_anticipation1
2025,2002,-249.42253182511328,,1,5-25km,dr_geography_anticipation1
2025,2003,881.9311517929598,,1,5-25km,dr_geography_anticipation1
2025,2004,430.428506980959,,1,5-25km,dr_geography_anticipation1
2025,2005,903.9507094858,,1,5-25km,dr_geography_anticipation1
2025,2006,1434.268595948626,,1,5-25km,dr_geography_anticipation1
2025,2007,428.22148275969585,,1,5-25km,dr_geography_anticipation1
2025,2008,264.8810600712132,,1,5-25km,dr_geography_anticipation1
2025,2009,-74.42668856844816,,1,5-25km,dr_geography_anticipation1
2025,2010,741.347457743173,,1,5-25km,dr_geography_anticipation1
2025,2011,1058.8885602561497,,1,5-25km,dr_geography_anticipation1
2025,2012,-103.48891560192976,,1,5-25km,dr_geography_anticipation1
2025,2013,-345.6786263705265,,1,5-25km,dr_geography_anticipation1
2025,2014,-415.6767575395884,,1,5-25km,dr_geography_anticipation1
2025,2015,-179.4066102145261,,1,5-25km,dr_geography_anticipation1
2025,2016,-340.578293354094,,1,5-25km,dr_geography_anticipation1
2025,2017,-671.4112586446299,,1,5-25km,dr_geography_anticipation1
2025,2018,337.59950984250463,,1,5-25km,dr_geography_anticipation1
2025,2019,-15.675414996505133,,1,5-25km,dr_geography_anticipation1
2025,2020,-65.73836909740976,,1,5-25km,dr_geography_anticipation1
2025,2021,-658.2269976517441,,1,5-25km,dr_geography_anticipation1
2025,2022,-147.07946765278467,,1,5-25km,dr_geography_anticipation1
2025,2023,0.0,,1,5-25km,dr_geography_anticipation1
2025,2024,-838.4174463963277,,1,5-25km,dr_geography_anticipation1
2025,2025,-145.47433900995586,,1,5-25km,dr_geography_anticipation1
2002,2002,521.244100418937,20.90851291368807,0,10-25km,baseline
2002,2003,784.0069966713877,20.233005501286108,0,10-25km,baseline
2002,2004,-56.72050288661151,24.67204516899212,0,10-25km,baseline
2002,2005,426.12876150834364,22.254617089926384,0,10-25km,baseline
2002,2006,357.6852739151751,24.72063068296514,0,10-25km,baseline
2002,2007,-151.065956639716,26.77355692815678,0,10-25km,baseline
2002,2008,156.16466244425584,26.348391082502328,0,10-25km,baseline
2002,2009,-26.135985772000286,26.521166600921628,0,10-25km,baseline
2002,2010,259.07434143505975,25.78143394984151,0,10-25km,baseline
2002,2011,354.24201270310283,25.552459792077205,0,10-25km,baseline
2002,2012,8.82496860988411,28.980071216660644,0,10-25km,baseline
2002,2013,836.3338391078262,23.543176705441763,0,10-25km,baseline
2002,2014,373.49952358754376,26.994254746530324,0,10-25km,baseline
2002,2015,732.1967585527808,24.026158562704193,0,10-25km,baseline
2002,2016,-139.45231168743027,68.39726483623562,0,10-25km,baseline
2002,2017,-1307.8732839375375,48.755045407985186,0,10-25km,baseline
2002,2018,-946.9960666610866,41.56722371078582,0,10-25km,baseline
2002,2019,-245.46784109325847,31.52926518649601,0,10-25km,baseline
2002,2020,-534.0288233627384,44.663238135846264,0,10-25km,baseline
2002,2021,-437.6095786489869,37.19481102070319,0,10-25km,baseline
2002,2022,-374.9596175958421,37.21729892211659,0,10-25km,baseline
2002,2023,423.3458591187372,65.81022828809003,0,10-25km,baseline
2002,2024,173.60135598831357,52.53193635978323,0,10-25km,baseline
2002,2025,458.9655965097305,45.55752054077629,0,10-25km,baseline
2003,2002,-4537.09247874988,1774.947686435478,0,10-25km,baseline
2003,2003,7.274099896458154,137.66691178166457,0,10-25km,baseline
2003,2004,-104.93581177206738,255.15141755069098,0,10-25km,baseline
2003,2005,359.64011642043084,311.9265625411007,0,10-25km,baseline
2003,2006,-279.7643378986143,196.2488159564634,0,10-25km,baseline
2003,2007,-978.0620587093297,145.73393852150772,0,10-25km,baseline
2003,2008,-306.5751225007386,206.07427003182752,0,10-25km,baseline
2003,2009,-405.3086021723387,207.2169174188336,0,10-25km,baseline
2003,2010,-292.9933948298093,217.34966178190024,0,10-25km,baseline
2003,2011,-16.92096353685642,267.13465721661,0,10-25km,baseline
2003,2012,3117.4827378501786,804.1303298360035,0,10-25km,baseline
2003,2013,118.50352078839708,146.52786764725775,0,10-25km,baseline
2003,2014,211.9381268261576,357.8112723050665,0,10-25km,baseline
2003,2015,-80.25641918109403,147.59590751584673,0,10-25km,baseline
2003,2016,-1183.0533664013449,162.00804138401452,0,10-25km,baseline
2003,2017,-2126.7260405299758,194.69087907139956,0,10-25km,baseline
2003,2018,-1724.333188296648,172.19993917059767,0,10-25km,baseline
2003,2019,-820.1246319005159,224.9048345222035,0,10-25km,baseline
2003,2020,-1525.1141200649668,156.74384115207735,0,10-25km,baseline
2003,2021,-1256.1283782289402,165.79872120207273,0,10-25km,baseline
2003,2022,-1331.798995804334,145.21000234078738,0,10-25km,baseline
2003,2023,-174.35035285693738,393.3631642194258,0,10-25km,baseline
2003,2024,-705.785311735933,170.7433543274145,0,10-25km,baseline
2003,2025,-479.75904719530945,153.14882618862325,0,10-25km,baseline
2004,2002,-1292.801597633463,592.2765856616509,0,10-25km,baseline
2004,2003,445.103568603722,139.30522771505693,0,10-25km,baseline
2004,2004,-100.48072259215405,629.0786228885942,0,10-25km,baseline
2004,2005,-52.685429257009446,272.2285562382067,0,10-25km,baseline
2004,2006,-31.526254819103315,337.8300646592372,0,10-25km,baseline
2004,2007,-476.6379854894473,348.7395300587418,0,10-25km,baseline
2004,2008,29.931642200961846,490.74469551863933,0,10-25km,baseline
2004,2009,-173.1796843649281,409.87155844536056,0,10-25km,baseline
2004,2010,-479.61951610043394,289.564790330694,0,10-25km,baseline
2004,2011,24.68051552773494,359.69327815270077,0,10-25km,baseline
2004,2012,379.729034975089,593.8548452107162,0,10-25km,baseline
2004,2013,-41.82169067229208,205.2256233263309,0,10-25km,baseline
2004,2014,1163.9042854412755,1138.958192174203,0,10-25km,baseline
2004,2015,-172.66442774881227,266.61085249146356,0,10-25km,baseline
2004,2016,-900.3099880815668,476.6039683883843,0,10-25km,baseline
2004,2017,-1304.4218768437054,759.1035864470957,0,10-25km,baseline
2004,2018,-1491.1712501475345,224.6073772316006,0,10-25km,baseline
2004,2019,-133.4082773638313,884.0737985477,0,10-25km,baseline
2004,2020,-1650.9058836922802,248.63861233957732,0,10-25km,baseline
2004,2021,-1377.0837800898987,278.80947625486226,0,10-25km,baseline
2004,2022,-1355.7686295334493,262.4348128847556,0,10-25km,baseline
2004,2023,-626.3374235528436,328.916440151793,0,10-25km,baseline
2004,2024,-1107.83489330736,208.85441800539013,0,10-25km,baseline
2004,2025,-551.083556134924,403.42920573447077,0,10-25km,baseline
2005,2002,983.716527201586,234.7924680066493,0,10-25km,baseline
2005,2003,-219.3031317195293,261.46507018745046,0,10-25km,baseline
2005,2004,-818.9184164209024,129.45219877022055,0,10-25km,baseline
2005,2005,842.6993925020396,167.6172668077173,0,10-25km,baseline
2005,2006,413.3923376169971,150.82400341386312,0,10-25km,baseline
2005,2007,17.979489812314696,128.94482829233792,0,10-25km,baseline
2005,2008,43.55733605861013,116.16937436644729,0,10-25km,baseline
2005,2009,-14.421576577279438,118.48267825344024,0,10-25km,baseline
2005,2010,357.5541508347927,118.00862225216551,0,10-25km,baseline
2005,2011,177.35519931641574,113.71662633282307,0,10-25km,baseline
2005,2012,134.01920284714868,134.03356025840705,0,10-25km,baseline
2005,2013,549.6470048238177,114.45171421856834,0,10-25km,baseline
2005,2014,401.84308684409245,220.98176570290633,0,10-25km,baseline
2005,2015,425.3191073849646,123.44365437451306,0,10-25km,baseline
2005,2016,-391.3504660288122,142.73162990596128,0,10-25km,baseline
2005,2017,-1224.88386979861,294.1842949298461,0,10-25km,baseline
2005,2018,-838.8889151865737,154.3296080433701,0,10-25km,baseline
2005,2019,-509.0694495454827,115.34084339141825,0,10-25km,baseline
2005,2020,-847.5299364322819,139.3019307115654,0,10-25km,baseline
2005,2021,-593.9414788673652,140.06534725390532,0,10-25km,baseline
2005,2022,-756.6964185088436,114.60838726031243,0,10-25km,baseline
2005,2023,-91.8050489588438,120.21052663616493,0,10-25km,baseline
2005,2024,-205.65870075674832,130.96126681895848,0,10-25km,baseline
2005,2025,118.89704825567372,127.29636081254127,0,10-25km,baseline
2006,2002,-3.812298122435436,446.49224587183267,0,10-25km,baseline
2006,2003,-1218.617957902828,426.76728846052066,0,10-25km,baseline
2006,2004,965.6433079818296,442.3705912482353,0,10-25km,baseline
2006,2005,-484.1405561070959,423.75762079619983,0,10-25km,baseline
2006,2006,-75.61055241479882,413.20839990604645,0,10-25km,baseline
2006,2007,-523.2477930072034,381.4701785993455,0,10-25km,baseline
2006,2008,-584.5352086186499,486.9474638678371,0,10-25km,baseline
2006,2009,-49.07884561025912,357.4479017601016,0,10-25km,baseline
2006,2010,333.587234752227,674.6825635074473,0,10-25km,baseline
2006,2011,-216.23144675577055,385.69094723145633,0,10-25km,baseline
2006,2012,-289.03782996274936,449.96766122671136,0,10-25km,baseline
2006,2013,-394.1906205376092,388.8352011789996,0,10-25km,baseline
2006,2014,-722.6294177727088,393.4369647776276,0,10-25km,baseline
2006,2015,-561.7448551926772,401.8822909282505,0,10-25km,baseline
2006,2016,-1164.1255834926314,395.10208958548844,0,10-25km,baseline
2006,2017,-376.01567811961263,683.7496817066108,0,10-25km,baseline
2006,2018,-1728.4029770471375,395.59880763295877,0,10-25km,baseline
2006,2019,-1586.8761809866635,272.87282933441344,0,10-25km,baseline
2006,2020,-2221.1181888842602,347.84527073462965,0,10-25km,baseline
2006,2021,-1833.923738243993,377.11932254510225,0,10-25km,baseline
2006,2022,-2246.471216976337,326.06459956841246,0,10-25km,baseline
2006,2023,-906.1985365766336,373.67816657617584,0,10-25km,baseline
2006,2024,-1021.2804873050256,411.23209461744534,0,10-25km,baseline
2006,2025,-1024.5701636752474,338.5526126413218,0,10-25km,baseline
2007,2002,223.90476995683753,77.30111432450944,0,10-25km,baseline
2007,2003,163.52471560710836,58.12953225894078,0,10-25km,baseline
2007,2004,-766.3256434925306,59.65029040194349,0,10-25km,baseline
2007,2005,470.06576794308535,52.16957981584812,0,10-25km,baseline
2007,2006,-109.20926383252117,48.66614414937598,0,10-25km,baseline
2007,2007,-384.8327559613201,50.54744308144171,0,10-25km,baseline
2007,2008,93.03646555887556,63.48079692722744,0,10-25km,baseline
2007,2009,-226.75221009319182,57.63714283559629,0,10-25km,baseline
2007,2010,142.2155874159427,63.02669378514152,0,10-25km,baseline
2007,2011,6.310239861130185,50.46885216640969,0,10-25km,baseline
2007,2012,-175.69507826295683,64.7418334933478,0,10-25km,baseline
2007,2013,348.5196752824878,49.54486241654479,0,10-25km,baseline
2007,2014,-75.20117468865277,50.4459232196691,0,10-25km,baseline
2007,2015,117.83781427014117,45.81890237383501,0,10-25km,baseline
2007,2016,-804.4322083734414,57.74262506516695,0,10-25km,baseline
2007,2017,-1599.2138674975206,73.39007767618462,0,10-25km,baseline
2007,2018,-1497.4980556726885,58.216934399499536,0,10-25km,baseline
2007,2019,-672.6551593176234,59.72433216014913,0,10-25km,baseline
2007,2020,-1169.7669314786444,65.00172379863314,0,10-25km,baseline
2007,2021,-936.5507786349733,61.11549319052257,0,10-25km,baseline
2007,2022,-868.9479570003872,65.96463022236543,0,10-25km,baseline
2007,2023,-396.38023220676143,51.7942683171011,0,10-25km,baseline
2007,2024,-509.7492715869414,57.79068379737088,0,10-25km,baseline
2007,2025,-230.41525385721388,58.34592197388855,0,10-25km,baseline
2008,2002,901.7863363799901,198.20115723745812,0,10-25km,baseline
2008,2003,-11.14496816875777,202.42056929731461,0,10-25km,baseline
2008,2004,-697.4326366712573,180.81927477908621,0,10-25km,baseline
2008,2005,112.23725277410233,168.06090270946166,0,10-25km,baseline
2008,2006,-202.69360228438836,143.31766493516,0,10-25km,baseline
2008,2007,-770.48093574331,117.07113176653071,0,10-25km,baseline
2008,2008,174.33243081461228,110.73293619748407,0,10-25km,baseline
2008,2009,549.0098130023721,123.84155300765741,0,10-25km,baseline
2008,2010,492.7891895305848,133.35931760453724,0,10-25km,baseline
2008,2011,667.7647452934958,146.9341026252602,0,10-25km,baseline
2008,2012,45.71796703658322,107.58759180470692,0,10-25km,baseline
2008,2013,481.5254070537511,100.75604328788764,0,10-25km,baseline
2008,2014,111.0406557352797,101.91427537475231,0,10-25km,baseline
2008,2015,346.71741088800036,104.85742812199082,0,10-25km,baseline
2008,2016,-425.658183487747,114.92750473116678,0,10-25km,baseline
2008,2017,113.49947432972999,237.79451741743372,0,10-25km,baseline
2008,2018,-675.3169495599283,139.07297466177383,0,10-25km,baseline
2008,2019,-130.6176769953928,123.91146630557729,0,10-25km,baseline
2008,2020,-82.26331498002395,162.71480968021012,0,10-25km,baseline
2008,2021,-457.12906741527286,121.78083124298966,0,10-25km,baseline
2008,2022,-575.263690935383,109.83981292482433,0,10-25km,baseline
2008,2023,299.0376350691026,124.48699295774912,0,10-25km,baseline
2008,2024,-116.679498892683,115.31071547468972,0,10-25km,baseline
2008,2025,305.8306086165512,126.0776012600047,0,10-25km,baseline
2009,2002,411.86232902174726,56.41281309906486,0,10-25km,baseline
2009,2003,89.37734110920292,50.64398590077887,0,10-25km,baseline
2009,2004,-503.3407574485294,56.079571512734354,0,10-25km,baseline
2009,2005,307.91919353386265,55.99690678236327,0,10-25km,baseline
2009,2006,-204.77745160810412,47.04522181427193,0,10-25km,baseline
2009,2007,-490.5922897606497,48.55517723571489,0,10-25km,baseline
2009,2008,359.1149905443425,51.32384893064654,0,10-25km,baseline
2009,2009,36.267758716346435,57.41167791866002,0,10-25km,baseline
2009,2010,298.8820760903759,63.73316940158274,0,10-25km,baseline
2009,2011,210.21323469908967,50.58636887858384,0,10-25km,baseline
2009,2012,-86.57823092461177,52.37152973978375,0,10-25km,baseline
2009,2013,590.4477323400254,46.912287189567486,0,10-25km,baseline
2009,2014,185.98321229207022,49.66898726702074,0,10-25km,baseline
2009,2015,410.54483411487195,42.13023618940759,0,10-25km,baseline
2009,2016,-215.91676389501185,66.14123901422377,0,10-25km,baseline
2009,2017,-1329.3508021903087,67.21705898873488,0,10-25km,baseline
2009,2018,-1071.5531641644648,62.298279680433765,0,10-25km,baseline
2009,2019,-382.8874234283389,51.67082358603373,0,10-25km,baseline
2009,2020,-654.158530557667,62.52297857093831,0,10-25km,baseline
2009,2021,-599.0907199502894,62.16949387170073,0,10-25km,baseline
2009,2022,-537.7989359820217,56.74747311125842,0,10-25km,baseline
2009,2023,78.21526857737904,53.85742378459622,0,10-25km,baseline
2009,2024,-110.62618093596545,56.29260547082325,0,10-25km,baseline
2009,2025,135.9863065873025,57.42488015785369,0,10-25km,baseline
2010,2002,312.0821488363323,193.43697376083347,0,10-25km,baseline
2010,2003,-297.6320132601237,148.61915905141237,0,10-25km,baseline
2010,2004,-41.499242374979985,119.38861944586981,0,10-25km,baseline
2010,2005,13.612571409796715,125.66564966668255,0,10-25km,baseline
2010,2006,563.6940484221216,168.12102306358062,0,10-25km,baseline
2010,2007,-1244.9286191015594,166.32298392878926,0,10-25km,baseline
2010,2008,561.2114136491512,117.34610992121038,0,10-25km,baseline
2010,2009,411.7962405830561,151.56962354003835,0,10-25km,baseline
2010,2010,-255.88105297489096,162.0105578759158,0,10-25km,baseline
2010,2011,34.35036249624403,170.07707571900576,0,10-25km,baseline
2010,2012,-358.2931793582577,151.0666174458856,0,10-25km,baseline
2010,2013,8.8370554471594,155.97277681942958,0,10-25km,baseline
2010,2014,-535.5342535713257,184.09069091072993,0,10-25km,baseline
2010,2015,-358.9263857216281,142.7249957298483,0,10-25km,baseline
2010,2016,-1025.4453226888647,214.79208018167145,0,10-25km,baseline
2010,2017,-1847.297327067472,208.51225984302434,0,10-25km,baseline
2010,2018,-2103.847862041935,145.17297852687784,0,10-25km,baseline
2010,2019,-1338.8631564684279,137.68084771603438,0,10-25km,baseline
2010,2020,-1728.7515783856693,140.9415306188346,0,10-25km,baseline
2010,2021,-1461.3508113355747,190.4037766342787,0,10-25km,baseline
2010,2022,-1433.5625331346291,161.4966296870872,0,10-25km,baseline
2010,2023,-725.4329309730272,169.45736734367952,0,10-25km,baseline
2010,2024,-334.3071593292475,254.93918635943606,0,10-25km,baseline
2010,2025,-684.4909049291109,173.86511067937872,0,10-25km,baseline
2011,2002,125.92470344285607,101.78428362715432,0,10-25km,baseline
2011,2003,63.531682213122,98.3973798146785,0,10-25km,baseline
2011,2004,889.6273978065293,129.29492181929848,0,10-25km,baseline
2011,2005,-641.0116262039862,136.70648470871458,0,10-25km,baseline
2011,2006,114.75381664090334,128.8706970285581,0,10-25km,baseline
2011,2007,-35.15619135068209,136.64980429659238,0,10-25km,baseline
2011,2008,-864.4700779057785,141.86177515375445,0,10-25km,baseline
2011,2009,763.2654948089291,125.96978895473451,0,10-25km,baseline
2011,2010,-416.1839029089897,129.3636967314846,0,10-25km,baseline
2011,2011,-685.5683079556504,111.57985647930438,0,10-25km,baseline
2011,2012,-703.9395927175465,130.7446343744063,0,10-25km,baseline
2011,2013,-768.3521099688527,119.00696621689684,0,10-25km,baseline
2011,2014,-513.9454505292599,154.20972853923567,0,10-25km,baseline
2011,2015,-584.6268310364488,124.5583853970744,0,10-25km,baseline
2011,2016,-1176.5129130995733,139.21127857530414,0,10-25km,baseline
2011,2017,-227.95832237394347,163.12061194172864,0,10-25km,baseline
2011,2018,-1205.9837583191247,146.47213853922733,0,10-25km,baseline
2011,2019,-1024.9770014620094,131.74485844952443,0,10-25km,baseline
2011,2020,-1527.7261556338808,127.43510744401297,0,10-25km,baseline
2011,2021,-1168.2608682628202,133.54735831679312,0,10-25km,baseline
2011,2022,-1536.9512455681818,126.33096050726773,0,10-25km,baseline
2011,2023,-1015.4155392756147,119.37125546461364,0,10-25km,baseline
2011,2024,-1234.2790633808977,134.6146995884557,0,10-25km,baseline
2011,2025,-747.3612918050003,133.19605611602626,0,10-25km,baseline
2012,2002,-514.2455078315306,264.836105732249,0,10-25km,baseline
2012,2003,1544.7846405639584,276.60374242881556,0,10-25km,baseline
2012,2004,-1340.2060950345362,270.77999919931676,0,10-25km,baseline
2012,2005,904.7481118476891,247.32171548341825,0,10-25km,baseline
2012,2006,-890.385866076636,322.36162210677,0,10-25km,baseline
2012,2007,-255.4166680682943,187.76418460582562,0,10-25km,baseline
2012,2008,554.401809501636,204.09401454938939,0,10-25km,baseline
2012,2009,72.70469288900088,343.5952312278739,0,10-25km,baseline
2012,2010,172.58366704218332,362.5991963432869,0,10-25km,baseline
2012,2011,-437.4741551844544,227.81147208103914,0,10-25km,baseline
2012,2012,-462.9656598580154,164.6681278789994,0,10-25km,baseline
2012,2013,10.602641578282828,128.61271662695194,0,10-25km,baseline
2012,2014,-259.2817564736527,156.27528871935934,0,10-25km,baseline
2012,2015,479.92025402572995,224.4459383705901,0,10-25km,baseline
2012,2016,-544.1396382824526,280.5753414523346,0,10-25km,baseline
2012,2017,-958.4855338973022,313.260185556335,0,10-25km,baseline
2012,2018,-171.7075304273062,424.1171810735981,0,10-25km,baseline
2012,2019,-44.36242790240249,376.01920392580257,0,10-25km,baseline
2012,2020,-929.6379443934535,209.98041132437982,0,10-25km,baseline
2012,2021,-488.37060221265745,265.5762715736029,0,10-25km,baseline
2012,2022,-1052.7950988726843,165.06442279928862,0,10-25km,baseline
2012,2023,-72.43142136756151,201.4678341500541,0,10-25km,baseline
2012,2024,-314.7933860017712,212.07519991598835,0,10-25km,baseline
2012,2025,-59.59420359027263,249.947827048996,0,10-25km,baseline
2013,2002,255.84550714123543,136.3030319316034,0,10-25km,baseline
2013,2003,758.1866091633638,197.36588903299682,0,10-25km,baseline
2013,2004,-1325.102709147467,219.63424832950977,0,10-25km,baseline
2013,2005,677.1096294398187,163.98800733462724,0,10-25km,baseline
2013,2006,96.40512404486324,233.20812878799254,0,10-25km,baseline
2013,2007,-645.068967294582,234.3201371713772,0,10-25km,baseline
2013,2008,673.7434508590236,196.07203930312608,0,10-25km,baseline
2013,2009,-363.72812564912806,201.97442165038606,0,10-25km,baseline
2013,2010,-110.21293059568848,179.7523899475754,0,10-25km,baseline
2013,2011,330.7448967828295,185.72958372007992,0,10-25km,baseline
2013,2012,-254.23480632959217,199.67509940867077,0,10-25km,baseline
2013,2013,297.20711948246606,175.01865330376208,0,10-25km,baseline
2013,2014,409.00477666570185,267.9933057114209,0,10-25km,baseline
2013,2015,462.758787163924,162.06360995600795,0,10-25km,baseline
2013,2016,24386.526904002676,2619.6855744590134,0,10-25km,baseline
2013,2017,-856.6740413602759,229.59509319360652,0,10-25km,baseline
2013,2018,-1129.4991683534868,202.82436961897267,0,10-25km,baseline
2013,2019,1418.7039820604518,703.3996448254729,0,10-25km,baseline
2013,2020,-1010.6521318947649,180.51114639333213,0,10-25km,baseline
2013,2021,-545.9161293207455,233.8532921122597,0,10-25km,baseline
2013,2022,-709.4118061009575,179.65857005833877,0,10-25km,baseline
2013,2023,-101.58578436937569,185.1001299227982,0,10-25km,baseline
2013,2024,-567.1147874826019,161.97596806380525,0,10-25km,baseline
2013,2025,23.63454674865875,180.49106672436903,0,10-25km,baseline
2014,2002,-1847.5604128964665,516.2809052138703,0,10-25km,baseline
2014,2003,-141.60892533694926,145.97332865450653,0,10-25km,baseline
2014,2004,-100.16367891919504,230.64716033385076,0,10-25km,baseline
2014,2005,47.23138363384777,239.93236904058068,0,10-25km,baseline
2014,2006,-11.379135874204167,160.7174134942498,0,10-25km,baseline
2014,2007,1692.8259648415287,458.16426954637836,0,10-25km,baseline
2014,2008,-856.8643945804117,717.2491713483852,0,10-25km,baseline
2014,2009,-461.8098920181653,728.9589501400959,0,10-25km,baseline
2014,2010,-504.3353422768273,227.2670773252126,0,10-25km,baseline
2014,2011,157.528364736627,268.5719886356321,0,10-25km,baseline
2014,2012,110.36805932594638,287.0338676556164,0,10-25km,baseline
2014,2013,230.0790107319558,271.18513510875067,0,10-25km,baseline
2014,2014,-446.4934863211867,189.12001948160358,0,10-25km,baseline
2014,2015,184.76248023995203,345.81890763733736,0,10-25km,baseline
2014,2016,-773.7287617543657,383.5995744682345,0,10-25km,baseline
2014,2017,-1824.9868004393145,438.1303082084205,0,10-25km,baseline
2014,2018,-2023.3337415388419,192.76153694061406,0,10-25km,baseline
2014,2019,-284.85531005883615,583.5500329510137,0,10-25km,baseline
2014,2020,-1601.5580590008265,211.17139075271166,0,10-25km,baseline
2014,2021,-985.2026108298468,311.58824887744294,0,10-25km,baseline
2014,2022,-1261.217553434887,259.0873824488108,0,10-25km,baseline
2014,2023,-1009.6009697157062,181.51104177666784,0,10-25km,baseline
2014,2024,-1181.7171931534544,182.64839963330132,0,10-25km,baseline
2014,2025,-279.1596234064291,399.4302624922082,0,10-25km,baseline
2018,2002,-32.386081731325135,83.79702422143698,0,10-25km,baseline
2018,2003,82.21931164587016,71.07555584686585,0,10-25km,baseline
2018,2004,-54.1497980531218,97.15757189959186,0,10-25km,baseline
2018,2005,66.61219580652391,101.23295206178305,0,10-25km,baseline
2018,2006,405.6850383150978,120.48471394731114,0,10-25km,baseline
2018,2007,-808.5377032315012,117.62416759579438,0,10-25km,baseline
2018,2008,217.03086398185678,98.85079414000057,0,10-25km,baseline
2018,2009,109.06291754588824,98.19476127532265,0,10-25km,baseline
2018,2010,327.1275531791194,112.79745329411476,0,10-25km,baseline
2018,2011,-268.7325788115402,104.09461190663141,0,10-25km,baseline
2018,2012,-220.54372805708658,84.06350048085689,0,10-25km,baseline
2018,2013,197.97224333738563,71.97156063706247,0,10-25km,baseline
2018,2014,-103.77744767157725,77.39519066640842,0,10-25km,baseline
2018,2015,99.21381729572079,87.56665247824624,0,10-25km,baseline
2018,2016,-845.3409936927483,84.47597533652787,0,10-25km,baseline
2018,2017,-350.8417092824902,106.70300999390146,0,10-25km,baseline
2018,2018,-269.18589885005093,108.11997421678556,0,10-25km,baseline
2018,2019,393.85039905539065,103.73840890222418,0,10-25km,baseline
2018,2020,170.17699386375386,114.92127814271946,0,10-25km,baseline
2018,2021,460.73206593927466,124.56510376279645,0,10-25km,baseline
2018,2022,420.91179211476697,113.77472105379694,0,10-25km,baseline
2018,2023,1042.0521250858963,115.47853522941345,0,10-25km,baseline
2018,2024,796.8857287484971,126.53244657585813,0,10-25km,baseline
2018,2025,889.9452196667063,109.12362180766556,0,10-25km,baseline
2019,2002,1744.3274026207935,1130.977407503807,0,10-25km,baseline
2019,2003,-796.4772135649348,1101.0118668772816,0,10-25km,baseline
2019,2004,1735.5263954858724,2477.427427338376,0,10-25km,baseline
2019,2005,-208.5606144986482,1877.1872937798432,0,10-25km,baseline
2019,2006,-2046.19379153315,1467.206916702421,0,10-25km,baseline
2019,2007,916.8413702680882,920.6999183553723,0,10-25km,baseline
2019,2008,-793.809159178561,1171.063539377856,0,10-25km,baseline
2019,2009,4792.710797702049,3265.822377144018,0,10-25km,baseline
2019,2010,-4745.384486921334,3156.8234631311916,0,10-25km,baseline
2019,2011,2283.0223928342934,1073.4852597426861,0,10-25km,baseline
2019,2012,-679.5790314081455,1151.568575972266,0,10-25km,baseline
2019,2013,-534.9053048340367,711.2077004958411,0,10-25km,baseline
2019,2014,-860.6469455208701,284.38390777044845,0,10-25km,baseline
2019,2015,566.4042773647893,438.1327381576642,0,10-25km,baseline
2019,2016,-917.0107552362284,361.80561046352335,0,10-25km,baseline
2019,2017,1908.480341365555,1528.4433351921632,0,10-25km,baseline
2019,2018,-2971.4247203164146,1784.942299433448,0,10-25km,baseline
2019,2019,1653.1368305746594,531.243374119042,0,10-25km,baseline
2019,2020,4228.241628085278,4113.051841063755,0,10-25km,baseline
2019,2021,1266.3589000724828,1100.1549477463395,0,10-25km,baseline
2019,2022,2349.3494180359885,1483.7279828321668,0,10-25km,baseline
2019,2023,1607.9475992515063,1011.9872263558705,0,10-25km,baseline
2019,2024,1590.9910057693476,1096.0801118449315,0,10-25km,baseline
2019,2025,2065.23654693573,1013.0233870042927,0,10-25km,baseline
2020,2002,470.21836743742597,30.3290154514836,0,10-25km,baseline
2020,2003,210.95490420101873,28.47420771455732,0,10-25km,baseline
2020,2004,-622.1727313835762,47.778499649834906,0,10-25km,baseline
2020,2005,316.9671918145883,47.73201794223161,0,10-25km,baseline
2020,2006,-12.43868346097672,32.06935032585595,0,10-25km,baseline
2020,2007,-474.14875397875727,35.18683614695828,0,10-25km,baseline
2020,2008,292.2059378331912,38.302914199020584,0,10-25km,baseline
2020,2009,-83.69342047812864,43.24047397796912,0,10-25km,baseline
2020,2010,149.59324347224447,42.19337273341334,0,10-25km,baseline
2020,2011,205.2467776102033,34.707510364299786,0,10-25km,baseline
2020,2012,-457.70273651737057,37.592911517858795,0,10-25km,baseline
2020,2013,882.412807502266,37.57567621582244,0,10-25km,baseline
2020,2014,-569.3467574009355,31.51442196142035,0,10-25km,baseline
2020,2015,302.974404787574,26.727898790702476,0,10-25km,baseline
2020,2016,-1128.2587890973316,38.28243430562936,0,10-25km,baseline
2020,2017,-720.7910237790915,63.265975307219755,0,10-25km,baseline
2020,2018,1131.696797142847,117.45815558827759,0,10-25km,baseline
2020,2019,298.4814921856138,111.99098134095642,0,10-25km,baseline
2020,2020,-211.34894351898186,105.02322269043496,0,10-25km,baseline
2020,2021,-37.583079524245704,96.40770119454028,0,10-25km,baseline
2020,2022,148.92563600392364,100.7234819795456,0,10-25km,baseline
2020,2023,173.44220282734915,73.66479737014852,0,10-25km,baseline
2020,2024,460.5181922708792,91.845681879078,0,10-25km,baseline
2020,2025,410.4413416868592,76.20505463649525,0,10-25km,baseline
2021,2002,319.86585166393024,231.60641893606368,0,10-25km,baseline
2021,2003,-637.892160547189,219.25371458342823,0,10-25km,baseline
2021,2004,1947.0592128615613,350.1149069600921,0,10-25km,baseline
2021,2005,-1274.873399483639,364.5649945686141,0,10-25km,baseline
2021,2006,-174.64332680677444,254.66648703968832,0,10-25km,baseline
2021,2007,-507.0452866071252,234.2195429855153,0,10-25km,baseline
2021,2008,-252.28063616034615,186.43197160908264,0,10-25km,baseline
2021,2009,462.4172245837103,216.06455570806548,0,10-25km,baseline
2021,2010,-384.81817054149883,194.99820708658228,0,10-25km,baseline
2021,2011,528.0308711601513,180.72284167158458,0,10-25km,baseline
2021,2012,464.365114387569,226.92142398216592,0,10-25km,baseline
2021,2013,-1075.2497832930671,233.65448545156943,0,10-25km,baseline
2021,2014,83.04504620041519,133.59272438166357,0,10-25km,baseline
2021,2015,80.62047966380408,168.1893291425728,0,10-25km,baseline
2021,2016,-415.91204928099125,185.9668738062422,0,10-25km,baseline
2021,2017,913.6222636501782,269.6768979157254,0,10-25km,baseline
2021,2018,-1278.1116765660977,291.05331000714517,0,10-25km,baseline
2021,2019,241.10622909916822,187.68773179448792,0,10-25km,baseline
2021,2020,-666.3022582070967,147.31901942238846,0,10-25km,baseline
2021,2021,279.19830494244934,155.96754365207323,0,10-25km,baseline
2021,2022,398.42046732953685,166.2891537682794,0,10-25km,baseline
2021,2023,1256.987633597938,182.53422358243247,0,10-25km,baseline
2021,2024,900.2797859209534,160.71396066000915,0,10-25km,baseline
2021,2025,1247.6922942946758,213.00213115431734,0,10-25km,baseline
2024,2002,-537.4583623632848,90.62321964970187,0,10-25km,baseline
2024,2003,925.8228647557083,72.43773236924066,0,10-25km,baseline
2024,2004,-949.0370430338326,102.30385925566141,0,10-25km,baseline
2024,2005,455.75814080879934,96.78673604129106,0,10-25km,baseline
2024,2006,-158.16307944891219,93.27284854987717,0,10-25km,baseline
2024,2007,-89.1740340800664,101.20561707936899,0,10-25km,baseline
2024,2008,-360.3048956044199,92.05311599182376,0,10-25km,baseline
2024,2009,257.2877884652985,81.08890806559613,0,10-25km,baseline
2024,2010,319.4792144738573,86.23764572378542,0,10-25km,baseline
2024,2011,-497.77363161426206,72.25773646569633,0,10-25km,baseline
2024,2012,251.71234101593637,70.83861077712142,0,10-25km,baseline
2024,2013,-75.91265078585025,66.45207513389697,0,10-25km,baseline
2024,2014,-14.459702121982502,57.74241201792484,0,10-25km,baseline
2024,2015,131.22985425861077,73.28790486037435,0,10-25km,baseline
2024,2016,-82.6077180961206,102.28013891174146,0,10-25km,baseline
2024,2017,-211.81974335764585,121.92862897808038,0,10-25km,baseline
2024,2018,-932.2484781507428,102.86274121087942,0,10-25km,baseline
2024,2019,390.3040129416846,70.58352932720332,0,10-25km,baseline
2024,2020,-373.3272195170534,67.0246052132392,0,10-25km,baseline
2024,2021,190.52814578934954,73.51440660067637,0,10-25km,baseline
2024,2022,148.24701351309432,65.88197331475969,0,10-25km,baseline
2024,2023,783.9355494515028,74.01902806019774,0,10-25km,baseline
2024,2024,-584.6759305792889,72.5562901549286,0,10-25km,baseline
2024,2025,-274.07287300927203,75.69482975467811,0,10-25km,baseline
2025,2002,416.7270341961041,241.50433202676288,0,10-25km,baseline
2025,2003,169.11083929914253,220.50999283221014,0,10-25km,baseline
2025,2004,650.3462744747945,218.12883751598514,0,10-25km,baseline
2025,2005,-263.96814650068166,237.63499850061538,0,10-25km,baseline
2025,2006,803.2230546957871,290.43670484787765,0,10-25km,baseline
2025,2007,-1048.7820736907006,331.01839489887124,0,10-25km,baseline
2025,2008,-46.98561230662244,306.9616284658647,0,10-25km,baseline
2025,2009,-268.2038790161939,243.89086432063638,0,10-25km,baseline
2025,2010,637.6533926222287,244.827047085712,0,10-25km,baseline
2025,2011,346.1003118590272,285.0682113436161,0,10-25km,baseline
2025,2012,-1075.265043290809,259.3758717964384,0,10-25km,baseline
2025,2013,-803.8376476859298,220.24075048960472,0,10-25km,baseline
2025,2014,277.3419283782192,189.97179896182521,0,10-25km,baseline
2025,2015,82.68551287967665,148.5544633160576,0,10-25km,baseline
2025,2016,758.6971606953566,215.6016988691715,0,10-25km,baseline
2025,2017,506.41780873164873,293.5458532882005,0,10-25km,baseline
2025,2018,-46.89823877540857,302.00456377550637,0,10-25km,baseline
2025,2019,-285.17787998998585,328.95209785463163,0,10-25km,baseline
2025,2020,-223.00798753116896,296.00435644183716,0,10-25km,baseline
2025,2021,-677.6388426475269,259.3633412825715,0,10-25km,baseline
2025,2022,328.32660342712506,305.23328314060467,0,10-25km,baseline
2025,2023,-137.0839580225313,290.9417878772795,0,10-25km,baseline
2025,2024,-1201.3544335837332,177.73287950462762,0,10-25km,baseline
2025,2025,815.0225820100288,164.01245144982119,0,10-25km,baseline
2003,2002,-4537.09247874988,1774.947686435478,1,10-25km,anticipation1
2003,2003,-4529.923419742306,1780.1138379644306,1,10-25km,anticipation1
2003,2004,-4642.374616102523,1804.079442234059,1,10-25km,anticipation1
2003,2005,-4176.07756107528,1771.1136185650348,1,10-25km,anticipation1
2003,2006,-4814.021810232851,1791.624877460778,1,10-25km,anticipation1
2003,2007,-5514.657507222331,1777.296200598679,1,10-25km,anticipation1
2003,2008,-4832.039368952997,1764.2150496301163,1,10-25km,anticipation1
2003,2009,-4909.051405941716,1775.35008798862,1,10-25km,anticipation1
2003,2010,-4796.856354696754,1783.913793198554,1,10-25km,anticipation1
2003,2011,-4514.638910043759,1802.2901299827167,1,10-25km,anticipation1
2003,2012,-1380.5893351426091,1542.854108103294,1,10-25km,anticipation1
2003,2013,-4380.46526322504,1782.0044396479311,1,10-25km,anticipation1
2003,2014,-4287.172255092488,1821.5447084943835,1,10-25km,anticipation1
2003,2015,-4579.366801099739,1782.383794433283,1,10-25km,anticipation1
2003,2016,-5682.16374831999,1785.1287458703682,1,10-25km,anticipation1
2003,2017,-6674.395419720733,1790.187534564665,1,10-25km,anticipation1
2003,2018,-6223.232124131449,1787.1648113899118,1,10-25km,anticipation1
2003,2019,-5308.058286317982,1790.8927239339725,1,10-25km,anticipation1
2003,2020,-5991.853532629059,1783.9166656840575,1,10-25km,anticipation1
2003,2021,-5705.567316938515,1786.0998636055876,1,10-25km,anticipation1
2003,2022,-5781.237934513909,1780.9023779936274,1,10-25km,anticipation1
2003,2023,-4645.401547166652,1817.8384626092966,1,10-25km,anticipation1
2003,2024,-5188.634483903151,1783.4821477257806,1,10-25km,anticipation1
2003,2025,-4942.930858724263,1767.2729760099492,1,10-25km,anticipation1
2004,2002,-1294.074776234331,592.2765011831856,1,10-25km,anticipation1
2004,2003,445.103568603722,139.30522771505693,1,10-25km,anticipation1
2004,2004,341.16368049785706,616.2838914181636,1,10-25km,anticipation1
2004,2005,389.95417451920946,203.574881929626,1,10-25km,anticipation1
2004,2006,406.8362826809391,272.83019966470766,1,10-25km,anticipation1
2004,2007,-45.99153551272309,287.8871611327282,1,10-25km,anticipation1
2004,2008,452.63833603373416,443.6943947576897,1,10-25km,anticipation1
2004,2009,273.9215217393446,388.20547005021507,1,10-25km,anticipation1
2004,2010,-40.06402663649186,215.57901008950944,1,10-25km,anticipation1
2004,2011,474.410422168683,329.8333547647757,1,10-25km,anticipation1
2004,2012,832.0900735851155,587.4443940974784,1,10-25km,anticipation1
2004,2013,416.43554640883974,133.66793723248523,1,10-25km,anticipation1
2004,2014,1621.8580611971954,1263.8946933286334,1,10-25km,anticipation1
2004,2015,285.2893480071075,208.19915349989932,1,10-25km,anticipation1
2004,2016,-442.3562123256471,443.970332601526,1,10-25km,anticipation1
2004,2017,-895.2600087176384,727.879802564694,1,10-25km,anticipation1
2004,2018,-1029.3820014601538,301.38555218377076,1,10-25km,anticipation1
2004,2019,293.2973423994699,845.9375439688155,1,10-25km,anticipation1
2004,2020,-1185.6970691915444,165.98337006249182,1,10-25km,anticipation1
2004,2021,-899.5694739058083,203.50549560098708,1,10-25km,anticipation1
2004,2022,-878.2543233493591,180.63723780444818,1,10-25km,anticipation1
2004,2023,-150.98430652409988,266.7012128698146,1,10-25km,anticipation1
2004,2024,-608.3579856054399,96.61218369480476,1,10-25km,anticipation1
2004,2025,-29.04963916671599,355.76435192168043,1,10-25km,anticipation1
2005,2002,982.4402184019486,234.7922539902506,1,10-25km,anticipation1
2005,2003,-219.24796687121852,261.46518706718376,1,10-25km,anticipation1
2005,2004,-818.9184164209024,129.45219877022055,1,10-25km,anticipation1
2005,2005,24.901693162627055,132.9858451203376,1,10-25km,anticipation1
2005,2006,-408.4710712437722,179.6011047470529,1,10-25km,anticipation1
2005,2007,-821.288984780835,126.11267190012788,1,10-25km,anticipation1
2005,2008,-813.3633409722382,153.4145139867756,1,10-25km,anticipation1
2005,2009,-869.1133831003668,153.77266485355034,1,10-25km,anticipation1
2005,2010,-507.5597156079069,158.33986406435832,1,10-25km,anticipation1
2005,2011,-648.4968682211115,149.36821636445862,1,10-25km,anticipation1
2005,2012,-697.8128660478139,168.71366026002664,1,10-25km,anticipation1
2005,2013,-283.9885599799519,150.44396598719644,1,10-25km,anticipation1
2005,2014,-432.24446015965924,242.82143091939687,1,10-25km,anticipation1
2005,2015,-408.76843961878717,155.2027746105201,1,10-25km,anticipation1
2005,2016,-1225.438013032564,173.45383494816954,1,10-25km,anticipation1
2005,2017,-2111.6775180669815,308.8357523756844,1,10-25km,anticipation1
2005,2018,-1676.0071073470504,189.02621190556744,1,10-25km,anticipation1
2005,2019,-1401.8825355363258,151.84690722220097,1,10-25km,anticipation1
2005,2020,-1754.995830837713,166.12372282484023,1,10-25km,anticipation1
2005,2021,-1473.5592726128953,170.86979019258084,1,10-25km,anticipation1
2005,2022,-1636.3142122543734,149.41988591116686,1,10-25km,anticipation1
2005,2023,-1015.2239940158142,154.45275803148755,1,10-25km,anticipation1
2005,2024,-1151.870242496382,162.4753491388945,1,10-25km,anticipation1
2005,2025,-798.357809525201,145.47919594663767,1,10-25km,anticipation1
2006,2002,-5.088253248263868,446.4921330453179,1,10-25km,anticipation1
2006,2003,-1218.5631102554264,426.7673597829369,1,10-25km,anticipation1
2006,2004,962.915822734975,442.3733826938104,1,10-25km,anticipation1
2006,2005,-484.1405561070959,423.75762079619983,1,10-25km,anticipation1
2006,2006,-555.1576155297662,463.4111920977688,1,10-25km,anticipation1
2006,2007,-1008.4181512815769,493.6640095166878,1,10-25km,anticipation1
2006,2008,-1063.161858583694,551.2288745935836,1,10-25km,anticipation1
2006,2009,-511.1570844012722,472.78006113714866,1,10-25km,anticipation1
2006,2010,-172.59121931280606,706.52476890754,1,10-25km,anticipation1
2006,2011,-703.7573453463169,473.69867130630564,1,10-25km,anticipation1
2006,2012,-771.9435809828376,525.0531615309648,1,10-25km,anticipation1
2006,2013,-874.7760459018687,476.66718570593184,1,10-25km,anticipation1
2006,2014,-1203.604860203272,450.3419639963817,1,10-25km,anticipation1
2006,2015,-1042.7202976232402,484.08604956532656,1,10-25km,anticipation1
2006,2016,-1645.1010259231946,501.7117073075471,1,10-25km,anticipation1
2006,2017,-906.7202363762408,724.8261433396407,1,10-25km,anticipation1
2006,2018,-2206.674070217594,482.10960022434745,1,10-25km,anticipation1
2006,2019,-2062.697730812137,420.0848168301833,1,10-25km,anticipation1
2006,2020,-2698.080311357735,446.6331334197129,1,10-25km,anticipation1
2006,2021,-2293.3635554389225,447.33602493629155,1,10-25km,anticipation1
2006,2022,-2705.9110341712667,427.60676907411084,1,10-25km,anticipation1
2006,2023,-1365.4027663551888,469.8339116798849,1,10-25km,anticipation1
2006,2024,-1488.8406735476678,498.5987303933513,1,10-25km,anticipation1
2006,2025,-1465.7617797067635,437.963430619725,1,10-25km,anticipation1
2007,2002,222.6162325276652,77.30046116164188,1,10-25km,anticipation1
2007,2003,163.58075550112397,58.13007365930695,1,10-25km,anticipation1
2007,2004,-769.1224352669335,59.67169492598131,1,10-25km,anticipation1
2007,2005,468.9320656424869,52.179542456483766,1,10-25km,anticipation1
2007,2006,-109.20926383252117,48.66614414937598,1,10-25km,anticipation1
2007,2007,-502.01864818470284,48.8102301458103,1,10-25km,anticipation1
2007,2008,-33.30223020082349,66.9251149049593,1,10-25km,anticipation1
2007,2009,-345.95345093267076,56.103037374806846,1,10-25km,anticipation1
2007,2010,5.61956381589377,60.893563379899426,1,10-25km,anticipation1
2007,2011,-110.22995345234817,48.614011719296435,1,10-25km,anticipation1
2007,2012,-294.31872536296186,62.483631294733435,1,10-25km,anticipation1
2007,2013,232.66914086046356,45.23533475201297,1,10-25km,anticipation1
2007,2014,-191.4666796805676,46.00392734509136,1,10-25km,anticipation1
2007,2015,1.572309278226328,40.627545917832826,1,10-25km,anticipation1
2007,2016,-920.6977133653563,52.649450234513225,1,10-25km,anticipation1
2007,2017,-1768.0216123371936,70.63950541467585,1,10-25km,anticipation1
2007,2018,-1597.6189521044346,54.246798500391364,1,10-25km,anticipation1
2007,2019,-799.4468785545339,57.62274260572499,1,10-25km,anticipation1
2007,2020,-1287.7409805253117,58.87609028298313,1,10-25km,anticipation1
2007,2021,-1038.3942360913359,57.393913716571134,1,10-25km,anticipation1
2007,2022,-970.7914144567497,62.76653200499084,1,10-25km,anticipation1
2007,2023,-518.8244171577951,48.818664692726394,1,10-25km,anticipation1
2007,2024,-644.5566758005518,54.555262323189595,1,10-25km,anticipation1
2007,2025,-329.37702996323765,54.01155024937362,1,10-25km,anticipation1
2008,2002,900.5051002591395,198.20090061145666,1,10-25km,anticipation1
2008,2003,-11.089461848898793,202.42072125854335,1,10-25km,anticipation1
2008,2004,-700.2023283366972,180.8262057174986,1,10-25km,anticipation1
2008,2005,111.09688528388381,168.0639173522133,1,10-25km,anticipation1
2008,2006,-204.1210204923334,143.35191440354558,1,10-25km,anticipation1
2008,2007,-770.48093574331,117.07113176653071,1,10-25km,anticipation1
2008,2008,-602.3179768032458,114.49190886813479,1,10-25km,anticipation1
2008,2009,-244.69686450615018,129.52733135141403,1,10-25km,anticipation1
2008,2010,-327.0748588520355,146.41173316180155,1,10-25km,anticipation1
2008,2011,-132.08427934567317,148.38386196919083,1,10-25km,anticipation1
2008,2012,-757.6159457920996,119.29633614324737,1,10-25km,anticipation1
2008,2013,-323.02632906564224,114.71102040796386,1,10-25km,anticipation1
2008,2014,-691.8456297574448,113.7955506431034,1,10-25km,anticipation1
2008,2015,-456.1688746047242,116.98764236862422,1,10-25km,anticipation1
2008,2016,-1228.5444689804717,125.97952274381635,1,10-25km,anticipation1
2008,2017,-758.1758861846718,227.12602400832108,1,10-25km,anticipation1
2008,2018,-1512.9632525003308,144.61140239606038,1,10-25km,anticipation1
2008,2019,-994.5401401564795,128.86488232941076,1,10-25km,anticipation1
2008,2020,-985.8390998574589,165.6731570911318,1,10-25km,anticipation1
2008,2021,-1349.8260462598337,131.95243657219456,1,10-25km,anticipation1
2008,2022,-1467.960669779944,124.04934930368324,1,10-25km,anticipation1
2008,2023,-607.6646947240074,132.61959635012593,1,10-25km,anticipation1
2008,2024,-1054.857301226679,123.39665711837539,1,10-25km,anticipation1
2008,2025,-610.5298329971598,136.6952411842667,1,10-25km,anticipation1
2009,2002,410.536794627891,56.41188710112485,1,10-25km,anticipation1
2009,2003,89.43541589078217,50.644658599305515,1,10-25km,anticipation1
2009,2004,-506.27017982746946,56.10434999013794,1,10-25km,anticipation1
2009,2005,306.76707185535025,56.007201654713526,1,10-25km,anticipation1
2009,2006,-206.35765958496887,47.16107939622625,1,10-25km,anticipation1
2009,2007,-497.380338855791,48.6392306612159,1,10-25km,anticipation1
2009,2008,359.1149905443425,51.32384893064654,1,10-25km,anticipation1
2009,2009,398.9710995117774,58.289025347050355,1,10-25km,anticipation1
2009,2010,640.2916726690524,66.34251594539037,1,10-25km,anticipation1
2009,2011,538.8744990338887,52.036366204902215,1,10-25km,anticipation1
2009,2012,244.25352999970136,55.720158817444535,1,10-25km,anticipation1
2009,2013,921.8658690581,48.666123539086826,1,10-25km,anticipation1
2009,2014,517.9751055031463,51.32247204367752,1,10-25km,anticipation1
2009,2015,742.536727325948,47.786052275272986,1,10-25km,anticipation1
2009,2016,116.07512931606419,68.52615078627085,1,10-25km,anticipation1
2009,2017,-1031.4246717599663,69.87503732457597,1,10-25km,anticipation1
2009,2018,-731.2198831510968,63.650880465940986,1,10-25km,anticipation1
2009,2019,-18.993199496223433,55.76976145851717,1,10-25km,anticipation1
2009,2020,-298.631826743348,64.39470394738719,1,10-25km,anticipation1
2009,2021,-234.58912596833906,63.73478259247205,1,10-25km,anticipation1
2009,2022,-173.29734200007115,58.50484262001175,1,10-25km,anticipation1
2009,2023,438.34670699262847,57.34581816658506,1,10-25km,anticipation1
2009,2024,217.3951050016774,58.677062922658536,1,10-25km,anticipation1
2009,2025,485.3506188937766,60.57896419267013,1,10-25km,anticipation1
2010,2002,310.80515971170064,193.43671422626826,1,10-25km,anticipation1
2010,2003,-297.5768800353639,148.61936513035954,1,10-25km,anticipation1
2010,2004,-44.23761366434405,119.39902117575899,1,10-25km,anticipation1
2010,2005,12.47554492150391,125.66963702282136,1,10-25km,anticipation1
2010,2006,562.319514648762,168.1498810650689,1,10-25km,anticipation1
2010,2007,-1251.2919857429404,166.34468836795156,1,10-25km,anticipation1
2010,2008,577.3848228637787,117.5559124206954,1,10-25km,anticipation1
2010,2009,411.7962405830561,151.56962354003835,1,10-25km,anticipation1
2010,2010,169.76531242987994,151.08428176734438,1,10-25km,anticipation1
2010,2011,475.9871134110498,165.69623571632565,1,10-25km,anticipation1
2010,2012,81.94788641582124,143.93335338616978,1,10-25km,anticipation1
2010,2013,448.8057307106843,134.80300549181675,1,10-25km,anticipation1
2010,2014,-95.53523715618729,170.04538719505524,1,10-25km,anticipation1
2010,2015,81.0726306935104,127.93216859934091,1,10-25km,anticipation1
2010,2016,-585.4463062737262,189.97335071723248,1,10-25km,anticipation1
2010,2017,-1449.7692764834642,205.59824047042682,1,10-25km,anticipation1
2010,2018,-1658.1733057559572,124.54977720090183,1,10-25km,anticipation1
2010,2019,-895.5064804352471,118.65503140270297,1,10-25km,anticipation1
2010,2020,-1295.893229817351,128.9016532314568,1,10-25km,anticipation1
2010,2021,-1015.4069474984627,174.6540981293747,1,10-25km,anticipation1
2010,2022,-987.6186692975173,145.3256269164191,1,10-25km,anticipation1
2010,2023,-269.19627537859355,152.80391104908927,1,10-25km,anticipation1
2010,2024,103.03152788196688,253.20744755779043,1,10-25km,anticipation1
2010,2025,-228.39799770072952,155.71883031557326,1,10-25km,anticipation1
2011,2002,124.60444003418354,101.78374545412558,1,10-25km,anticipation1
2011,2003,63.58915844101995,98.39770706199509,1,10-25km,anticipation1
2011,2004,886.9077996370895,129.3049547945064,1,10-25km,anticipation1
2011,2005,-642.2461396807826,136.71020530533795,1,10-25km,anticipation1
2011,2006,113.36202316140634,128.91002187017094,1,10-25km,anticipation1
2011,2007,-41.721253003591926,136.6775507987096,1,10-25km,anticipation1
2011,2008,-849.3751983184561,142.04515124810126,1,10-25km,anticipation1
2011,2009,764.9356109555708,125.98469838132284,1,10-25km,anticipation1
2011,2010,-416.1839029089897,129.3636967314846,1,10-25km,anticipation1
2011,2011,-1102.6083521443436,120.16014494961543,1,10-25km,anticipation1
2011,2012,-1119.9502435384418,137.65875996305078,1,10-25km,anticipation1
2011,2013,-1184.8354979915448,126.48488921722252,1,10-25km,anticipation1
2011,2014,-931.0547639747612,159.30397334865668,1,10-25km,anticipation1
2011,2015,-1001.7361444819503,131.32917162913134,1,10-25km,anticipation1
2011,2016,-1593.6222265450747,146.42188284536303,1,10-25km,anticipation1
2011,2017,-693.2523543141165,167.20832885246423,1,10-25km,anticipation1
2011,2018,-1610.6740359443652,150.76251061299007,1,10-25km,anticipation1
2011,2019,-1428.1031251127738,137.59786709354879,1,10-25km,anticipation1
2011,2020,-1932.541324026088,135.47545318992175,1,10-25km,anticipation1
2011,2021,-1563.125085940612,139.86973557790768,1,10-25km,anticipation1
2011,2022,-1931.8154632459737,134.87187015267205,1,10-25km,anticipation1
2011,2023,-1412.7248149390193,128.82153811697964,1,10-25km,anticipation1
2011,2024,-1633.8534589388312,142.39126652139313,1,10-25km,anticipation1
2011,2025,-1120.4324649605246,139.4821698674108,1,10-25km,anticipation1
2012,2002,-515.5223308328001,264.83591607848217,1,10-25km,anticipation1
2012,2003,1544.840380355547,276.60385278119026,1,10-25km,anticipation1
2012,2004,-1342.9543221407457,270.7845711156611,1,10-25km,anticipation1
2012,2005,903.6175236426059,247.32373344453907,1,10-25km,anticipation1
2012,2006,-891.8157176498751,322.37662407763224,1,10-25km,anticipation1
2012,2007,-261.7460809152799,187.78337334273297,1,10-25km,anticipation1
2012,2008,570.5446909620523,204.21441596549516,1,10-25km,anticipation1
2012,2009,74.20367280230539,343.60034708637477,1,10-25km,anticipation1
2012,2010,156.02606091566597,362.61675303762644,1,10-25km,anticipation1
2012,2011,-437.4741551844544,227.81147208103914,1,10-25km,anticipation1
2012,2012,-899.9974189922865,183.94292987670607,1,10-25km,anticipation1
2012,2013,-424.3070980904953,199.29327344950548,1,10-25km,anticipation1
2012,2014,-694.6182960944475,202.21365965085283,1,10-25km,anticipation1
2012,2015,44.58371440493522,256.0238389905315,1,10-25km,anticipation1
2012,2016,-979.4761779032473,305.82287225696916,1,10-25km,anticipation1
2012,2017,-1454.6192334953105,299.68070432530766,1,10-25km,anticipation1
2012,2018,-618.0021259747016,421.1718450827827,1,10-25km,anticipation1
2012,2019,-501.93971800383315,325.4764149507968,1,10-25km,anticipation1
2012,2020,-1368.4209453039327,242.2078333503021,1,10-25km,anticipation1
2012,2021,-912.7504657844332,298.97758930951534,1,10-25km,anticipation1
2012,2022,-1477.1749624444599,217.7675010129501,1,10-25km,anticipation1
2012,2023,-513.300385061974,245.97712950959297,1,10-25km,anticipation1
2012,2024,-786.6626147369846,257.6388448970707,1,10-25km,anticipation1
2012,2025,-500.9874755146527,291.30657283518684,1,10-25km,anticipation1
2013,2002,254.56622697997386,136.30266322943203,1,10-25km,anticipation1
2013,2003,758.2424620434757,197.3660445579695,1,10-25km,anticipation1
2013,2004,-1327.8689637781868,219.63991664093663,1,10-25km,anticipation1
2013,2005,675.9787377338267,163.99107766098643,1,10-25km,anticipation1
2013,2006,95.00969817968108,233.22898630913684,1,10-25km,anticipation1
2013,2007,-651.437434642394,234.33559202872183,1,10-25km,anticipation1
2013,2008,690.0275106067957,196.19820130587453,1,10-25km,anticipation1
2013,2009,-362.2333069032229,201.9831928506879,1,10-25km,anticipation1
2013,2010,-126.8643880540595,179.78833406714915,1,10-25km,anticipation1
2013,2011,329.41221559030976,185.7361910155974,1,10-25km,anticipation1
2013,2012,-254.23480632959217,199.67509940867077,1,10-25km,anticipation1
2013,2013,43.39911310489066,195.81797964990648,1,10-25km,anticipation1
2013,2014,154.90705871647674,276.72234233249077,1,10-25km,anticipation1
2013,2015,208.66106921469878,191.11915608263305,1,10-25km,anticipation1
2013,2016,24132.429186053454,2620.501641877398,1,10-25km,anticipation1
2013,2017,-1160.6515800373602,250.07829074098086,1,10-25km,anticipation1
2013,2018,-1392.7549926014142,223.26451720935086,1,10-25km,anticipation1
2013,2019,1126.7945154356028,712.7784189863653,1,10-25km,anticipation1
2013,2020,-1330.095631984134,195.24211243788878,1,10-25km,anticipation1
2013,2021,-847.5331281921792,250.17353363034556,1,10-25km,anticipation1
2013,2022,-1011.0288049723911,197.2264211011851,1,10-25km,anticipation1
2013,2023,-398.70574060241825,207.6690712339236,1,10-25km,anticipation1
2013,2024,-890.523242038394,185.6700593779224,1,10-25km,anticipation1
2013,2025,-282.46010888391334,192.41599178090087,1,10-25km,anticipation1
2014,2002,-1848.8353806448758,516.2808080712732,1,10-25km,anticipation1
2014,2003,-141.5538121355608,145.97353723190312,1,10-25km,anticipation1
2014,2004,-102.89572769057509,230.6525085316062,1,10-25km,anticipation1
2014,2005,46.096963838489614,239.93443957828418,1,10-25km,anticipation1
2014,2006,-12.775431648085416,160.74741477398828,1,10-25km,anticipation1
2014,2007,1686.5285861532013,458.1720935217673,1,10-25km,anticipation1
2014,2008,-840.8670481277027,717.2832402613265,1,10-25km,anticipation1
2014,2009,-460.3162789007986,728.9613499307457,1,10-25km,anticipation1
2014,2010,-520.9091093530312,227.2950305028409,1,10-25km,anticipation1
2014,2011,156.19653807621398,268.5765026722861,1,10-25km,anticipation1
2014,2012,108.87089790009259,287.0427799530173,1,10-25km,anticipation1
2014,2013,230.0790107319558,271.18513510875067,1,10-25km,anticipation1
2014,2014,-216.4144755892305,261.4122165883777,1,10-25km,anticipation1
2014,2015,414.84149097190823,348.9286960112525,1,10-25km,anticipation1
2014,2016,-543.6497510224098,405.2567826282511,1,10-25km,anticipation1
2014,2017,-1635.7432801098294,454.64854150120317,1,10-25km,anticipation1
2014,2018,-1785.2691514080504,239.6437611124159,1,10-25km,anticipation1
2014,2019,-33.585151039641914,550.837583850528,1,10-25km,anticipation1
2014,2020,-1301.7005618821154,240.86329550674392,1,10-25km,anticipation1
2014,2021,-675.7232915191621,214.3716931700841,1,10-25km,anticipation1
2014,2022,-951.738234124202,284.056390565188,1,10-25km,anticipation1
2014,2023,-704.3091088931055,233.91496714353588,1,10-25km,anticipation1
2014,2024,-889.2555252791968,230.3995824254942,1,10-25km,anticipation1
2014,2025,22.087359611353122,417.34253442901337,1,10-25km,anticipation1
2018,2002,-33.706771510231306,83.79638908141591,1,10-25km,anticipation1
2018,2003,82.27681155236075,71.07602041183893,1,10-25km,anticipation1
2018,2004,-56.98708408206437,97.17128696626317,1,10-25km,anticipation1
2018,2005,65.44232664730669,101.23827473170219,1,10-25km,anticipation1
2018,2006,404.434136228512,120.52711185004912,1,10-25km,anticipation1
2018,2007,-815.3382692652772,117.65690125824769,1,10-25km,anticipation1
2018,2008,234.0863656333417,99.1213542205959,1,10-25km,anticipation1
2018,2009,110.63285575372171,98.21426835172088,1,10-25km,anticipation1
2018,2010,310.45086692802084,112.85817787437722,1,10-25km,anticipation1
2018,2011,-270.15388400651364,104.10728790046925,1,10-25km,anticipation1
2018,2012,-222.15831057678497,84.09734448061536,1,10-25km,anticipation1
2018,2013,198.28484334900872,71.9800185472136,1,10-25km,anticipation1
2018,2014,-103.77744767157725,77.39519066640842,1,10-25km,anticipation1
2018,2015,99.21381729572079,87.56665247824624,1,10-25km,anticipation1
2018,2016,-845.3409936927483,84.47597533652787,1,10-25km,anticipation1
2018,2017,-350.8417092824902,106.70300999390146,1,10-25km,anticipation1
2018,2018,-620.062234127952,97.62422155465978,1,10-25km,anticipation1
2018,2019,104.45285210384506,89.47424498098275,1,10-25km,anticipation1
2018,2020,-252.45799516954284,100.92597782302146,1,10-25km,anticipation1
2018,2021,51.188150359527754,111.06336418341958,1,10-25km,anticipation1
2018,2022,11.367876535019832,98.55538375916396,1,10-25km,anticipation1
2018,2023,633.9939797556647,97.23799046217303,1,10-25km,anticipation1
2018,2024,354.98185839176057,109.16302682646436,1,10-25km,anticipation1
2018,2025,472.9300626083543,89.83520203725277,1,10-25km,anticipation1
2019,2002,1743.054405143481,1130.9773632670292,1,10-25km,anticipation1
2019,2003,-796.4221432969496,1101.0118944435467,1,10-25km,anticipation1
2019,2004,1732.7978464072044,2477.4279236797247,1,10-25km,anticipation1
2019,2005,-209.69393494531903,1877.187557362868,1,10-25km,anticipation1
2019,2006,-2047.5891047021896,1467.2101926767305,1,10-25km,anticipation1
2019,2007,910.5354035143116,920.7038007725381,1,10-25km,anticipation1
2019,2008,-777.7858276463085,1171.084360127142,1,10-25km,anticipation1
2019,2009,4794.205181868131,3265.8229117044734,1,10-25km,anticipation1
2019,2010,-4761.918831631874,3156.8254642885013,1,10-25km,anticipation1
2019,2011,2281.691805356437,1073.4863850190864,1,10-25km,anticipation1
2019,2012,-681.0752946822874,1151.5707892088901,1,10-25km,anticipation1
2019,2013,-534.6156050978533,711.2084665900143,1,10-25km,anticipation1
2019,2014,-860.6469455208701,284.38390777044845,1,10-25km,anticipation1
2019,2015,566.4042773647893,438.1327381576642,1,10-25km,anticipation1
2019,2016,-917.0107552362284,361.80561046352335,1,10-25km,anticipation1
2019,2017,1894.1907663702827,1528.4747895760372,1,10-25km,anticipation1
2019,2018,-2971.4247203164146,1784.942299433448,1,10-25km,anticipation1
2019,2019,-1191.2140862545584,1726.7576654764723,1,10-25km,anticipation1
2019,2020,1344.2771650928526,4080.9936341913112,1,10-25km,anticipation1
2019,2021,-1614.2973891596796,1461.4498892717609,1,10-25km,anticipation1
2019,2022,-531.3068711961737,1682.1499807866942,1,10-25km,anticipation1
2019,2023,-1258.7960446950017,1664.8137077063432,1,10-25km,anticipation1
2019,2024,-1350.6954402456136,1698.5903765392843,1,10-25km,anticipation1
2019,2025,-851.4645797387386,1557.7558681533333,1,10-25km,anticipation1
2020,2002,468.85276950838784,30.32731239857479,1,10-25km,anticipation1
2020,2003,211.01656550102285,28.47553887971844,1,10-25km,anticipation1
2020,2004,-625.2925925096854,47.81028269094293,1,10-25km,anticipation1
2020,2005,315.80195121813415,47.74548093622841,1,10-25km,anticipation1
2020,2006,-13.961898764074618,32.257547230908024,1,10-25km,anticipation1
2020,2007,-481.30603851025126,35.31574256297941,1,10-25km,anticipation1
2020,2008,310.7819173890025,39.10682701016831,1,10-25km,anticipation1
2020,2009,-82.09465692213172,43.29190114606718,1,10-25km,anticipation1
2020,2010,132.089604588057,42.4102768026038,1,10-25km,anticipation1
2020,2011,203.8507092184514,34.75306930894088,1,10-25km,anticipation1
2020,2012,-459.58866439286084,37.682129211174725,1,10-25km,anticipation1
2020,2013,882.8330452352134,37.594499738914486,1,10-25km,anticipation1
2020,2014,-569.3467574009355,31.51442196142035,1,10-25km,anticipation1
2020,2015,302.974404787574,26.727898790702476,1,10-25km,anticipation1
2020,2016,-1128.2587890973316,38.28243430562936,1,10-25km,anticipation1
2020,2017,-739.3397130690903,64.256204729993,1,10-25km,anticipation1
2020,2018,1131.595518271643,117.45866737621365,1,10-25km,anticipation1
2020,2019,298.4814921856138,111.99098134095642,1,10-25km,anticipation1
2020,2020,83.82437490636948,136.7117155306043,1,10-25km,anticipation1
2020,2021,263.1247576918123,135.59409225932578,1,10-25km,anticipation1
2020,2022,449.6334732199816,140.11637991272312,1,10-25km,anticipation1
2020,2023,524.2041288134756,122.72239050996733,1,10-25km,anticipation1
2020,2024,754.3655817688388,134.84131736115262,1,10-25km,anticipation1
2020,2025,726.4701661552324,123.94282803491767,1,10-25km,anticipation1
2021,2002,318.58526049913166,231.60619979920088,1,10-25km,anticipation1
2021,2003,-637.8372426304553,219.25385456902993,1,10-25km,anticipation1
2021,2004,1944.354856658225,350.11843981135183,1,10-25km,anticipation1
2021,2005,-1276.0333300658046,364.56635088160914,1,10-25km,anticipation1
2021,2006,-176.0616479357759,254.68559517627392,1,10-25km,anticipation1
2021,2007,-513.4204234097685,234.23503534677903,1,10-25km,anticipation1
2021,2008,-236.22373544552534,186.56506437369578,1,10-25km,anticipation1
2021,2009,463.93309126262875,216.0727712895346,1,10-25km,anticipation1
2021,2010,-401.5765029912352,195.03138824646174,1,10-25km,anticipation1
2021,2011,526.7021117556603,180.72965242806129,1,10-25km,anticipation1
2021,2012,462.87805153353315,226.93285284020396,1,10-25km,anticipation1
2021,2013,-1074.9678541804224,233.65685460725436,1,10-25km,anticipation1
2021,2014,83.04504620041519,133.59272438166357,1,10-25km,anticipation1
2021,2015,80.62047966380408,168.1893291425728,1,10-25km,anticipation1
2021,2016,-415.91204928099125,185.9668738062422,1,10-25km,anticipation1
2021,2017,899.5054682442858,269.8587411539124,1,10-25km,anticipation1
2021,2018,-1278.2082300162394,291.0534793251457,1,10-25km,anticipation1
2021,2019,268.030298103758,188.10966278689847,1,10-25km,anticipation1
2021,2020,-666.3022582070967,147.31901942238846,1,10-25km,anticipation1
2021,2021,-387.1039532646473,166.92943143122918,1,10-25km,anticipation1
2021,2022,-267.88179087755975,174.69237087407757,1,10-25km,anticipation1
2021,2023,622.6145925385156,182.14886482367882,1,10-25km,anticipation1
2021,2024,195.50858873987045,163.39507294744112,1,10-25km,anticipation1
2021,2025,562.2160173141158,214.7349270185574,1,10-25km,anticipation1
2024,2002,-538.7796032751664,90.62263261284178,1,10-25km,anticipation1
2024,2003,925.8836869566022,72.43818513022775,1,10-25km,anticipation1
2024,2004,-951.9660853901561,102.31678022685067,1,10-25km,anticipation1
2024,2005,454.62259891949043,96.79231405423067,1,10-25km,anticipation1
2024,2006,-159.67562524787263,93.32852074003792,1,10-25km,anticipation1
2024,2007,-95.7252670434525,101.24391354607128,1,10-25km,anticipation1
2024,2008,-344.2829378109777,92.34262940306948,1,10-25km,anticipation1
2024,2009,258.8706479035445,81.11258073518749,1,10-25km,anticipation1
2024,2010,302.80420880335174,86.32090014037253,1,10-25km,anticipation1
2024,2011,-499.2135691980359,72.2762771448416,1,10-25km,anticipation1
2024,2012,250.21567381672128,70.87872425064624,1,10-25km,anticipation1
2024,2013,-75.61543386401729,66.4611820394008,1,10-25km,anticipation1
2024,2014,-14.459702121982502,57.74241201792484,1,10-25km,anticipation1
2024,2015,131.22985425861077,73.28790486037435,1,10-25km,anticipation1
2024,2016,-82.6077180961206,102.28013891174146,1,10-25km,anticipation1
2024,2017,-227.03666283885286,122.36628730269543,1,10-25km,anticipation1
2024,2018,-932.3490557341513,102.8632661200361,1,10-25km,anticipation1
2024,2019,419.5491241818564,71.83429232053724,1,10-25km,anticipation1
2024,2020,-379.24924646624504,67.17496404710029,1,10-25km,anticipation1
2024,2021,190.52814578934954,73.51440660067637,1,10-25km,anticipation1
2024,2022,148.24701351309432,65.88197331475969,1,10-25km,anticipation1
2024,2023,783.9355494515028,74.01902806019774,1,10-25km,anticipation1
2024,2024,183.9052157171343,68.08877766011295,1,10-25km,anticipation1
2024,2025,508.6492683008987,70.833265483593,1,10-25km,anticipation1
2025,2002,415.4440290351338,241.50411921467898,1,10-25km,anticipation1
2025,2003,169.16657010014853,220.5101320185935,1,10-25km,anticipation1
2025,2004,647.6127524343984,218.13457142601862,1,10-25km,anticipation1
2025,2005,-265.1167035777867,237.6371113512972,1,10-25km,anticipation1
2025,2006,801.906845101227,290.4534075055094,1,10-25km,anticipation1
2025,2007,-1055.220794831977,331.0292783135126,1,10-25km,anticipation1
2025,2008,-30.8317194798135,307.04213197396405,1,10-25km,anticipation1
2025,2009,-266.70516843121186,243.89815275646376,1,10-25km,anticipation1
2025,2010,621.2111402191549,244.85321614485193,1,10-25km,anticipation1
2025,2011,344.76683154699936,285.07249894233814,1,10-25km,anticipation1
2025,2012,-1076.8381840277043,259.3858667195647,1,10-25km,anticipation1
2025,2013,-803.5550599271237,220.2432736059834,1,10-25km,anticipation1
2025,2014,277.3419283782192,189.97179896182521,1,10-25km,anticipation1
2025,2015,82.68551287967665,148.5544633160576,1,10-25km,anticipation1
2025,2016,758.6971606953566,215.6016988691715,1,10-25km,anticipation1
2025,2017,492.1913646031767,293.71363796776575,1,10-25km,anticipation1
2025,2018,-46.994748283979334,302.0047277864689,1,10-25km,anticipation1
2025,2019,-258.6420515446898,329.19250801326456,1,10-25km,anticipation1
2025,2020,-228.626670456797,296.0350576077389,1,10-25km,anticipation1
2025,2021,-677.6388426475269,259.3633412825715,1,10-25km,anticipation1
2025,2022,328.32660342712506,305.23328314060467,1,10-25km,anticipation1
2025,2023,-103.08562084331345,291.090712331388,1,10-25km,anticipation1
2025,2024,-1201.3544335837332,177.73287950462762,1,10-25km,anticipation1
2025,2025,-386.3318515737044,198.85727614922723,1,10-25km,anticipation1
2013,2002,415.8330911849526,,0,10-25km,dr_geography
2013,2003,1003.778719881059,,0,10-25km,dr_geography
2013,2004,-15.670047985979645,,0,10-25km,dr_geography
2013,2005,368.34857645772064,,0,10-25km,dr_geography
2013,2006,645.1893899643785,,0,10-25km,dr_geography
2013,2007,206.93032648271694,,0,10-25km,dr_geography
2013,2008,837.5834395822419,,0,10-25km,dr_geography
2013,2009,294.7052469763987,,0,10-25km,dr_geography
2013,2010,329.7659658584234,,0,10-25km,dr_geography
2013,2011,408.0253170092118,,0,10-25km,dr_geography
2013,2012,0.0,,0,10-25km,dr_geography
2013,2013,533.2777760143296,,0,10-25km,dr_geography
2013,2014,877.865158308352,,0,10-25km,dr_geography
2013,2015,795.1031760002675,,0,10-25km,dr_geography
2013,2016,25328.504671987026,,0,10-25km,dr_geography
2013,2017,236.3969709420253,,0,10-25km,dr_geography
2013,2018,246.86641442304906,,0,10-25km,dr_geography
2013,2019,2402.5350869123295,,0,10-25km,dr_geography
2013,2020,251.57368482648764,,0,10-25km,dr_geography
2013,2021,552.9469643685462,,0,10-25km,dr_geography
2013,2022,270.2681400568406,,0,10-25km,dr_geography
2013,2023,225.40265567378822,,0,10-25km,dr_geography
2013,2024,-82.81269044046628,,0,10-25km,dr_geography
2013,2025,374.2473341893527,,0,10-25km,dr_geography
2014,2002,-272.0671902124829,,0,10-25km,dr_geography
2014,2003,-633.2665645044964,,0,10-25km,dr_geography
2014,2004,-463.2295957433357,,0,10-25km,dr_geography
2014,2005,-624.1367568558401,,0,10-25km,dr_geography
2014,2006,-451.33113883023947,,0,10-25km,dr_geography
2014,2007,1411.6248269027492,,0,10-25km,dr_geography
2014,2008,443.1671580613147,,0,10-25km,dr_geography
2014,2009,-216.2516949674591,,0,10-25km,dr_geography
2014,2010,-427.5286834317659,,0,10-25km,dr_geography
2014,2011,-370.4590083693698,,0,10-25km,dr_geography
2014,2012,-389.48819721348207,,0,10-25km,dr_geography
2014,2013,0.0,,0,10-25km,dr_geography
2014,2014,-222.26015709012447,,0,10-25km,dr_geography
2014,2015,220.920450344092,,0,10-25km,dr_geography
2014,2016,-93.66881390841296,,0,10-25km,dr_geography
2014,2017,-800.3623287658967,,0,10-25km,dr_geography
2014,2018,-641.2741564241661,,0,10-25km,dr_geography
2014,2019,498.69451453187,,0,10-25km,dr_geography
2014,2020,-298.59938860620065,,0,10-25km,dr_geography
2014,2021,-4.370371157700417,,0,10-25km,dr_geography
2014,2022,-362.2442112162441,,0,10-25km,dr_geography
2014,2023,-988.924772082022,,0,10-25km,dr_geography
2014,2024,-735.1319257544789,,0,10-25km,dr_geography
2014,2025,22.551063759655648,,0,10-25km,dr_geography
2018,2002,797.3684059328051,,0,10-25km,dr_geography
2018,2003,803.094646223077,,0,10-25km,dr_geography
2018,2004,888.5755681860988,,0,10-25km,dr_geography
2018,2005,768.6994392290269,,0,10-25km,dr_geography
2018,2006,1277.3200711763998,,0,10-25km,dr_geography
2018,2007,544.881820438667,,0,10-25km,dr_geography
2018,2008,735.8560306122338,,0,10-25km,dr_geography
2018,2009,799.8897421836455,,0,10-25km,dr_geography
2018,2010,1135.1411632592608,,0,10-25km,dr_geography
2018,2011,740.5847083155128,,0,10-25km,dr_geography
2018,2012,404.24112917087035,,0,10-25km,dr_geography
2018,2013,742.7757656143334,,0,10-25km,dr_geography
2018,2014,754.2794726732864,,0,10-25km,dr_geography
2018,2015,822.619567844232,,0,10-25km,dr_geography
2018,2016,278.36954357383314,,0,10-25km,dr_geography
2018,2017,0.0,,0,10-25km,dr_geography
2018,2018,-175.90678121112597,,0,10-25km,dr_geography
2018,2019,317.611230427452,,0,10-25km,dr_geography
2018,2020,91.67257784887717,,0,10-25km,dr_geography
2018,2021,323.8357023044197,,0,10-25km,dr_geography
2018,2022,236.28839582091368,,0,10-25km,dr_geography
2018,2023,548.8938295908606,,0,10-25km,dr_geography
2018,2024,309.73349566048466,,0,10-25km,dr_geography
2018,2025,342.10327379882574,,0,10-25km,dr_geography
2019,2002,1746.950784169025,,0,10-25km,dr_geography
2019,2003,960.7016836336228,,0,10-25km,dr_geography
2019,2004,2714.3260433856076,,0,10-25km,dr_geography
2019,2005,2283.386011891714,,0,10-25km,dr_geography
2019,2006,395.9317096274231,,0,10-25km,dr_geography
2019,2007,1297.789122461578,,0,10-25km,dr_geography
2019,2008,528.5732280444337,,0,10-25km,dr_geography
2019,2009,5190.7125628587255,,0,10-25km,dr_geography
2019,2010,576.2273472475708,,0,10-25km,dr_geography
2019,2011,2667.013511871219,,0,10-25km,dr_geography
2019,2012,1900.536387501357,,0,10-25km,dr_geography
2019,2013,1656.7276911848207,,0,10-25km,dr_geography
2019,2014,940.7126974169207,,0,10-25km,dr_geography
2019,2015,1499.5329158441139,,0,10-25km,dr_geography
2019,2016,946.3953151711511,,0,10-25km,dr_geography
2019,2017,2756.598152652198,,0,10-25km,dr_geography
2019,2018,0.0,,0,10-25km,dr_geography
2019,2019,1401.6108388465307,,0,10-25km,dr_geography
2019,2020,4146.69112285991,,0,10-25km,dr_geography
2019,2021,1093.9855308473009,,0,10-25km,dr_geography
2019,2022,2113.2490434042234,,0,10-25km,dr_geography
2019,2023,1012.5738475448769,,0,10-25km,dr_geography
2019,2024,1060.5858951850278,,0,10-25km,dr_geography
2019,2025,1440.955433751527,,0,10-25km,dr_geography
2020,2002,687.8120704366655,,0,10-25km,dr_geography
2020,2003,654.192129595263,,0,10-25km,dr_geography
2020,2004,298.6818012425378,,0,10-25km,dr_geography
2020,2005,423.76008810616173,,0,10-25km,dr_geography
2020,2006,487.17258086824506,,0,10-25km,dr_geography
2020,2007,-11.617680542046777,,0,10-25km,dr_geography
2020,2008,266.5996059135192,,0,10-25km,dr_geography
2020,2009,232.21255086841512,,0,10-25km,dr_geography
2020,2010,339.8415986814197,,0,10-25km,dr_geography
2020,2011,260.45861902185675,,0,10-25km,dr_geography
2020,2012,-251.59781733765686,,0,10-25km,dr_geography
2020,2013,614.2636346897618,,0,10-25km,dr_geography
2020,2014,32.79489734369169,,0,10-25km,dr_geography
2020,2015,406.07083008755706,,0,10-25km,dr_geography
2020,2016,-748.3219198918988,,0,10-25km,dr_geography
2020,2017,-1385.1208501234155,,0,10-25km,dr_geography
2020,2018,-719.9672106885001,,0,10-25km,dr_geography
2020,2019,0.0,,0,10-25km,dr_geography
2020,2020,-559.7716260430649,,0,10-25km,dr_geography
2020,2021,-263.76088891636306,,0,10-25km,dr_geography
2020,2022,-211.71608364345587,,0,10-25km,dr_geography
2020,2023,-28.197828236580225,,0,10-25km,dr_geography
2020,2024,-246.0217240374206,,0,10-25km,dr_geography
2020,2025,-51.493825183215904,,0,10-25km,dr_geography
2021,2002,1851.4785238334966,,0,10-25km,dr_geography
2021,2003,1388.78070617939,,0,10-25km,dr_geography
2021,2004,3115.0548155873926,,0,10-25km,dr_geography
2021,2005,1856.184857676063,,0,10-25km,dr_geography
2021,2006,1744.741960890643,,0,10-25km,dr_geography
2021,2007,1113.3217381420388,,0,10-25km,dr_geography
2021,2008,932.1457398570893,,0,10-25km,dr_geography
2021,2009,1359.8839582586097,,0,10-25km,dr_geography
2021,2010,994.3735642471615,,0,10-25km,dr_geography
2021,2011,1476.0719032316724,,0,10-25km,dr_geography
2021,2012,1815.506346609651,,0,10-25km,dr_geography
2021,2013,1023.6558453112596,,0,10-25km,dr_geography
2021,2014,1091.65147033664,,0,10-25km,dr_geography
2021,2015,1216.2476754836498,,0,10-25km,dr_geography
2021,2016,767.2520989866139,,0,10-25km,dr_geography
2021,2017,1372.1455676314658,,0,10-25km,dr_geography
2021,2018,427.6620263928963,,0,10-25km,dr_geography
2021,2019,574.2814108420225,,0,10-25km,dr_geography
2021,2020,0.0,,0,10-25km,dr_geography
2021,2021,260.3091089617164,,0,10-25km,dr_geography
2021,2022,397.7162427520732,,0,10-25km,dr_geography
2021,2023,1184.3154471518828,,0,10-25km,dr_geography
2021,2024,862.7784472520033,,0,10-25km,dr_geography
2021,2025,1118.5994911214304,,0,10-25km,dr_geography
2024,2002,74.2148016689388,,0,10-25km,dr_geography
2024,2003,826.6845408027057,,0,10-25km,dr_geography
2024,2004,90.31507958295234,,0,10-25km,dr_geography
2024,2005,362.2849868206079,,0,10-25km,dr_geography
2024,2006,333.0091925705985,,0,10-25km,dr_geography
2024,2007,246.87345530005064,,0,10-25km,dr_geography
2024,2008,-100.89757374966044,,0,10-25km,dr_geography
2024,2009,86.19005775089548,,0,10-25km,dr_geography
2024,2010,467.9472696466247,,0,10-25km,dr_geography
2024,2011,-57.95732203339945,,0,10-25km,dr_geography
2024,2012,47.40032377604831,,0,10-25km,dr_geography
2024,2013,85.01794956590368,,0,10-25km,dr_geography
2024,2014,184.14669769100738,,0,10-25km,dr_geography
2024,2015,230.51613057408653,,0,10-25km,dr_geography
2024,2016,403.39330174780827,,0,10-25km,dr_geography
2024,2017,199.94829529460338,,0,10-25km,dr_geography
2024,2018,-423.4043480325111,,0,10-25km,dr_geography
2024,2019,-292.5523966145148,,0,10-25km,dr_geography
2024,2020,-438.9788011323188,,0,10-25km,dr_geography
2024,2021,-372.0020361398528,,0,10-25km,dr_geography
2024,2022,-277.99464492381134,,0,10-25km,dr_geography
2024,2023,0.0,,0,10-25km,dr_geography
2024,2024,-405.13939891850725,,0,10-25km,dr_geography
2024,2025,-210.27886675868928,,0,10-25km,dr_geography
2025,2002,643.7722618310596,,0,10-25km,dr_geography
2025,2003,1721.3194267600445,,0,10-25km,dr_geography
2025,2004,1279.8190361661627,,0,10-25km,dr_geography
2025,2005,1786.4715908261496,,0,10-25km,dr_geography
2025,2006,2371.950832009151,,0,10-25km,dr_geography
2025,2007,1271.6037245059126,,0,10-25km,dr_geography
2025,2008,1054.5362572458992,,0,10-25km,dr_geography
2025,2009,692.5855475212762,,0,10-25km,dr_geography
2025,2010,1575.1331822417737,,0,10-25km,dr_geography
2025,2011,1943.175136297815,,0,10-25km,dr_geography
2025,2012,655.7818274909489,,0,10-25km,dr_geography
2025,2013,461.41003426792537,,0,10-25km,dr_geography
2025,2014,339.22978436241044,,0,10-25km,dr_geography
2025,2015,554.6693720954063,,0,10-25km,dr_geography
2025,2016,506.35302099945443,,0,10-25km,dr_geography
2025,2017,185.1697535809756,,0,10-25km,dr_geography
2025,2018,1186.6659799232254,,0,10-25km,dr_geography
2025,2019,746.793045647096,,0,10-25km,dr_geography
2025,2020,685.1629453410917,,0,10-25km,dr_geography
2025,2021,8.010866792681993,,0,10-25km,dr_geography
2025,2022,629.4758419579383,,0,10-25km,dr_geography
2025,2023,696.6533298676021,,0,10-25km,dr_geography
2025,2024,0.0,,0,10-25km,dr_geography
2025,2025,730.2070915760256,,0,10-25km,dr_geography
2013,2002,5.9909868800281405,,1,10-25km,dr_geography_anticipation1
2013,2003,593.9072232945335,,1,10-25km,dr_geography_anticipation1
2013,2004,-422.90354220937024,,1,10-25km,dr_geography_anticipation1
2013,2005,-37.97182161220339,,1,10-25km,dr_geography_anticipation1
2013,2006,234.97132445381712,,1,10-25km,dr_geography_anticipation1
2013,2007,-192.30620113917868,,1,10-25km,dr_geography_anticipation1
2013,2008,426.9949408637841,,1,10-25km,dr_geography_anticipation1
2013,2009,-107.51486352556613,,1,10-25km,dr_geography_anticipation1
2013,2010,-73.57227889268793,,1,10-25km,dr_geography_anticipation1
2013,2011,0.0,,1,10-25km,dr_geography_anticipation1
2013,2012,-408.0253170092118,,1,10-25km,dr_geography_anticipation1
2013,2013,126.03562355761974,,1,10-25km,dr_geography_anticipation1
2013,2014,467.48043851812383,,1,10-25km,dr_geography_anticipation1
2013,2015,388.1788647897347,,1,10-25km,dr_geography_anticipation1
2013,2016,24914.7078932096,,1,10-25km,dr_geography_anticipation1
2013,2017,-161.82186787681945,,1,10-25km,dr_geography_anticipation1
2013,2018,-160.64145395675865,,1,10-25km,dr_geography_anticipation1
2013,2019,1983.8993065032064,,1,10-25km,dr_geography_anticipation1
2013,2020,-155.97984419354182,,1,10-25km,dr_geography_anticipation1
2013,2021,145.81167366162126,,1,10-25km,dr_geography_anticipation1
2013,2022,-137.08760359513442,,1,10-25km,dr_geography_anticipation1
2013,2023,-177.49811887458785,,1,10-25km,dr_geography_anticipation1
2013,2024,-490.0918696514483,,1,10-25km,dr_geography_anticipation1
2013,2025,-33.02467019005975,,1,10-25km,dr_geography_anticipation1
2014,2002,114.94209895915415,,1,10-25km,dr_geography_anticipation1
2014,2003,-246.12530748166947,,1,10-25km,dr_geography_anticipation1
2014,2004,-72.70715287655094,,1,10-25km,dr_geography_anticipation1
2014,2005,-232.01526766101802,,1,10-25km,dr_geography_anticipation1
2014,2006,-65.99128741237168,,1,10-25km,dr_geography_anticipation1
2014,2007,1803.6415308391581,,1,10-25km,dr_geography_anticipation1
2014,2008,827.3875878894288,,1,10-25km,dr_geography_anticipation1
2014,2009,180.1116139500745,,1,10-25km,dr_geography_anticipation1
2014,2010,-43.26729453123515,,1,10-25km,dr_geography_anticipation1
2014,2011,17.57217358983738,,1,10-25km,dr_geography_anticipation1
2014,2012,0.0,,1,10-25km,dr_geography_anticipation1
2014,2013,389.48819721348207,,1,10-25km,dr_geography_anticipation1
2014,2014,165.58737809197663,,1,10-25km,dr_geography_anticipation1
2014,2015,608.2344594959851,,1,10-25km,dr_geography_anticipation1
2014,2016,290.49590790269394,,1,10-25km,dr_geography_anticipation1
2014,2017,-410.646255284853,,1,10-25km,dr_geography_anticipation1
2014,2018,-250.58668739149238,,1,10-25km,dr_geography_anticipation1
2014,2019,884.6778177462786,,1,10-25km,dr_geography_anticipation1
2014,2020,91.85292756482103,,1,10-25km,dr_geography_anticipation1
2014,2021,395.89519989379033,,1,10-25km,dr_geography_anticipation1
2014,2022,30.160131621824924,,1,10-25km,dr_geography_anticipation1
2014,2023,-604.7409344536482,,1,10-25km,dr_geography_anticipation1
2014,2024,-343.727439547193,,1,10-25km,dr_geography_anticipation1
2014,2025,422.11949488578136,,1,10-25km,dr_geography_anticipation1
2018,2002,518.8486907168256,,1,10-25km,dr_geography_anticipation1
2018,2003,524.5950945709261,,1,10-25km,dr_geography_anticipation1
2018,2004,610.4812118012069,,1,10-25km,dr_geography_anticipation1
2018,2005,490.4645650852326,,1,10-25km,dr_geography_anticipation1
2018,2006,998.8117200797045,,1,10-25km,dr_geography_anticipation1
2018,2007,266.1877046774342,,1,10-25km,dr_geography_anticipation1
2018,2008,457.2671956028721,,1,10-25km,dr_geography_anticipation1
2018,2009,521.4439957747652,,1,10-25km,dr_geography_anticipation1
2018,2010,856.4908566346012,,1,10-25km,dr_geography_anticipation1
2018,2011,463.18066985560455,,1,10-25km,dr_geography_anticipation1
2018,2012,125.19273957881924,,1,10-25km,dr_geography_anticipation1
2018,2013,464.9957205345314,,1,10-25km,dr_geography_anticipation1
2018,2014,477.89807041026853,,1,10-25km,dr_geography_anticipation1
2018,2015,544.6555940175332,,1,10-25km,dr_geography_anticipation1
2018,2016,0.0,,1,10-25km,dr_geography_anticipation1
2018,2017,-278.36954357383314,,1,10-25km,dr_geography_anticipation1
2018,2018,-454.1155882275556,,1,10-25km,dr_geography_anticipation1
2018,2019,41.40261001916015,,1,10-25km,dr_geography_anticipation1
2018,2020,-186.54945870465266,,1,10-25km,dr_geography_anticipation1
2018,2021,48.06609959187606,,1,10-25km,dr_geography_anticipation1
2018,2022,-41.87697408542317,,1,10-25km,dr_geography_anticipation1
2018,2023,270.3494582534027,,1,10-25km,dr_geography_anticipation1
2018,2024,31.497880214156567,,1,10-25km,dr_geography_anticipation1
2018,2025,65.96825018102828,,1,10-25km,dr_geography_anticipation1
2019,2002,-1010.6266119612241,,1,10-25km,dr_geography_anticipation1
2019,2003,-1796.7766751125223,,1,10-25km,dr_geography_anticipation1
2019,2004,-40.82534552505187,,1,10-25km,dr_geography_anticipation1
2019,2005,-470.0223758229415,,1,10-25km,dr_geography_anticipation1
2019,2006,-2361.430899943765,,1,10-25km,dr_geography_anticipation1
2019,2007,-1454.4706527088151,,1,10-25km,dr_geography_anticipation1
2019,2008,-2229.2372149104394,,1,10-25km,dr_geography_anticipation1
2019,2009,2435.801757749646,,1,10-25km,dr_geography_anticipation1
2019,2010,-2181.136506226159,,1,10-25km,dr_geography_anticipation1
2019,2011,-90.10699807519666,,1,10-25km,dr_geography_anticipation1
2019,2012,-854.5508662017243,,1,10-25km,dr_geography_anticipation1
2019,2013,-1100.3773969035376,,1,10-25km,dr_geography_anticipation1
2019,2014,-1816.47538760937,,1,10-25km,dr_geography_anticipation1
2019,2015,-1257.378435091339,,1,10-25km,dr_geography_anticipation1
2019,2016,-1811.0452844354688,,1,10-25km,dr_geography_anticipation1
2019,2017,0.0,,1,10-25km,dr_geography_anticipation1
2019,2018,-2756.598152652198,,1,10-25km,dr_geography_anticipation1
2019,2019,-1355.5539124342033,,1,10-25km,dr_geography_anticipation1
2019,2020,1390.070789290821,,1,10-25km,dr_geography_anticipation1
2019,2021,-1663.4054568878496,,1,10-25km,dr_geography_anticipation1
2019,2022,-644.3138550765349,,1,10-25km,dr_geography_anticipation1
2019,2023,-1745.590386486102,,1,10-25km,dr_geography_anticipation1
2019,2024,-1696.8819853587659,,1,10-25km,dr_geography_anticipation1
2019,2025,-1316.158967910727,,1,10-25km,dr_geography_anticipation1
2020,2002,1409.5798492578672,,1,10-25km,dr_geography_anticipation1
2020,2003,1375.7582003569232,,1,10-25km,dr_geography_anticipation1
2020,2004,1019.1079123193394,,1,10-25km,dr_geography_anticipation1
2020,2005,1144.6331682764146,,1,10-25km,dr_geography_anticipation1
2020,2006,1208.3217570710365,,1,10-25km,dr_geography_anticipation1
2020,2007,709.8823627570993,,1,10-25km,dr_geography_anticipation1
2020,2008,988.6651201511595,,1,10-25km,dr_geography_anticipation1
2020,2009,953.6692779269621,,1,10-25km,dr_geography_anticipation1
2020,2010,1061.1054389084627,,1,10-25km,dr_geography_anticipation1
2020,2011,982.6424248065487,,1,10-25km,dr_geography_anticipation1
2020,2012,469.6908389282022,,1,10-25km,dr_geography_anticipation1
2020,2013,1331.6353547953872,,1,10-25km,dr_geography_anticipation1
2020,2014,750.8361863485001,,1,10-25km,dr_geography_anticipation1
2020,2015,1123.6078990146186,,1,10-25km,dr_geography_anticipation1
2020,2016,-29.53790163465532,,1,10-25km,dr_geography_anticipation1
2020,2017,-663.5758641961297,,1,10-25km,dr_geography_anticipation1
2020,2018,0.0,,1,10-25km,dr_geography_anticipation1
2020,2019,719.9672106885001,,1,10-25km,dr_geography_anticipation1
2020,2020,151.65579276272643,,1,10-25km,dr_geography_anticipation1
2020,2021,452.4032577599174,,1,10-25km,dr_geography_anticipation1
2020,2022,505.2316321724938,,1,10-25km,dr_geography_anticipation1
2020,2023,692.9780060385322,,1,10-25km,dr_geography_anticipation1
2020,2024,471.05622580596116,,1,10-25km,dr_geography_anticipation1
2020,2025,665.0320990532081,,1,10-25km,dr_geography_anticipation1
2021,2002,1278.578641914212,,1,10-25km,dr_geography_anticipation1
2021,2003,815.6434013188713,,1,10-25km,dr_geography_anticipation1
2021,2004,2541.0883140334918,,1,10-25km,dr_geography_anticipation1
2021,2005,1282.583656893235,,1,10-25km,dr_geography_anticipation1
2021,2006,1171.3567857377586,,1,10-25km,dr_geography_anticipation1
2021,2007,540.2397378676305,,1,10-25km,dr_geography_anticipation1
2021,2008,359.53291841618193,,1,10-25km,dr_geography_anticipation1
2021,2009,786.7470257540463,,1,10-25km,dr_geography_anticipation1
2021,2010,421.0921013199413,,1,10-25km,dr_geography_anticipation1
2021,2011,905.6929493135154,,1,10-25km,dr_geography_anticipation1
2021,2012,1242.263372306516,,1,10-25km,dr_geography_anticipation1
2021,2013,447.21297083011945,,1,10-25km,dr_geography_anticipation1
2021,2014,512.499329223883,,1,10-25km,dr_geography_anticipation1
2021,2015,636.8095674366967,,1,10-25km,dr_geography_anticipation1
2021,2016,179.4535377963126,,1,10-25km,dr_geography_anticipation1
2021,2017,799.1114371152968,,1,10-25km,dr_geography_anticipation1
2021,2018,-143.16469169471142,,1,10-25km,dr_geography_anticipation1
2021,2019,0.0,,1,10-25km,dr_geography_anticipation1
2021,2020,-574.2814108420225,,1,10-25km,dr_geography_anticipation1
2021,2021,-316.7823819807686,,1,10-25km,dr_geography_anticipation1
2021,2022,-179.23708556300068,,1,10-25km,dr_geography_anticipation1
2021,2023,610.9309800570908,,1,10-25km,dr_geography_anticipation1
2021,2024,285.32181285779467,,1,10-25km,dr_geography_anticipation1
2021,2025,541.5421624481637,,1,10-25km,dr_geography_anticipation1
2024,2002,353.47755173998036,,1,10-25km,dr_geography_anticipation1
2024,2003,1105.8697597523221,,1,10-25km,dr_geography_anticipation1
2024,2004,367.90710243436615,,1,10-25km,dr_geography_anticipation1
2024,2005,639.5604899000143,,1,10-25km,dr_geography_anticipation1
2024,2006,611.6994330037996,,1,10-25km,dr_geography_anticipation1
2024,2007,523.5982312869272,,1,10-25km,dr_geography_anticipation1
2024,2008,179.52794234656974,,1,10-25km,dr_geography_anticipation1
2024,2009,363.087553568897,,1,10-25km,dr_geography_anticipation1
2024,2010,745.5570794703771,,1,10-25km,dr_geography_anticipation1
2024,2011,220.65281902336693,,1,10-25km,dr_geography_anticipation1
2024,2012,324.4484921359602,,1,10-25km,dr_geography_anticipation1
2024,2013,364.06763978796135,,1,10-25km,dr_geography_anticipation1
2024,2014,463.0207947455762,,1,10-25km,dr_geography_anticipation1
2024,2015,509.12372535171045,,1,10-25km,dr_geography_anticipation1
2024,2016,682.6550979720995,,1,10-25km,dr_geography_anticipation1
2024,2017,476.7635317101335,,1,10-25km,dr_geography_anticipation1
2024,2018,-146.32172533469094,,1,10-25km,dr_geography_anticipation1
2024,2019,-13.645437830366893,,1,10-25km,dr_geography_anticipation1
2024,2020,-162.0313977483223,,1,10-25km,dr_geography_anticipation1
2024,2021,-90.5857819443745,,1,10-25km,dr_geography_anticipation1
2024,2022,0.0,,1,10-25km,dr_geography_anticipation1
2024,2023,277.99464492381134,,1,10-25km,dr_geography_anticipation1
2024,2024,-126.71989757776393,,1,10-25km,dr_geography_anticipation1
2024,2025,68.9324589980515,,1,10-25km,dr_geography_anticipation1
2025,2002,-55.06056680695765,,1,10-25km,dr_geography_anticipation1
2025,2003,1019.2384760441199,,1,10-25km,dr_geography_anticipation1
2025,2004,584.5707868771593,,1,10-25km,dr_geography_anticipation1
2025,2005,1092.1399932333218,,1,10-25km,dr_geography_anticipation1
2025,2006,1671.917818712994,,1,10-25km,dr_geography_anticipation1
2025,2007,578.8548080198234,,1,10-25km,dr_geography_anticipation1
2025,2008,352.8601625170362,,1,10-25km,dr_geography_anticipation1
2025,2009,0.31973923384730085,,1,10-25km,dr_geography_anticipation1
2025,2010,878.5448173229554,,1,10-25km,dr_geography_anticipation1
2025,2011,1244.2861444539528,,1,10-25km,dr_geography_anticipation1
2025,2012,-29.992815128184624,,1,10-25km,dr_geography_anticipation1
2025,2013,-238.03633240034725,,1,10-25km,dr_geography_anticipation1
2025,2014,-360.7146054106352,,1,10-25km,dr_geography_anticipation1
2025,2015,-143.38873598275228,,1,10-25km,dr_geography_anticipation1
2025,2016,-193.60581185536762,,1,10-25km,dr_geography_anticipation1
2025,2017,-505.8611296974101,,1,10-25km,dr_geography_anticipation1
2025,2018,492.38011415692233,,1,10-25km,dr_geography_anticipation1
2025,2019,46.67851076505423,,1,10-25km,dr_geography_anticipation1
2025,2020,-7.623296147715251,,1,10-25km,dr_geography_anticipation1
2025,2021,-694.979008829179,,1,10-25km,dr_geography_anticipation1
2025,2022,-82.64250007640968,,1,10-25km,dr_geography_anticipation1
2025,2023,0.0,,1,10-25km,dr_geography_anticipation1
2025,2024,-696.6533298676021,,1,10-25km,dr_geography_anticipation1
2025,2025,31.674205593804714,,1,10-25km,dr_geography_anticipation1
2002,2002,328.19816722819365,26.150418843567493,0,25-35km,baseline
2002,2003,639.5732407364994,25.151470951536957,0,25-35km,baseline
2002,2004,-112.51129929494279,30.21663620139246,0,25-35km,baseline
2002,2005,364.98826516897174,27.71021446148701,0,25-35km,baseline
2002,2006,415.95629057231366,29.367432579161452,0,25-35km,baseline
2002,2007,-58.24596829736468,32.82829154654999,0,25-35km,baseline
2002,2008,121.0988264344349,33.51206023730544,0,25-35km,baseline
2002,2009,97.02836893223878,32.22819419071015,0,25-35km,baseline
2002,2010,259.2783175314405,32.685065829387035,0,25-35km,baseline
2002,2011,397.71796820942325,32.79859916600185,0,25-35km,baseline
2002,2012,134.11869144239816,35.16051391405124,0,25-35km,baseline
2002,2013,494.6674643143749,34.806493373992815,0,25-35km,baseline
2002,2014,155.99643106791302,36.30809286693935,0,25-35km,baseline
2002,2015,476.5829745667591,33.51831009403143,0,25-35km,baseline
2002,2016,-137.8164562665633,75.18574331834891,0,25-35km,baseline
2002,2017,-1243.749184209227,60.75082644742193,0,25-35km,baseline
2002,2018,-929.0149272279955,55.87717240165517,0,25-35km,baseline
2002,2019,-387.9313511752032,43.88251847249556,0,25-35km,baseline
2002,2020,-609.9124811896164,59.216080439590286,0,25-35km,baseline
2002,2021,-316.179155481416,50.44463382417027,0,25-35km,baseline
2002,2022,-374.7485927246558,50.97270791486526,0,25-35km,baseline
2002,2023,523.8713740365235,72.93445870400475,0,25-35km,baseline
2002,2024,586.2661258382254,59.14308724986668,0,25-35km,baseline
2002,2025,605.2306547578432,56.484367758141815,0,25-35km,baseline
2003,2002,-4731.152953745085,1775.0188948414857,0,25-35km,baseline
2003,2003,56.90081895677565,138.31628763446744,0,25-35km,baseline
2003,2004,33.49114706072851,255.60233172473258,0,25-35km,baseline
2003,2005,491.45675066219565,312.2589861139625,0,25-35km,baseline
2003,2006,-27.749178248705498,196.76971798286027,0,25-35km,baseline
2003,2007,-689.2737625416578,146.7934460440455,0,25-35km,baseline
2003,2008,-148.45629461855165,206.95482716972876,0,25-35km,baseline
2003,2009,-88.12002119830709,207.88844524049713,0,25-35km,baseline
2003,2010,-98.50545524697056,218.12446843743504,0,25-35km,baseline
2003,2011,230.37487138028,267.76610924620013,0,25-35km,baseline
2003,2012,3449.0765566767914,804.3298835284663,0,25-35km,baseline
2003,2013,-16.101201020918154,148.43071747938387,0,25-35km,baseline
2003,2014,204.06965773837945,358.4995795764591,0,25-35km,baseline
2003,2015,-126.23557973526292,149.12843542668386,0,25-35km,baseline
2003,2016,-971.7828875486254,164.702321381306,0,25-35km,baseline
2003,2017,-1852.967317369812,197.7808253242226,0,25-35km,baseline
2003,2018,-1479.2540487954257,175.9134692705119,0,25-35km,baseline
2003,2019,-735.5321792580362,226.79496658877736,0,25-35km,baseline
2003,2020,-1380.4417903872718,161.00736029550183,0,25-35km,baseline
2003,2021,-914.139571061291,168.74017073909624,0,25-35km,baseline
2003,2022,-1111.0295869330691,148.78158248077818,0,25-35km,baseline
2003,2023,146.73354606092732,394.42839874758494,0,25-35km,baseline
2003,2024,-23.025744325554342,172.46631566152084,0,25-35km,baseline
2003,2025,-63.656247332337614,156.24278359331683,0,25-35km,baseline
2004,2002,-1486.0043722801724,592.4855072435173,0,25-35km,baseline
2004,2003,494.78073292765106,139.94743324641473,0,25-35km,baseline
2004,2004,-11.73092808328704,629.2529920139494,0,25-35km,baseline
2004,2005,29.698865283487066,272.54228513036423,0,25-35km,baseline
2004,2006,172.94195712245738,338.0504542693717,0,25-35km,baseline
2004,2007,-237.99806719790615,349.1245712608675,0,25-35km,baseline
2004,2008,137.25295095201682,491.06388746383374,0,25-35km,baseline
2004,2009,85.66226051496233,410.12671311245487,0,25-35km,baseline
2004,2010,-342.9790683575223,290.02871723306464,0,25-35km,baseline
2004,2011,207.29299912177441,360.0634026364225,0,25-35km,baseline
2004,2012,642.0314955182223,594.0592114366589,0,25-35km,baseline
2004,2013,-250.60269090755074,206.4193919091144,0,25-35km,baseline
2004,2014,1081.8282583054565,1139.1443441201623,0,25-35km,baseline
2004,2015,-292.8511463510225,267.3120493281906,0,25-35km,baseline
2004,2016,-763.2470672768884,477.4478558923119,0,25-35km,baseline
2004,2017,-1104.870711731583,759.8580257005802,0,25-35km,baseline
2004,2018,-1330.4282967948666,227.2566653307497,0,25-35km,baseline
2004,2019,-133.13264879121982,884.5044411933992,0,25-35km,baseline
2004,2020,-1633.4243643470224,251.1124792530679,0,25-35km,baseline
2004,2021,-1158.5500138325685,280.34878042230423,0,25-35km,baseline
2004,2022,-1258.4542615725036,264.2200712057691,0,25-35km,baseline
2004,2023,-428.70856554529763,329.93274004617086,0,25-35km,baseline
2004,2024,-617.7933062813582,209.71873203931247,0,25-35km,baseline
2004,2025,-337.18285556665757,404.29137576176953,0,25-35km,baseline
2005,2002,791.9396181041154,235.32395240348185,0,25-35km,baseline
2005,2003,-169.9215440958174,261.8111312665215,0,25-35km,baseline
2005,2004,-731.6422707454454,130.3097276259948,0,25-35km,baseline
2005,2005,837.8075413670791,168.24846267474308,0,25-35km,baseline
2005,2006,528.5824704652086,151.60738341821957,0,25-35km,baseline
2005,2007,172.6426885674499,130.14324503616965,0,25-35km,baseline
2005,2008,70.07675856244188,117.9040372692063,0,25-35km,baseline
2005,2009,175.85986325699005,119.93396125909206,0,25-35km,baseline
2005,2010,425.4209585986916,119.78929438572742,0,25-35km,baseline
2005,2011,255.62059723719938,115.50891330341172,0,25-35km,baseline
2005,2012,295.0496382943753,135.54193797772632,0,25-35km,baseline
2005,2013,245.5920290163234,117.25654538467211,0,25-35km,baseline
2005,2014,224.39883087833834,222.2916520337804,0,25-35km,baseline
2005,2015,209.76415995281945,125.62547934206383,0,25-35km,baseline
2005,2016,-349.65577405406844,146.110894311497,0,25-35km,baseline
2005,2017,-1120.7009335164228,296.3978148596235,0,25-35km,baseline
2005,2018,-778.6234721302224,158.70347696080935,0,25-35km,baseline
2005,2019,-609.3321827339294,119.37482970987958,0,25-35km,baseline
2005,2020,-882.4031791695996,144.57731203284285,0,25-35km,baseline
2005,2021,-447.7261826849355,143.92156204337715,0,25-35km,baseline
2005,2022,-731.7005206227986,119.62815238646849,0,25-35km,baseline
2005,2023,33.505338973801145,124.08271391099909,0,25-35km,baseline
2005,2024,263.9138857675696,133.5652175668866,0,25-35km,baseline
2005,2025,302.85664669128647,131.48784208966674,0,25-35km,baseline
2006,2002,-197.6436267861152,446.76978990549776,0,25-35km,baseline
2006,2003,-1170.856242639007,426.9779420363541,0,25-35km,baseline
2006,2004,1056.3886078661494,442.6191816780437,0,25-35km,baseline
2006,2005,-489.88060610601866,424.00945903395865,0,25-35km,baseline
2006,2006,45.319630432336,413.3944714589446,0,25-35km,baseline
2006,2007,-367.1904998285477,381.80401522756347,0,25-35km,baseline
2006,2008,-557.3284925286671,487.2920449632409,0,25-35km,baseline
2006,2009,130.40734460864837,357.7994519973711,0,25-35km,baseline
2006,2010,390.4861902515047,674.905972970758,0,25-35km,baseline
2006,2011,-127.7268040930021,386.0727358730767,0,25-35km,baseline
2006,2012,-120.16903439536833,450.2893188888699,0,25-35km,baseline
2006,2013,-693.9302095159203,389.5160340423997,0,25-35km,baseline
2006,2014,-895.8043218455837,394.025343045059,0,25-35km,baseline
2006,2015,-773.0304507319426,402.40800573530504,0,25-35km,baseline
2006,2016,-1118.1615396250083,396.172578347108,0,25-35km,baseline
2006,2017,-267.56338994454563,684.6122998199937,0,25-35km,baseline
2006,2018,-1666.285922789238,397.1730918812323,0,25-35km,baseline
2006,2019,-1685.2807176880592,274.367498183575,0,25-35km,baseline
2006,2020,-2288.584336811984,349.742781865378,0,25-35km,baseline
2006,2021,-1708.2921762174747,378.37158113306504,0,25-35km,baseline
2006,2022,-2242.0590532462033,327.62171263663714,0,25-35km,baseline
2006,2023,-801.4718827999004,374.71008413357754,0,25-35km,baseline
2006,2024,-602.6052219392202,411.8226111693016,0,25-35km,baseline
2006,2025,-889.3611606957811,339.80952239300535,0,25-35km,baseline
2007,2002,28.643512227732003,78.97539229038621,0,25-35km,baseline
2007,2003,215.7975788081788,59.74997837222811,0,25-35km,baseline
2007,2004,-682.7900081156495,61.58940289323652,0,25-35km,baseline
2007,2005,469.52130754728273,54.32027599192055,0,25-35km,baseline
2007,2006,13.411914338627184,50.35591412116615,0,25-35km,baseline
2007,2007,-351.3966409538127,52.634685155094935,0,25-35km,baseline
2007,2008,-2.890349037531621,65.79092643932978,0,25-35km,baseline
2007,2009,-173.23886964506886,59.472473207542336,0,25-35km,baseline
2007,2010,70.64622096915787,65.00334666496508,0,25-35km,baseline
2007,2011,-47.411063816831756,53.16142132347664,0,25-35km,baseline
2007,2012,-147.42508430230333,66.61968463658783,0,25-35km,baseline
2007,2013,-93.87475969989623,54.2377371132785,0,25-35km,baseline
2007,2014,-391.35184547329135,54.58636122629961,0,25-35km,baseline
2007,2015,-236.42354798088815,49.80526941854986,0,25-35km,baseline
2007,2016,-901.4439312175818,64.49215398970485,0,25-35km,baseline
2007,2017,-1633.737346034218,80.8706363046748,0,25-35km,baseline
2007,2018,-1606.468509568246,67.565930292577,0,25-35km,baseline
2007,2019,-942.0934257548977,65.59287354037428,0,25-35km,baseline
2007,2020,-1444.5123733201406,73.79400640288858,0,25-35km,baseline
2007,2021,-1020.3554783753143,67.73193565110692,0,25-35km,baseline
2007,2022,-1073.9720550371126,72.57309584966046,0,25-35km,baseline
2007,2023,-501.0898401968871,57.858864269180756,0,25-35km,baseline
2007,2024,-313.69411893408846,60.95141531194748,0,25-35km,baseline
2007,2025,-337.3256857856172,64.14518137044918,0,25-35km,baseline
2008,2002,711.34286861792,198.8361798140888,0,25-35km,baseline
2008,2003,39.11284775375748,202.86946851618552,0,25-35km,baseline
2008,2004,-611.54899577637,181.44137327173735,0,25-35km,baseline
2008,2005,107.9442282728557,168.71243709408253,0,25-35km,baseline
2008,2006,-81.26217387379779,143.87422378984704,0,25-35km,baseline
2008,2007,-741.3414179778615,118.03212248748777,0,25-35km,baseline
2008,2008,49.26609845275652,112.10052156930952,0,25-35km,baseline
2008,2009,589.1644368408741,125.07107955900372,0,25-35km,baseline
2008,2010,411.5996068082155,134.77789003872562,0,25-35km,baseline
2008,2011,606.1433053194539,148.25604333806234,0,25-35km,baseline
2008,2012,66.83860966571764,109.35592013938408,0,25-35km,baseline
2008,2013,35.549252573481,103.77536848675747,0,25-35km,baseline
2008,2014,-210.594960218312,104.65349315848789,0,25-35km,baseline
2008,2015,-13.028896531982127,107.34470456066575,0,25-35km,baseline
2008,2016,-528.1548515008408,119.00861680673924,0,25-35km,baseline
2008,2017,73.49105062407921,240.46703450144187,0,25-35km,baseline
2008,2018,-755.944549505353,143.92431649549397,0,25-35km,baseline
2008,2019,-371.7380526622195,127.70985072752944,0,25-35km,baseline
2008,2020,-262.809168905437,167.4473481188453,0,25-35km,baseline
2008,2021,-438.5647432825972,126.70311118585089,0,25-35km,baseline
2008,2022,-677.9187650990918,115.58610658694857,0,25-35km,baseline
2008,2023,296.69705095199373,128.72705063203682,0,25-35km,baseline
2008,2024,205.55648724944,118.9622118020715,0,25-35km,baseline
2008,2025,348.17798175456255,130.84374244442395,0,25-35km,baseline
2009,2002,217.1838458288936,58.9916287343907,0,25-35km,baseline
2009,2003,146.05699123823229,52.74919747778623,0,25-35km,baseline
2009,2004,-424.51453883556275,58.46375787817042,0,25-35km,baseline
2009,2005,313.19509469572756,58.338717217067455,0,25-35km,baseline
2009,2006,-81.028188687448,49.131748449628155,0,25-35km,baseline
2009,2007,-471.9417427932019,51.385492361466035,0,25-35km,baseline
2009,2008,236.58625967610993,55.02971156876153,0,25-35km,baseline
2009,2009,198.95111342308098,60.23343246569892,0,25-35km,baseline
2009,2010,339.30191594312197,66.69655154101616,0,25-35km,baseline
2009,2011,309.77761834975956,54.67171326429973,0,25-35km,baseline
2009,2012,95.18903033331065,56.308946358680345,0,25-35km,baseline
2009,2013,303.403936836678,53.36649169548134,0,25-35km,baseline
2009,2014,24.656995841564353,55.55095809957525,0,25-35km,baseline
2009,2015,211.1079261979753,48.60430410951094,0,25-35km,baseline
2009,2016,-158.10403240501984,73.24918015856636,0,25-35km,baseline
2009,2017,-1209.0498263928728,76.32975798228227,0,25-35km,baseline
2009,2018,-986.6415728643346,72.62125472335782,0,25-35km,baseline
2009,2019,-458.43274634778174,60.924136546502936,0,25-35km,baseline
2009,2020,-664.8401491060793,74.84248402717772,0,25-35km,baseline
2009,2021,-405.1749727325982,72.13346427479549,0,25-35km,baseline
2009,2022,-465.1025870607146,68.09576866811445,0,25-35km,baseline
2009,2023,251.22610754528603,63.94706134882958,0,25-35km,baseline
2009,2024,425.2620782036699,64.85283350108254,0,25-35km,baseline
2009,2025,398.7246262824516,68.77016289314982,0,25-35km,baseline
2010,2002,118.6733770692723,194.0827735914683,0,25-35km,baseline
2010,2003,-248.44590245137152,149.23036998060388,0,25-35km,baseline
2010,2004,47.667839177284236,120.31834866421627,0,25-35km,baseline
2010,2005,8.725680307309688,126.52303554029953,0,25-35km,baseline
2010,2006,686.7451704746691,168.5861211941038,0,25-35km,baseline
2010,2007,-1214.5082776529532,166.98262546910098,0,25-35km,baseline
2010,2008,436.86219726440345,118.66436850836334,0,25-35km,baseline
2010,2009,576.7998699586732,152.6834371737719,0,25-35km,baseline
2010,2010,-380.4648424977619,162.65239679785157,0,25-35km,baseline
2010,2011,-71.14047709898688,170.73593955987823,0,25-35km,baseline
2010,2012,-383.05493241600357,151.7068354658357,0,25-35km,baseline
2010,2013,-485.2970124849599,157.37747390897997,0,25-35km,baseline
2010,2014,-903.9547307853657,185.15212714968442,0,25-35km,baseline
2010,2015,-765.4575544020588,143.96366008537103,0,25-35km,baseline
2010,2016,-1174.7268519624067,216.63295494046403,0,25-35km,baseline
2010,2017,-1934.0906120335703,211.16905660213183,0,25-35km,baseline
2010,2018,-2249.1520791967705,149.1506680124192,0,25-35km,baseline
2010,2019,-1644.792265738793,140.36359704270146,0,25-35km,baseline
2010,2020,-2014.394457720311,145.2822447393437,0,25-35km,baseline
2010,2021,-1552.535372535402,192.70408742554335,0,25-35km,baseline
2010,2022,-1645.9664926308412,164.38434397770052,0,25-35km,baseline
2010,2023,-837.5224004226392,171.48781878727033,0,25-35km,baseline
2010,2024,-130.79651613403257,255.7616316814598,0,25-35km,baseline
2010,2025,-759.9924466008654,176.12186915028067,0,25-35km,baseline
2011,2002,-76.61136487382879,103.09299190554863,0,25-35km,baseline
2011,2003,118.32597027134511,99.35884295241794,0,25-35km,baseline
2011,2004,1009.6939559527316,130.15275120301763,0,25-35km,baseline
2011,2005,-664.6436887437466,137.47309335320514,0,25-35km,baseline
2011,2006,247.2797604573159,129.44100636144438,0,25-35km,baseline
2011,2007,-0.430097364757728,137.44101330041906,0,25-35km,baseline
2011,2008,-1024.9867785129793,142.97790951056876,0,25-35km,baseline
2011,2009,965.3783150543461,127.38624412885436,0,25-35km,baseline
2011,2010,-565.2841725874459,130.16457236762517,0,25-35km,baseline
2011,2011,-641.9588778724242,112.71337628400073,0,25-35km,baseline
2011,2012,-579.1638246169614,131.64022908546795,0,25-35km,baseline
2011,2013,-1110.5835748492325,121.03633901085182,0,25-35km,baseline
2011,2014,-729.4997534301006,155.5872003648076,0,25-35km,baseline
2011,2015,-838.2918254036804,126.15134845001403,0,25-35km,baseline
2011,2016,-1172.9282680599163,142.184946389766,0,25-35km,baseline
2011,2017,-161.88543302684297,166.62677927409538,0,25-35km,baseline
2011,2018,-1197.9750508251245,150.46086281784514,0,25-35km,baseline
2011,2019,-1177.4325944012312,134.735369426785,0,25-35km,baseline
2011,2020,-1642.4724450494193,132.55423304007596,0,25-35km,baseline
2011,2021,-1081.538876298002,137.06756652743138,0,25-35km,baseline
2011,2022,-1571.4486518997476,130.4595605421261,0,25-35km,baseline
2011,2023,-949.598455560581,122.65989987254436,0,25-35km,baseline
2011,2024,-853.0643120174809,136.62786254954764,0,25-35km,baseline
2011,2025,-650.865838460988,136.57265149871765,0,25-35km,baseline
2012,2002,-709.2071645204846,265.3063042279435,0,25-35km,baseline
2012,2003,1597.6840836273032,276.93043599411436,0,25-35km,baseline
2012,2004,-1253.6785718245312,271.1883335177644,0,25-35km,baseline
2012,2005,901.6306407632069,247.75566021711114,0,25-35km,baseline
2012,2006,-770.6633758512801,322.6021165099605,0,25-35km,baseline
2012,2007,-222.34768923685937,188.34646238839338,0,25-35km,baseline
2012,2008,429.89571244906006,204.8508491564721,0,25-35km,baseline
2012,2009,236.43079969157088,344.08371650439517,0,25-35km,baseline
2012,2010,47.750764847607115,362.8893856935975,0,25-35km,baseline
2012,2011,-394.8076074037899,228.37841175976047,0,25-35km,baseline
2012,2012,-380.85643953809483,165.2458784110654,0,25-35km,baseline
2012,2013,-376.5384922217721,130.3190195873629,0,25-35km,baseline
2012,2014,-520.0352520310153,157.54348534791325,0,25-35km,baseline
2012,2015,181.05606700197643,225.2859755480337,0,25-35km,baseline
2012,2016,-585.7541858993171,282.05095834176456,0,25-35km,baseline
2012,2017,-937.6118372067231,315.11698342475694,0,25-35km,baseline
2012,2018,-201.93154293190764,425.5712515143528,0,25-35km,baseline
2012,2019,-235.12533729181223,377.08315061152376,0,25-35km,baseline
2012,2020,-1111.7172904010408,213.1237715783231,0,25-35km,baseline
2012,2021,-475.6742139127226,267.341743911173,0,25-35km,baseline
2012,2022,-1161.3181088691338,168.08559543494016,0,25-35km,baseline
2012,2023,-80.63994131741083,203.392981121091,0,25-35km,baseline
2012,2024,12.932095561747929,213.3134306822949,0,25-35km,baseline
2012,2025,-23.628560317836445,251.68705042744006,0,25-35km,baseline
2013,2002,62.02209609658911,137.22609482639814,0,25-35km,baseline
2013,2003,811.1542547053313,197.82713894046668,0,25-35km,baseline
2013,2004,-1240.6000479811391,220.1415330321956,0,25-35km,baseline
2013,2005,674.7789299803791,164.6503632079472,0,25-35km,baseline
2013,2006,218.81795369692782,233.54312177265086,0,25-35km,baseline
2013,2007,-613.9077743202913,234.78962090380205,0,25-35km,baseline
2013,2008,550.2525033026179,196.86837954287452,0,25-35km,baseline
2013,2009,-201.06033491225435,202.81642550581913,0,25-35km,baseline
2013,2010,-236.61300561559563,180.34917301611927,0,25-35km,baseline
2013,2011,376.5967109630542,186.43359783939556,0,25-35km,baseline
2013,2012,-172.5571562921357,200.16838818601408,0,25-35km,baseline
2013,2013,-171.6116643550452,176.02459441745486,0,25-35km,baseline
2013,2014,66.25203181260827,268.5958807119739,0,25-35km,baseline
2013,2015,81.89535084443992,163.0787146951779,0,25-35km,baseline
2013,2016,24262.913107090084,2619.836128267472,0,25-35km,baseline
2013,2017,-917.7995939654279,231.9514534829314,0,25-35km,baseline
2013,2018,-1239.7115967146588,205.6402065074379,0,25-35km,baseline
2013,2019,1147.969449862526,703.9426420743586,0,25-35km,baseline
2013,2020,-1239.6287558204472,184.16073106525977,0,25-35km,baseline
2013,2021,-585.1722909625378,235.83477059937982,0,25-35km,baseline
2013,2022,-869.8873660391341,182.43188326350293,0,25-35km,baseline
2013,2023,-161.7468542609523,187.2187642083851,0,25-35km,baseline
2013,2024,-308.5515706441863,163.65613721556554,0,25-35km,baseline
2013,2025,6.753032690258749,183.11124625457435,0,25-35km,baseline
2014,2002,-2042.462812884611,516.5209817796149,0,25-35km,baseline
2014,2003,-92.00104801833766,146.58945738178133,0,25-35km,baseline
2014,2004,-11.324316996412222,231.12376193980313,0,25-35km,baseline
2014,2005,42.36848373967729,240.37670542228022,0,25-35km,baseline
2014,2006,109.77600083124742,161.1979009695649,0,25-35km,baseline
2014,2007,1727.7627475722431,458.4008978908554,0,25-35km,baseline
2014,2008,-982.9247959864847,717.4628203440468,0,25-35km,baseline
2014,2009,-299.22639857416743,729.1878206242792,0,25-35km,baseline
2014,2010,-629.694434385925,227.7288977653118,0,25-35km,baseline
2014,2011,201.41707471311653,269.04878753418467,0,25-35km,baseline
2014,2012,192.7972668486961,287.36904008858113,0,25-35km,baseline
2014,2013,-239.6052896741689,271.84018466800137,0,25-35km,baseline
2014,2014,-319.56193076815487,190.21454304066557,0,25-35km,baseline
2014,2015,273.58334432659285,346.5842121035409,0,25-35km,baseline
2014,2016,-427.6582582608361,384.8722352959425,0,25-35km,baseline
2014,2017,-1416.4280526383413,439.6023481997134,0,25-35km,baseline
2014,2018,-1632.1965670789446,196.38912891298634,0,25-35km,baseline
2014,2019,-54.19149296846933,584.430460563633,0,25-35km,baseline
2014,2020,-1316.9968185453522,215.02759526965238,0,25-35km,baseline
2014,2021,-491.34015071601965,313.6113447566347,0,25-35km,baseline
2014,2022,-888.5744916174442,261.67415337879635,0,25-35km,baseline
2014,2023,-536.6434178516637,184.6253904793979,0,25-35km,baseline
2014,2024,-334.2007304512658,185.2526336981823,0,25-35km,baseline
2014,2025,321.5183350136541,401.1403767183775,0,25-35km,baseline
2018,2002,-239.04708152083197,85.44073578027334,0,25-35km,baseline
2018,2003,137.39303618518232,72.49845106898307,0,25-35km,baseline
2018,2004,38.95273709626747,98.41323567270068,0,25-35km,baseline
2018,2005,63.257572088610004,102.39779152029188,0,25-35km,baseline
2018,2006,546.0873773427784,121.12660394658367,0,25-35km,baseline
2018,2007,-796.4198317771379,118.61380717710712,0,25-35km,baseline
2018,2008,89.78379338017768,100.62633765345245,0,25-35km,baseline
2018,2009,287.7764330020218,100.13955237107062,0,25-35km,baseline
2018,2010,204.34335785686062,113.79739290695417,0,25-35km,baseline
2018,2011,-231.99703527477027,105.46186766805037,0,25-35km,baseline
2018,2012,-140.28549884840737,85.46609791632889,0,25-35km,baseline
2018,2013,-302.37902512218477,74.91764645606547,0,25-35km,baseline
2018,2014,29.69253334380039,80.52156992005395,0,25-35km,baseline
2018,2015,61.877691298759146,90.2034219265345,0,25-35km,baseline
2018,2016,-600.3853750043535,90.52018610390557,0,25-35km,baseline
2018,2017,-297.1929623759852,113.41544801182864,0,25-35km,baseline
2018,2018,-272.78694500346927,114.19597518963339,0,25-35km,baseline
2018,2019,229.73019477922014,110.97427752286728,0,25-35km,baseline
2018,2020,207.3515005746168,125.39181701318228,0,25-35km,baseline
2018,2021,698.3654948736057,134.27534788817334,0,25-35km,baseline
2018,2022,537.3258227527134,124.68393218636,0,25-35km,baseline
2018,2023,1258.7806457704437,125.82132187842791,0,25-35km,baseline
2018,2024,1385.992234003025,136.75797448435833,0,25-35km,baseline
2018,2025,1202.4909643908882,122.88776658926643,0,25-35km,baseline
2019,2002,1551.3066937268543,1131.0875986445174,0,25-35km,baseline
2019,2003,-746.8638254554297,1101.094342374528,0,25-35km,baseline
2019,2004,1824.314467860137,2477.4740246466617,0,25-35km,baseline
2019,2005,-213.45683399994374,1877.2456237526058,0,25-35km,baseline
2019,2006,-1925.2987486241002,1467.2606857593978,0,25-35km,baseline
2019,2007,950.2980655553099,920.817804812065,0,25-35km,baseline
2019,2008,-918.8984213950287,1171.194824527894,0,25-35km,baseline
2019,2009,4955.517982746302,3265.876459641467,0,25-35km,baseline
2019,2010,-4870.0901625049555,3156.859608705566,0,25-35km,baseline
2019,2011,2326.696582367402,1073.6047534791571,0,25-35km,baseline
2019,2012,-597.4837297400725,1151.6524784209237,0,25-35km,baseline
2019,2013,-1003.7666099491432,711.4566296085262,0,25-35km,baseline
2019,2014,-733.7320798322626,285.11323761391105,0,25-35km,baseline
2019,2015,528.307246056899,438.5887807610319,0,25-35km,baseline
2019,2016,-659.7717104660454,362.99463261370147,0,25-35km,baseline
2019,2017,1971.0258605265944,1528.8380179560716,0,25-35km,baseline
2019,2018,-2975.120324482871,1785.3224892586418,0,25-35km,baseline
2019,2019,1492.7122304649465,532.4113072134079,0,25-35km,baseline
2019,2020,4149.298671966175,4113.288711031375,0,25-35km,baseline
2019,2021,1397.6664151773925,1101.0372852381543,0,25-35km,baseline
2019,2022,2359.4375348445137,1484.4044798908662,0,25-35km,baseline
2019,2023,1718.3502061066315,1012.9180515652313,0,25-35km,baseline
2019,2024,2111.370177466818,1096.9823312757294,0,25-35km,baseline
2019,2025,2306.9650283632027,1014.2392477390912,0,25-35km,baseline
2020,2002,277.81263709966174,35.785489333840964,0,25-35km,baseline
2020,2003,281.12271284148665,32.80398951125863,0,25-35km,baseline
2020,2004,-559.0682125859936,51.01176745970156,0,25-35km,baseline
2020,2005,331.3285659999055,50.93243609844782,0,25-35km,baseline
2020,2006,125.8854139397263,35.78738087887726,0,25-35km,baseline
2020,2007,-466.8449769297572,39.891440091179774,0,25-35km,baseline
2020,2008,167.28886320456147,44.180505720780445,0,25-35km,baseline
2020,2009,100.54061502687682,48.96685942742897,0,25-35km,baseline
2020,2010,15.130828815979271,46.18213090188186,0,25-35km,baseline
2020,2011,275.55260938470695,40.65332936074087,0,25-35km,baseline
2020,2012,-401.33439129999664,42.251952043601825,0,25-35km,baseline
2020,2013,404.1340086467652,44.73317685197315,0,25-35km,baseline
2020,2014,-470.51344768974013,40.760958442884615,0,25-35km,baseline
2020,2015,285.54235309976224,37.08799955412606,0,25-35km,baseline
2020,2016,-925.5792850421761,53.70234627681121,0,25-35km,baseline
2020,2017,-712.9802303548788,77.140595432863,0,25-35km,baseline
2020,2018,1247.9267195351777,125.58954099479935,0,25-35km,baseline
2020,2019,135.4583489394953,119.63214746983229,0,25-35km,baseline
2020,2020,-127.26875639196658,110.62924570743984,0,25-35km,baseline
2020,2021,257.0612483379947,103.43335284927139,0,25-35km,baseline
2020,2022,322.3505655697794,107.81461914110733,0,25-35km,baseline
2020,2023,447.18162243980527,82.44104760540155,0,25-35km,baseline
2020,2024,1136.9831484109855,98.62409210187295,0,25-35km,baseline
2020,2025,816.5920615745858,86.42216438014268,0,25-35km,baseline
2021,2002,126.1649848549776,232.1470065546436,0,25-35km,baseline
2021,2003,-590.6969738968551,219.66760077458898,0,25-35km,baseline
2021,2004,2045.9114210651992,350.425010748792,0,25-35km,baseline
2021,2005,-1285.8419993553107,364.8526591172273,0,25-35km,baseline
2021,2006,-53.18194198703509,254.97119143274213,0,25-35km,baseline
2021,2007,-475.7216572571934,234.68966929040795,0,25-35km,baseline
2021,2008,-380.0796237095906,187.27345831422167,0,25-35km,baseline
2021,2009,629.8146988729852,216.85301637263368,0,25-35km,baseline
2021,2010,-513.2215324378417,195.54889292998885,0,25-35km,baseline
2021,2011,575.6775539850903,181.44945979322188,0,25-35km,baseline
2021,2012,550.6619793999732,227.35316414895428,0,25-35km,baseline
2021,2013,-1557.8290812416963,234.4271999742234,0,25-35km,baseline
2021,2014,212.31878823436136,135.19169169644616,0,25-35km,baseline
2021,2015,42.51422085513491,169.41107245459943,0,25-35km,baseline
2021,2016,-157.8322980379279,188.3523111561877,0,25-35km,baseline
2021,2017,983.1146385101889,271.9727969011612,0,25-35km,baseline
2021,2018,-1291.4658296797766,293.4520919770997,0,25-35km,baseline
2021,2019,80.06121425221477,191.1031696622599,0,25-35km,baseline
2021,2020,-587.4192848507716,151.57583261664274,0,25-35km,baseline
2021,2021,494.9596594483649,160.2572797284781,0,25-35km,baseline
2021,2022,492.96242353906797,170.59142883925486,0,25-35km,baseline
2021,2023,1451.8440798540687,186.31440251222998,0,25-35km,baseline
2021,2024,1511.539564996692,165.00186603118513,0,25-35km,baseline
2021,2025,1590.7919131831943,217.09718679135304,0,25-35km,baseline
2024,2002,-755.5664730797753,92.12117347943911,0,25-35km,baseline
2024,2003,1001.7040374056088,73.82114459241221,0,25-35km,baseline
2024,2004,-878.8440219844697,103.48217938318206,0,25-35km,baseline
2024,2005,462.1452580647398,98.01503121666059,0,25-35km,baseline
2024,2006,-33.955170473579074,94.19571799018225,0,25-35km,baseline
2024,2007,-56.029693767300444,102.40942357020475,0,25-35km,baseline
2024,2008,-503.025243642228,93.96351189554146,0,25-35km,baseline
2024,2009,439.1195289024653,83.48207426036997,0,25-35km,baseline
2024,2010,196.28949295102393,87.6585446332752,0,25-35km,baseline
2024,2011,-468.5038546169096,74.3777665768734,0,25-35km,baseline
2024,2012,349.00453097022574,72.54296437305727,0,25-35km,baseline
2024,2013,-583.2948357292078,69.6130969466417,0,25-35km,baseline
2024,2014,121.66305267666229,61.92103924297116,0,25-35km,baseline
2024,2015,94.99024580751626,76.46057232530664,0,25-35km,baseline
2024,2016,191.3243016852042,107.18169099589905,0,25-35km,baseline
2024,2017,-152.27711365621212,127.69568396609314,0,25-35km,baseline
2024,2018,-974.8605347773744,110.73710782900555,0,25-35km,baseline
2024,2019,232.680090199323,80.853961105502,0,25-35km,baseline
2024,2020,-301.59912033388935,77.9739789607914,0,25-35km,baseline
2024,2021,440.1002068971414,84.91317198446579,0,25-35km,baseline
2024,2022,22.840255113206112,74.22910488109656,0,25-35km,baseline
2024,2023,940.3040571069339,82.36253736375119,0,25-35km,baseline
2024,2024,-253.94996186688547,76.0763521307638,0,25-35km,baseline
2024,2025,-212.330876926566,81.58518291384979,0,25-35km,baseline
2025,2002,223.40825696687938,242.0199369200939,0,25-35km,baseline
2025,2003,220.5526140295259,220.91906109292736,0,25-35km,baseline
2025,2004,744.5415806561849,218.64005575935545,0,25-35km,baseline
2025,2005,-270.61756125857596,238.0877789088058,0,25-35km,baseline
2025,2006,931.1474117295693,290.6953024607326,0,25-35km,baseline
2025,2007,-1021.8017765976219,331.336997392587,0,25-35km,baseline
2025,2008,-174.34513473186348,307.46039733706596,0,25-35km,baseline
2025,2009,-104.80701422749371,244.5860669633675,0,25-35km,baseline
2025,2010,515.9057833024133,245.2572837481136,0,25-35km,baseline
2025,2011,393.5659257981772,285.5100313520147,0,25-35km,baseline
2025,2012,-1001.1563767462337,259.74316545061816,0,25-35km,baseline
2025,2013,-1288.8038270559734,221.06269080974752,0,25-35km,baseline
2025,2014,409.19955439272053,191.09758235724317,0,25-35km,baseline
2025,2015,44.59952362090979,149.95087514475884,0,25-35km,baseline
2025,2016,1027.7118921890908,217.6756406627238,0,25-35km,baseline
2025,2017,574.682669751624,295.66746148767976,0,25-35km,baseline
2025,2018,-51.054793593781596,304.33268130176003,0,25-35km,baseline
2025,2019,-451.8412814162284,330.90133204527257,0,25-35km,baseline
2025,2020,-139.8733318399577,298.1238107556967,0,25-35km,baseline
2025,2021,-465.90476654312624,262.1117974320553,0,25-35km,baseline
2025,2022,208.63029251988246,306.6799621068345,0,25-35km,baseline
2025,2023,-36.1294516808764,292.7053964457636,0,25-35km,baseline
2025,2024,-880.8600726662262,179.3327828124826,0,25-35km,baseline
2025,2025,556.270217175228,165.3459307453964,0,25-35km,baseline
2003,2002,-4731.152953745085,1775.0188948414857,1,25-35km,anticipation1
2003,2003,-4674.464010659503,1780.1783487087976,1,25-35km,anticipation1
2003,2004,-4698.623261306934,1804.1671248142165,1,25-35km,anticipation1
2003,2005,-4238.736727265277,1771.1927733313898,1,25-35km,anticipation1
2003,2006,-4754.637936898007,1791.701901784597,1,25-35km,anticipation1
2003,2007,-5424.657010870296,1777.403345374243,1,25-35km,anticipation1
2003,2008,-4871.558368955493,1764.3675922305922,1,25-35km,anticipation1
2003,2009,-4784.263640322466,1775.448164382501,1,25-35km,anticipation1
2003,2010,-4796.989829273662,1784.0375863123165,1,25-35km,anticipation1
2003,2011,-4471.454407531167,1802.4109972686451,1,25-35km,anticipation1
2003,2012,-1253.4369260985468,1542.9884027503588,1,25-35km,anticipation1
2003,2013,-4724.8999112977035,1782.1914015306954,1,25-35km,anticipation1
2003,2014,-4504.675347612119,1821.7083533477373,1,25-35km,anticipation1
2003,2015,-4834.980585085761,1782.5387912398667,1,25-35km,anticipation1
2003,2016,-5680.527892899124,1785.403509473001,1,25-35km,anticipation1
2003,2017,-6652.813234134226,1790.6310491735662,1,25-35km,anticipation1
2003,2018,-6205.271034103683,1787.5567459366675,1,25-35km,anticipation1
2003,2019,-5468.022131271874,1791.3046952233938,1,25-35km,anticipation1
2003,2020,-6086.184463967404,1784.36250590302,1,25-35km,anticipation1
2003,2021,-5584.136893770945,1786.4266806981977,1,25-35km,anticipation1
2003,2022,-5781.026909642723,1781.244701950116,1,25-35km,anticipation1
2003,2023,-4563.462746029144,1818.174836360054,1,25-35km,anticipation1
2003,2024,-4783.617060820237,1783.7051999803014,1,25-35km,anticipation1
2003,2025,-4796.66580047615,1767.590164253162,1,25-35km,anticipation1
2004,2002,-1488.292531475458,592.4852798313777,1,25-35km,anticipation1
2004,2003,494.78073292765106,139.94743324641473,1,25-35km,anticipation1
2004,2004,477.87216587458255,616.4740150464318,1,25-35km,anticipation1
2004,2005,521.0391513219837,204.08596407694114,1,25-35km,anticipation1
2004,2006,662.1884638411037,273.2338580398996,1,25-35km,anticipation1
2004,2007,237.19362473131974,288.4433792746333,1,25-35km,anticipation1
2004,2008,607.1435623010309,444.20153283912924,1,25-35km,anticipation1
2004,2009,592.9932508450541,388.5721160580918,1,25-35km,anticipation1
2004,2010,163.62237819741858,216.39141475417125,1,25-35km,anticipation1
2004,2011,723.8950206753747,330.3542240969304,1,25-35km,anticipation1
2004,2012,1166.304135613312,587.7261887657212,1,25-35km,anticipation1
2004,2013,281.6355217680299,135.763470058901,1,25-35km,anticipation1
2004,2014,1613.9895921094178,1264.0908853779129,1,25-35km,anticipation1
2004,2015,239.3101874529386,209.28848232031964,1,25-35km,anticipation1
2004,2016,-231.08573347292713,444.9609488229946,1,25-35km,anticipation1
2004,2017,-646.579823062998,728.8895198359546,1,25-35km,anticipation1
2004,2018,-784.3649487079615,303.52322816024633,1,25-35km,anticipation1
2004,2019,353.88948495014915,846.7250059049693,1,25-35km,anticipation1
2004,2020,-1059.4696165298105,170.19785095039018,1,25-35km,anticipation1
2004,2021,-557.5806667381592,205.9090667344692,1,25-35km,anticipation1
2004,2022,-657.4849144780944,183.5207050871709,1,25-35km,anticipation1
2004,2023,201.04929217387527,268.71346071258176,1,25-35km,anticipation1
2004,2024,66.49717909233242,99.83721827143083,1,25-35km,anticipation1
2004,2025,387.05316069625576,357.1074405260419,1,25-35km,anticipation1
2005,2002,789.6410998733952,235.32337618009635,1,25-35km,anticipation1
2005,2003,-169.81562716995046,261.8114802775626,1,25-35km,anticipation1
2005,2004,-731.6422707454454,130.3097276259948,1,25-35km,anticipation1
2005,2005,108.43972225705318,133.6297346843404,1,25-35km,anticipation1
2005,2006,-203.2672679597382,180.0508407176169,1,25-35km,anticipation1
2005,2007,-588.9013436679239,127.20406009572322,1,25-35km,anticipation1
2005,2008,-717.2047507990824,154.69565441769726,1,25-35km,anticipation1
2005,2009,-607.8891458345846,154.46739953239614,1,25-35km,anticipation1
2005,2010,-368.556662097094,159.19546700030952,1,25-35km,anticipation1
2005,2011,-468.30362799789907,150.26744679940623,1,25-35km,anticipation1
2005,2012,-437.7750824455612,169.4502381759096,1,25-35km,anticipation1
2005,2013,-492.99614266880315,152.07827754783727,1,25-35km,anticipation1
2005,2014,-514.3204872954786,243.68802292462604,1,25-35km,anticipation1
2005,2015,-528.9551582209974,156.40394059194304,1,25-35km,anticipation1
2005,2016,-1088.3750922278855,175.7582216994381,1,25-35km,anticipation1
2005,2017,-1947.3335185608958,311.0796057277763,1,25-35km,anticipation1
2005,2018,-1515.3068786647261,192.16721242901417,1,25-35km,anticipation1
2005,2019,-1468.4812033180833,155.73176287032513,1,25-35km,anticipation1
2005,2020,-1752.223419086298,169.9938878201073,1,25-35km,anticipation1
2005,2021,-1255.0255063555644,173.36984481829913,1,25-35km,anticipation1
2005,2022,-1538.999844293428,152.53335552678186,1,25-35km,anticipation1
2005,2023,-855.9083757022158,157.14575335002354,1,25-35km,anticipation1
2005,2024,-679.2171770933147,163.67332175512553,1,25-35km,anticipation1
2005,2025,-584.4571089569347,147.85231388215877,1,25-35km,anticipation1
2006,2002,-199.94076516600433,446.76948475256177,1,25-35km,anticipation1
2006,2003,-1170.75130809737,426.9781545698207,1,25-35km,anticipation1
2006,2004,1052.1939018283233,442.6266358190263,1,25-35km,anticipation1
2006,2005,-489.88060610601866,424.00945903395865,1,25-35km,anticipation1
2006,2006,-433.9305317821394,463.68848125387,1,25-35km,anticipation1
2006,2007,-856.8323964158903,493.992207887021,1,25-35km,anticipation1
2006,2008,-1035.5637734561587,551.6916045038332,1,25-35km,anticipation1
2006,2009,-318.7064871145023,473.1545618435469,1,25-35km,anticipation1
2006,2010,-137.93525147524866,706.8339119537427,1,25-35km,anticipation1
2006,2011,-624.8361302190102,474.1402641237109,1,25-35km,anticipation1
2006,2012,-607.1797729528203,525.4541114993315,1,25-35km,anticipation1
2006,2013,-1179.151857420654,477.35317897563397,1,25-35km,anticipation1
2006,2014,-1381.0491161690259,450.98650669232325,1,25-35km,anticipation1
2006,2015,-1258.2752450553849,484.6474650037022,1,25-35km,anticipation1
2006,2016,-1603.4063339484505,502.6839699106022,1,25-35km,anticipation1
2006,2017,-842.8537471664713,725.9062052611529,1,25-35km,anticipation1
2006,2018,-2146.5122032963272,483.52817686190826,1,25-35km,anticipation1
2006,2019,-2181.651160676469,421.83650358078745,1,25-35km,anticipation1
2006,2020,-2767.626369681221,448.35992378457286,1,25-35km,anticipation1
2006,2021,-2147.148259256493,448.55879599831616,1,25-35km,anticipation1
2006,2022,-2680.9151362852217,428.97983592422275,1,25-35km,anticipation1
2006,2023,-1226.5561485432745,471.0952794298403,1,25-35km,anticipation1
2006,2024,-1046.1287102772553,499.34492329882636,1,25-35km,anticipation1
2006,2025,-1281.8021812711513,439.2004163361192,1,25-35km,anticipation1
2007,2002,26.305127557629078,78.97366902914257,1,25-35km,anticipation1
2007,2003,215.9064864694289,59.751587561769234,1,25-35km,anticipation1
2007,2004,-687.1751527712354,61.646187986569686,1,25-35km,anticipation1
2007,2005,467.5379712189665,54.34238273653005,1,25-35km,anticipation1
2007,2006,13.411914338627184,50.35591412116615,1,25-35km,anticipation1
2007,2007,-349.7455997328645,51.465357949283295,1,25-35km,anticipation1
2007,2008,-16.499394688650796,70.01825946679295,1,25-35km,anticipation1
2007,2009,-164.47070591052204,58.350096569448425,1,25-35km,anticipation1
2007,2010,50.51477639543606,63.33869169609372,1,25-35km,anticipation1
2007,2011,-23.470378204887997,51.586086142670844,1,25-35km,anticipation1
2007,2012,-125.23953050376139,64.83921221658704,1,25-35km,anticipation1
2007,2013,-67.43731876544251,50.78587768182119,1,25-35km,anticipation1
2007,2014,-364.64158375344186,50.78762384890597,1,25-35km,anticipation1
2007,2015,-209.71328626103872,45.531375846839325,1,25-35km,anticipation1
2007,2016,-874.7336694977328,60.15571158058615,1,25-35km,anticipation1
2007,2017,-1702.3035119258773,80.0946720407635,1,25-35km,anticipation1
2007,2018,-1535.5988886961175,64.7356285464449,1,25-35km,anticipation1
2007,2019,-950.9932136092737,67.9741085310706,1,25-35km,anticipation1
2007,2020,-1377.870773004709,69.66156439440346,1,25-35km,anticipation1
2007,2021,-912.7626740648179,65.11416442589447,1,25-35km,anticipation1
2007,2022,-966.3792507266163,70.40807472025884,1,25-35km,anticipation1
2007,2023,-430.87512050439307,57.96334515152541,1,25-35km,anticipation1
2007,2024,-250.5953079862851,59.12157472293591,1,25-35km,anticipation1
2007,2025,-194.16802698377137,61.39759693549694,1,25-35km,anticipation1
2008,2002,709.0280613989494,198.83548366485041,1,25-35km,anticipation1
2008,2003,39.219963454055176,202.8699240473422,1,25-35km,anticipation1
2008,2004,-615.860255972738,181.46002029053963,1,25-35km,anticipation1
2008,2005,105.94084068833104,168.71920043939494,1,25-35km,anticipation1
2008,2006,-80.98748980594382,143.95870397912933,1,25-35km,anticipation1
2008,2007,-741.3414179778615,118.03212248748777,1,25-35km,anticipation1
2008,2008,-711.4879910618578,116.14095264661158,1,25-35km,anticipation1
2008,2009,-191.68244143006433,130.37397151965632,1,25-35km,anticipation1
2008,2010,-424.4055926132234,147.27823116853443,1,25-35km,anticipation1
2008,2011,-185.92350570494023,149.33944724598126,1,25-35km,anticipation1
2008,2012,-731.1915969369729,120.35613210176025,1,25-35km,anticipation1
2008,2013,-766.1085554033127,116.82843105577791,1,25-35km,anticipation1
2008,2014,-1007.9963005420836,115.69065539781865,1,25-35km,anticipation1
2008,2015,-810.4302368557537,118.60575284497709,1,25-35km,anticipation1
2008,2016,-1325.5561918246124,129.2125857440977,1,25-35km,anticipation1
2008,2017,-863.5452939268121,230.11484146312372,1,25-35km,anticipation1
2008,2018,-1621.976918827892,148.6226074505778,1,25-35km,anticipation1
2008,2019,-1353.365769124991,133.366617486011,1,25-35km,anticipation1
2008,2020,-1285.4051541037156,169.48403631672,1,25-35km,anticipation1
2008,2021,-1433.630746000175,135.1443094442276,1,25-35km,anticipation1
2008,2022,-1672.9847678166698,127.68627514914752,1,25-35km,anticipation1
2008,2023,-742.3355107835581,135.79605170324234,1,25-35km,anticipation1
2008,2024,-903.0153683202818,124.94676219198031,1,25-35km,anticipation1
2008,2025,-717.4402649255633,139.26944066144992,1,25-35km,anticipation1
2009,2002,214.71969992142976,58.989217280787095,1,25-35km,anticipation1
2009,2003,146.17357061869387,52.7512941775856,1,25-35km,anticipation1
2009,2004,-429.2577127127292,58.53307968013583,1,25-35km,anticipation1
2009,2005,311.1551526200594,58.363543293188805,1,25-35km,anticipation1
2009,2006,-80.85700868070018,49.428922472851745,1,25-35km,anticipation1
2009,2007,-484.02162224617047,51.603242362736474,1,25-35km,anticipation1
2009,2008,236.58625967610993,55.02971156876153,1,25-35km,anticipation1
2009,2009,442.3653063122792,60.918434487629014,1,25-35km,anticipation1
2009,2010,535.0608026117843,69.22860175074663,1,25-35km,anticipation1
2009,2011,477.8859213431019,55.72483682583327,1,25-35km,anticipation1
2009,2012,267.09615935694285,59.18169130339746,1,25-35km,anticipation1
2009,2013,473.29869755147695,54.673253817816175,1,25-35km,anticipation1
2009,2014,196.33948954955474,56.566905430820526,1,25-35km,anticipation1
2009,2015,382.79041990596556,53.02164457687773,1,25-35km,anticipation1
2009,2016,13.578461302970766,75.17004659842824,1,25-35km,anticipation1
2009,2017,-1108.4512255519733,80.2120743714318,1,25-35km,anticipation1
2009,2018,-811.9156587082107,73.65185768823423,1,25-35km,anticipation1
2009,2019,-283.619240548652,68.27299107481713,1,25-35km,anticipation1
2009,2020,-495.82885711658764,76.08512301129633,1,25-35km,anticipation1
2009,2021,-216.02480183566354,72.69943999206464,1,25-35km,anticipation1
2009,2022,-275.9524161637799,68.688884967057,1,25-35km,anticipation1
2009,2023,429.85672442234795,68.18017490299806,1,25-35km,anticipation1
2009,2024,518.4948429744893,65.85354653026097,1,25-35km,anticipation1
2009,2025,527.6979920317882,69.95934485515946,1,25-35km,anticipation1
2010,2002,116.37281445354972,194.08207613020895,1,25-35km,anticipation1
2010,2003,-248.3400783934045,149.23098461626924,1,25-35km,anticipation1
2010,2004,43.44244084062609,120.34605319213416,1,25-35km,anticipation1
2010,2005,6.732706224847334,126.53189886321701,1,25-35km,anticipation1
2010,2006,687.1351314174367,168.6568383598072,1,25-35km,anticipation1
2010,2007,-1225.2823765616492,167.03652352584584,1,25-35km,anticipation1
2010,2008,455.7754002886634,119.25630621951754,1,25-35km,anticipation1
2010,2009,576.7998699586732,152.6834371737719,1,25-35km,anticipation1
2010,2010,225.720265997324,152.47140444242126,1,25-35km,anticipation1
2010,2011,575.6451543490514,167.01074462541894,1,25-35km,anticipation1
2010,2012,263.7228747499855,145.45992969452786,1,25-35km,anticipation1
2010,2013,160.54795870714668,137.1907798875473,1,25-35km,anticipation1
2010,2014,-256.86145360669315,171.85571585213376,1,25-35km,anticipation1
2010,2015,-118.36427722338613,130.20787388713939,1,25-35km,anticipation1
2010,2016,-527.6335747837343,192.5635378018278,1,25-35km,anticipation1
2010,2017,-1361.2566390299148,209.420528106688,1,25-35km,anticipation1
2010,2018,-1573.2940285656873,130.02198463364715,1,25-35km,anticipation1
2010,2019,-990.2682861106747,125.43684726485199,1,25-35km,anticipation1
2010,2020,-1317.7388371055745,135.61674073097132,1,25-35km,anticipation1
2010,2021,-821.4912002807712,178.44410269982097,1,25-35km,anticipation1
2010,2022,-914.9223203762101,150.12105621847329,1,25-35km,anticipation1
2010,2023,-64.03398495136167,157.71759765024586,1,25-35km,anticipation1
2010,2024,624.5222124119165,255.38047508417066,1,25-35km,anticipation1
2010,2025,34.340321994419696,160.25016167089248,1,25-35km,anticipation1
2011,2002,-79.056320187751,103.0914665272513,1,25-35km,anticipation1
2011,2003,118.44034446853362,99.35985028732742,1,25-35km,anticipation1
2011,2004,1005.6005300384595,130.180014791462,1,25-35km,anticipation1
2011,2005,-666.944846615912,137.48095092776921,1,25-35km,anticipation1
2011,2006,247.9801993002402,129.5377092525634,1,25-35km,anticipation1
2011,2007,-11.788064541990195,137.51062654876011,1,25-35km,anticipation1
2011,2008,-1011.2335640434683,143.51365917690154,1,25-35km,anticipation1
2011,2009,969.9908342014705,127.43229406916541,1,25-35km,anticipation1
2011,2010,-565.2841725874459,130.16457236762517,1,25-35km,anticipation1
2011,2011,-1209.479325522009,121.10276511592824,1,25-35km,anticipation1
2011,2012,-1145.26552763305,138.3921755286949,1,25-35km,anticipation1
2011,2013,-1680.1875307586165,128.22476202569317,1,25-35km,anticipation1
2011,2014,-1299.475241188801,160.5293327338516,1,25-35km,anticipation1
2011,2015,-1408.2673131623808,132.67424812374873,1,25-35km,anticipation1
2011,2016,-1742.9037558186164,149.10908091271372,1,25-35km,anticipation1
2011,2017,-834.955525315534,171.2037313175451,1,25-35km,anticipation1
2011,2018,-1756.1785451050168,154.59712414292937,1,25-35km,anticipation1
2011,2019,-1797.8261915744315,141.8642100109405,1,25-35km,anticipation1
2011,2020,-2239.487239731831,140.21263109201718,1,25-35km,anticipation1
2011,2021,-1654.30964714044,142.98523287088452,1,25-35km,anticipation1
2011,2022,-2144.2194227421855,138.31650941199723,1,25-35km,anticipation1
2011,2023,-1539.9401404562072,132.26910353638917,1,25-35km,anticipation1
2011,2024,-1450.6026357757848,143.99085096188378,1,25-35km,anticipation1
2011,2025,-1195.9340066322789,142.28524280050362,1,25-35km,anticipation1
2012,2002,-711.507012809613,265.305793336995,1,25-35km,anticipation1
2012,2003,1597.7916925619409,276.9307652718865,1,25-35km,anticipation1
2012,2004,-1257.9346268774088,271.2005568864777,1,25-35km,anticipation1
2012,2005,899.6570517175408,247.76015015813874,1,25-35km,anticipation1
2012,2006,-770.4479848880836,322.63884908171104,1,25-35km,anticipation1
2012,2007,-233.01800307318342,188.39408670202212,1,25-35km,anticipation1
2012,2008,448.73610668060985,205.19275358688978,1,25-35km,anticipation1
2012,2009,240.27377913165242,344.09896749732127,1,25-35km,anticipation1
2012,2010,6.488539757335033,362.90623378318276,1,25-35km,anticipation1
2012,2011,-394.8076074037899,228.37841175976047,1,25-35km,anticipation1
2012,2012,-773.4101000351546,184.60593498438683,1,25-35km,anticipation1
2012,2013,-766.792956544368,200.51992531117614,1,25-35km,anticipation1
2012,2014,-910.1725989952886,203.26616735813607,1,25-35km,anticipation1
2012,2015,-209.0812799622969,256.80279826640276,1,25-35km,anticipation1
2012,2016,-975.8915328635904,307.18814410538164,1,25-35km,anticipation1
2012,2017,-1443.0094798478924,301.9898890266977,1,25-35km,anticipation1
2012,2018,-610.0331188042105,422.5762202063787,1,25-35km,anticipation1
2012,2019,-700.7661945463873,327.43341748112255,1,25-35km,anticipation1
2012,2020,-1497.4603078450295,245.07983767381586,1,25-35km,anticipation1
2012,2021,-826.0284738196145,300.5667353572989,1,25-35km,anticipation1
2012,2022,-1511.672368776026,220.18840242323384,1,25-35km,anticipation1
2012,2023,-462.8116024109613,248.051975122385,1,25-35km,anticipation1
2012,2024,-431.4147965581717,258.76067230225146,1,25-35km,anticipation1
2012,2025,-404.4920221706403,292.866100675543,1,25-35km,anticipation1
2013,2002,59.714079223617034,137.2251074744979,1,25-35km,anticipation1
2013,2003,811.2623008318134,197.8276043710507,1,25-35km,anticipation1
2013,2004,-1244.9058101934706,220.15673194907504,1,25-35km,anticipation1
2013,2005,672.804314931439,164.65722820563298,1,25-35km,anticipation1
2013,2006,219.1625542309239,233.59433553795458,1,25-35km,anticipation1
2013,2007,-624.6948800396513,234.82812632229314,1,25-35km,anticipation1
2013,2008,569.4521895957671,197.22830202460045,1,25-35km,anticipation1
2013,2009,-197.22037088751676,202.84266985384858,1,25-35km,anticipation1
2013,2010,-278.31152972641405,180.3851282330485,1,25-35km,anticipation1
2013,2011,374.32188450998524,186.4521766450535,1,25-35km,anticipation1
2013,2012,-172.5571562921357,200.16838818601408,1,25-35km,anticipation1
2013,2013,-344.28593800550374,196.94981637112548,1,25-35km,anticipation1
2013,2014,-105.84643684088613,277.44070106129544,1,25-35km,anticipation1
2013,2015,-90.20311780905446,192.10490817675108,1,25-35km,anticipation1
2013,2016,24090.81463843659,2620.662627259092,1,25-35km,anticipation1
2013,2017,-1187.2745463885426,252.89584215230462,1,25-35km,anticipation1
2013,2018,-1423.0933018811115,226.01445044155932,1,25-35km,anticipation1
2013,2019,860.6349823010002,713.6724455223347,1,25-35km,anticipation1
2013,2020,-1533.160598190114,198.78770084816324,1,25-35km,anticipation1
2013,2021,-834.8367398922442,252.04688673003184,1,25-35km,anticipation1
2013,2022,-1119.5518149688405,199.76182849321998,1,25-35km,anticipation1
2013,2023,-401.706227751303,210.10497934680504,1,25-35km,anticipation1
2013,2024,-595.8052339311572,187.14139208586118,1,25-35km,anticipation1
2013,2025,-246.49446561147704,194.66976723230115,1,25-35km,anticipation1
2014,2002,-2044.7566117950516,516.5207198763658,1,25-35km,anticipation1
2014,2003,-91.89536653762411,146.59007673207753,1,25-35km,anticipation1
2014,2004,-15.534831171199926,231.13801873647387,1,25-35km,anticipation1
2014,2005,40.3835022520949,240.38129694675473,1,25-35km,anticipation1
2014,2006,110.07783863792105,161.27108910002642,1,25-35km,anticipation1
2014,2007,1717.1885044144722,458.42029026802544,1,25-35km,anticipation1
2014,2008,-964.4910225122765,717.5594717881648,1,25-35km,anticipation1
2014,2009,-295.4082626563534,729.1949547730613,1,25-35km,anticipation1
2014,2010,-670.9444821195111,227.756064700633,1,25-35km,anticipation1
2014,2011,199.14078025667308,269.0613795720016,1,25-35km,anticipation1
2014,2012,190.8701471958234,287.3895486358163,1,25-35km,anticipation1
2014,2013,-239.6052896741689,271.84018466800137,1,25-35km,anticipation1
2014,2014,-559.1672204423237,262.02991292363765,1,25-35km,anticipation1
2014,2015,33.978054652423964,349.401600929047,1,25-35km,anticipation1
2014,2016,-667.2635479350049,406.2124306440922,1,25-35km,anticipation1
2014,2017,-1742.354662317584,456.1135787234305,1,25-35km,anticipation1
2014,2018,-1895.5790834962636,242.03218139153938,1,25-35km,anticipation1
2014,2019,-346.64196209234,551.978402753173,1,25-35km,anticipation1
2014,2020,-1556.7180780298227,243.73903276850407,1,25-35km,anticipation1
2014,2021,-714.9794531609543,216.5314808988795,1,25-35km,anticipation1
2014,2022,-1112.2137940623788,285.8186833388302,1,25-35km,anticipation1
2014,2023,-776.4718607670934,236.11807304118295,1,25-35km,anticipation1
2014,2024,-647.3846745027963,231.70079890654463,1,25-35km,anticipation1
2014,2025,5.205845552953065,418.48270765186334,1,25-35km,anticipation1
2018,2002,-241.4930171083351,85.4389952727434,1,25-35km,anticipation1
2018,2003,137.50744236373515,72.49989447225826,1,25-35km,anticipation1
2018,2004,34.486505288463604,98.45132818691036,1,25-35km,anticipation1
2018,2005,61.161118295587016,102.41002497862813,1,25-35km,anticipation1
2018,2006,547.2277145424816,121.23200722966212,1,25-35km,anticipation1
2018,2007,-808.5465019671088,118.69750421682605,1,25-35km,anticipation1
2018,2008,110.28220587770855,101.43369901519927,1,25-35km,anticipation1
2018,2009,292.02609769403716,100.20070221467562,1,25-35km,anticipation1
2018,2010,161.13289908051044,113.84683802652197,1,25-35km,anticipation1
2018,2011,-234.5708671438172,105.49894490809525,1,25-35km,anticipation1
2018,2012,-142.50736090485725,85.54956057636043,1,25-35km,anticipation1
2018,2013,-303.0647594720611,74.94725274303954,1,25-35km,anticipation1
2018,2014,29.69253334380039,80.52156992005395,1,25-35km,anticipation1
2018,2015,61.877691298759146,90.2034219265345,1,25-35km,anticipation1
2018,2016,-600.3853750043535,90.52018610390557,1,25-35km,anticipation1
2018,2017,-297.1929623759852,113.41544801182864,1,25-35km,anticipation1
2018,2018,-570.0455326165222,106.11278347212708,1,25-35km,anticipation1
2018,2019,43.98851031008792,101.34140864122455,1,25-35km,anticipation1
2018,2020,-235.93319758466941,111.97083381733287,1,25-35km,anticipation1
2018,2021,283.4743024503163,120.13670068951845,1,25-35km,anticipation1
2018,2022,122.43463032942401,108.86294357255973,1,25-35km,anticipation1
2018,2023,869.6789581621186,109.26636648853275,1,25-35km,anticipation1
2018,2024,909.8223198111536,118.57650588187593,1,25-35km,anticipation1
2018,2025,769.018159192947,102.50260859626303,1,25-35km,anticipation1
2019,2002,1549.0191037505383,1131.0874795332954,1,25-35km,anticipation1
2019,2003,-746.7583112601878,1101.0944243815065,1,25-35km,anticipation1
2019,2004,1820.1124822774232,2477.4753474536756,1,25-35km,anticipation1
2019,2005,-215.43844353967705,1877.2462073414217,1,25-35km,anticipation1
2019,2006,-1925.0043482887236,1467.2686830570788,1,25-35km,anticipation1
2019,2007,939.6956147456126,920.8274130171565,1,25-35km,anticipation1
2019,2008,-900.3397716257598,1171.2538181657608,1,25-35km,anticipation1
2019,2009,4959.334048631895,3265.8780471005634,1,25-35km,anticipation1
2019,2010,-4911.157535895072,3156.8615286915433,1,25-35km,anticipation1
2019,2011,2324.4235873191355,1073.6078875980916,1,25-35km,anticipation1
2019,2012,-599.4118996703412,1151.6575598184572,1,25-35km,anticipation1
2019,2013,-1004.3425909913553,711.4591486520574,1,25-35km,anticipation1
2019,2014,-733.7320798322626,285.11323761391105,1,25-35km,anticipation1
2019,2015,528.307246056899,438.5887807610319,1,25-35km,anticipation1
2019,2016,-659.7717104660454,362.99463261370147,1,25-35km,anticipation1
2019,2017,1947.9030720481692,1528.959652064818,1,25-35km,anticipation1
2019,2018,-2975.120324482871,1785.3224892586418,1,25-35km,anticipation1
2019,2019,-1238.119766670711,1727.4800227330386,1,25-35km,anticipation1
2019,2020,1366.1492395212686,4081.3195055300675,1,25-35km,anticipation1
2019,2021,-1376.6639602253483,1462.3109822791491,1,25-35km,anticipation1
2019,2022,-414.89284055822714,1682.9247064754015,1,25-35km,anticipation1
2019,2023,-1000.4155081528781,1665.765081858816,1,25-35km,anticipation1
2019,2024,-779.397330686631,1699.434303359692,1,25-35km,anticipation1
2019,2025,-538.9188350145564,1558.7820873690987,1,25-35km,anticipation1
2020,2002,275.20506326735784,35.78177276801331,1,25-35km,anticipation1
2020,2003,281.25283124053067,32.80807583528471,1,25-35km,anticipation1
2020,2004,-564.3800227652926,51.10487961177022,1,25-35km,anticipation1
2020,2005,329.25065969856394,50.96717525205703,1,25-35km,anticipation1
2020,2006,126.65689485242802,36.278657942605136,1,25-35km,anticipation1
2020,2007,-480.15833108516415,40.232434400210096,1,25-35km,anticipation1
2020,2008,191.31745454449748,46.57313646435509,1,25-35km,anticipation1
2020,2009,105.13354698012199,49.13392406154584,1,25-35km,anticipation1
2020,2010,-33.507011276186745,46.57328658598467,1,25-35km,anticipation1
2020,2011,273.14751908596,40.794560384545015,1,25-35km,anticipation1
2020,2012,-404.505682975542,42.49315792003741,1,25-35km,anticipation1
2020,2013,403.6351221239589,44.800605348374305,1,25-35km,anticipation1
2020,2014,-470.51344768974013,40.760958442884615,1,25-35km,anticipation1
2020,2015,285.54235309976224,37.08799955412606,1,25-35km,anticipation1
2020,2016,-925.5792850421761,53.70234627681121,1,25-35km,anticipation1
2020,2017,-752.9746877766294,81.23976340219417,1,25-35km,anticipation1
2020,2018,1247.7129811016084,125.59176299989069,1,25-35km,anticipation1
2020,2019,135.4583489394953,119.63214746983229,1,25-35km,anticipation1
2020,2020,-0.6294644946362666,143.8826227961821,1,25-35km,anticipation1
2020,2021,394.4322727967217,142.56779640193733,1,25-35km,anticipation1
2020,2022,459.7215900285064,147.09243407805164,1,25-35km,anticipation1
2020,2023,713.8573317985424,132.44789154750697,1,25-35km,anticipation1
2020,2024,1254.8464280311114,142.43721970577266,1,25-35km,anticipation1
2020,2025,968.1986475827043,133.50909667881353,1,25-35km,anticipation1
2021,2002,123.85265296143325,232.1464121769705,1,25-35km,anticipation1
2021,2003,-590.5916851991982,219.66801987325846,1,25-35km,anticipation1
2021,2004,2041.79377740141,350.43443142939265,1,25-35km,anticipation1
2021,2005,-1287.904336576049,364.85562062844394,1,25-35km,anticipation1
2021,2006,-52.89562092012443,255.01807381595185,1,25-35km,anticipation1
2021,2007,-486.5276426528969,234.72829984652356,1,25-35km,anticipation1
2021,2008,-361.661010183685,187.65383612434283,1,25-35km,anticipation1
2021,2009,633.7307545858087,216.87764124717594,1,25-35km,anticipation1
2021,2010,-555.3461291577466,195.58175051415884,1,25-35km,anticipation1
2021,2011,573.4183623943334,181.46864801821437,1,25-35km,anticipation1
2021,2012,548.793583637847,227.37964855296104,1,25-35km,anticipation1
2021,2013,-1558.4656445118187,234.43506936222317,1,25-35km,anticipation1
2021,2014,212.31878823436136,135.19169169644616,1,25-35km,anticipation1
2021,2015,42.51422085513491,169.41107245459943,1,25-35km,anticipation1
2021,2016,-157.8322980379279,188.3523111561877,1,25-35km,anticipation1
2021,2017,960.798815748492,272.68320685200734,1,25-35km,anticipation1
2021,2018,-1291.6600623832474,293.4527231647477,1,25-35km,anticipation1
2021,2019,104.69348534642745,192.98150942081014,1,25-35km,anticipation1
2021,2020,-587.4192848507716,151.57583261664274,1,25-35km,anticipation1
2021,2021,-92.4596254024068,171.08327131642864,1,25-35km,anticipation1
2021,2022,-94.45686131170373,178.87492089296796,1,25-35km,anticipation1
2021,2023,968.3535799662177,186.95028524129503,1,25-35km,anticipation1
2021,2024,860.4116734623974,167.52510647297404,1,25-35km,anticipation1
2021,2025,968.3667372018425,218.56978143474143,1,25-35km,anticipation1
2024,2002,-758.0128929714051,92.1195567881946,1,25-35km,anticipation1
2024,2003,1001.8286745516189,73.82254506892619,1,25-35km,anticipation1
2024,2004,-883.6038896518897,103.51791058078628,1,25-35km,anticipation1
2024,2005,460.1569915235268,98.0279487261175,1,25-35km,anticipation1
2024,2006,-33.68687536107018,94.33700830899738,1,25-35km,anticipation1
2024,2007,-67.35014896422769,102.50825623614719,1,25-35km,anticipation1
2024,2008,-485.8993083092977,94.82351653806975,1,25-35km,anticipation1
2024,2009,443.398265168374,83.55590623770891,1,25-35km,anticipation1
2024,2010,153.23589973193657,87.7541714171545,1,25-35km,anticipation1
2024,2011,-471.15262236976866,74.4327323930936,1,25-35km,anticipation1
2024,2012,347.2274011783398,72.64209007385595,1,25-35km,anticipation1
2024,2013,-584.0220573267106,69.64460910627986,1,25-35km,anticipation1
2024,2014,121.66305267666229,61.92103924297116,1,25-35km,anticipation1
2024,2015,94.99024580751626,76.46057232530664,1,25-35km,anticipation1
2024,2016,191.3243016852042,107.18169099589905,1,25-35km,anticipation1
2024,2017,-178.3317838571778,129.48272866488531,1,25-35km,anticipation1
2024,2018,-975.0716950633262,110.73912126127789,1,25-35km,anticipation1
2024,2019,263.3240932207141,86.39261806683844,1,25-35km,anticipation1
2024,2020,-314.0440694018772,78.66789122464029,1,25-35km,anticipation1
2024,2021,440.1002068971414,84.91317198446579,1,25-35km,anticipation1
2024,2022,22.840255113206112,74.22910488109656,1,25-35km,anticipation1
2024,2023,940.3040571069339,82.36253736375119,1,25-35km,anticipation1
2024,2024,663.5322641568364,74.89422684992796,1,25-35km,anticipation1
2024,2025,729.5239519058002,78.41870245307256,1,25-35km,anticipation1
2025,2002,221.08794359554076,242.01935366824117,1,25-35km,anticipation1
2025,2003,220.6604267145318,220.9194777941158,1,25-35km,anticipation1
2025,2004,740.3404211151366,218.6554638644639,1,25-35km,anticipation1
2025,2005,-272.6457960618793,238.09246563836345,1,25-35km,anticipation1
2025,2006,931.7685036875387,290.73602206952427,1,25-35km,anticipation1
2025,2007,-1032.802268415594,331.36384810672627,1,25-35km,anticipation1
2025,2008,-155.6999103548087,307.6898139114985,1,25-35km,anticipation1
2025,2009,-100.93903371479269,244.60792825139967,1,25-35km,anticipation1
2025,2010,474.7943905555369,245.28086073877446,1,25-35km,anticipation1
2025,2011,391.29215008176925,285.52196419688875,1,25-35km,anticipation1
2025,2012,-1003.3326951292679,259.76612378247444,1,25-35km,anticipation1
2025,2013,-1289.4494582545954,221.07109105208713,1,25-35km,anticipation1
2025,2014,409.19955439272053,191.09758235724317,1,25-35km,anticipation1
2025,2015,44.59952362090979,149.95087514475884,1,25-35km,anticipation1
2025,2016,1027.7118921890908,217.6756406627238,1,25-35km,anticipation1
2025,2017,551.9975137258476,296.32671406757356,1,25-35km,anticipation1
2025,2018,-51.248855645720084,304.3332959346742,1,25-35km,anticipation1
2025,2019,-429.32495420195676,331.98520737542066,1,25-35km,anticipation1
2025,2020,-150.94616484218477,298.2672096112303,1,25-35km,anticipation1
2025,2021,-465.90476654312624,262.1117974320553,1,25-35km,anticipation1
2025,2022,208.63029251988246,306.6799621068345,1,25-35km,anticipation1
2025,2023,56.04706667888172,293.4202746097693,1,25-35km,anticipation1
2025,2024,-880.8600726662262,179.3327828124826,1,25-35km,anticipation1
2025,2025,-324.58985549099816,201.1733543330582,1,25-35km,anticipation1
2013,2002,319.767285121821,,0,25-35km,dr_geography
2013,2003,927.6913822153003,,0,25-35km,dr_geography
2013,2004,-157.9755626068264,,0,25-35km,dr_geography
2013,2005,192.65214005520244,,0,25-35km,dr_geography
2013,2006,465.9772965989187,,0,25-35km,dr_geography
2013,2007,-305.3501651826441,,0,25-35km,dr_geography
2013,2008,950.6965136606525,,0,25-35km,dr_geography
2013,2009,114.45337408084595,,0,25-35km,dr_geography
2013,2010,119.59868795476235,,0,25-35km,dr_geography
2013,2011,495.7984615968899,,0,25-35km,dr_geography
2013,2012,0.0,,0,25-35km,dr_geography
2013,2013,548.8561163195418,,0,25-35km,dr_geography
2013,2014,687.0905917801025,,0,25-35km,dr_geography
2013,2015,653.8338134071588,,0,25-35km,dr_geography
2013,2016,25596.93048484681,,0,25-35km,dr_geography
2013,2017,426.3755906149195,,0,25-35km,dr_geography
2013,2018,242.15638469702438,,0,25-35km,dr_geography
2013,2019,2240.9911446336428,,0,25-35km,dr_geography
2013,2020,79.15370425321157,,0,25-35km,dr_geography
2013,2021,325.3794026323011,,0,25-35km,dr_geography
2013,2022,309.2469891500976,,0,25-35km,dr_geography
2013,2023,216.5114608495111,,0,25-35km,dr_geography
2013,2024,-170.34908451976295,,0,25-35km,dr_geography
2013,2025,113.67863151147338,,0,25-35km,dr_geography
2014,2002,-452.57182123229575,,0,25-35km,dr_geography
2014,2003,-876.2962409054367,,0,25-35km,dr_geography
2014,2004,-704.0574998243038,,0,25-35km,dr_geography
2014,2005,-848.2869628906691,,0,25-35km,dr_geography
2014,2006,-830.7352222161505,,0,25-35km,dr_geography
2014,2007,799.8931935475507,,0,25-35km,dr_geography
2014,2008,571.6311951230855,,0,25-35km,dr_geography
2014,2009,-485.13659414511,,0,25-35km,dr_geography
2014,2010,-774.4788073931086,,0,25-35km,dr_geography
2014,2011,-350.9938599072745,,0,25-35km,dr_geography
2014,2012,-575.1061500308074,,0,25-35km,dr_geography
2014,2013,0.0,,0,25-35km,dr_geography
2014,2014,-409.39623794670985,,0,25-35km,dr_geography
2014,2015,83.38570254382566,,0,25-35km,dr_geography
2014,2016,165.53653088697675,,0,25-35km,dr_geography
2014,2017,-534.0600654997023,,0,25-35km,dr_geography
2014,2018,-590.1168776716158,,0,25-35km,dr_geography
2014,2019,365.65418058080354,,0,25-35km,dr_geography
2014,2020,-442.2269851148526,,0,25-35km,dr_geography
2014,2021,-294.370787885311,,0,25-35km,dr_geography
2014,2022,-349.54266211029994,,0,25-35km,dr_geography
2014,2023,-1026.9921345411394,,0,25-35km,dr_geography
2014,2024,-1030.2740637678417,,0,25-35km,dr_geography
2014,2025,-308.065403304863,,0,25-35km,dr_geography
2018,2002,429.5950395414004,,0,25-35km,dr_geography
2018,2003,451.5010087120411,,0,25-35km,dr_geography
2018,2004,746.3819586753656,,0,25-35km,dr_geography
2018,2005,413.71358782892435,,0,25-35km,dr_geography
2018,2006,1052.3405863195192,,0,25-35km,dr_geography
2018,2007,178.0904511290565,,0,25-35km,dr_geography
2018,2008,520.9941329088281,,0,25-35km,dr_geography
2018,2009,589.1520166450941,,0,25-35km,dr_geography
2018,2010,858.3177649766396,,0,25-35km,dr_geography
2018,2011,698.5698978496882,,0,25-35km,dr_geography
2018,2012,351.004946631183,,0,25-35km,dr_geography
2018,2013,267.30881615058877,,0,25-35km,dr_geography
2018,2014,357.4465851328596,,0,25-35km,dr_geography
2018,2015,367.7218989888511,,0,25-35km,dr_geography
2018,2016,42.87893000704241,,0,25-35km,dr_geography
2018,2017,0.0,,0,25-35km,dr_geography
2018,2018,-166.48515094333476,,0,25-35km,dr_geography
2018,2019,72.01065855871524,,0,25-35km,dr_geography
2018,2020,-39.6727155757708,,0,25-35km,dr_geography
2018,2021,195.06338520128196,,0,25-35km,dr_geography
2018,2022,53.48016640854082,,0,25-35km,dr_geography
2018,2023,149.80096490012318,,0,25-35km,dr_geography
2018,2024,281.62698470255066,,0,25-35km,dr_geography
2018,2025,56.062277855142725,,0,25-35km,dr_geography
2019,2002,2118.2728692549813,,0,25-35km,dr_geography
2019,2003,1531.3476794039843,,0,25-35km,dr_geography
2019,2004,2780.5033823241492,,0,25-35km,dr_geography
2019,2005,2414.8874505379295,,0,25-35km,dr_geography
2019,2006,762.0024641985927,,0,25-35km,dr_geography
2019,2007,887.7675397818807,,0,25-35km,dr_geography
2019,2008,1018.2103845741698,,0,25-35km,dr_geography
2019,2009,5405.480314187815,,0,25-35km,dr_geography
2019,2010,855.8809106019396,,0,25-35km,dr_geography
2019,2011,3178.4641596227734,,0,25-35km,dr_geography
2019,2012,2181.9235924466216,,0,25-35km,dr_geography
2019,2013,2033.535037691546,,0,25-35km,dr_geography
2019,2014,1071.5379580617089,,0,25-35km,dr_geography
2019,2015,1789.7951824279564,,0,25-35km,dr_geography
2019,2016,1792.4779573825522,,0,25-35km,dr_geography
2019,2017,2987.24016554689,,0,25-35km,dr_geography
2019,2018,0.0,,0,25-35km,dr_geography
2019,2019,1504.9130809666315,,0,25-35km,dr_geography
2019,2020,4276.510519699162,,0,25-35km,dr_geography
2019,2021,1174.960719639436,,0,25-35km,dr_geography
2019,2022,2302.3759691453124,,0,25-35km,dr_geography
2019,2023,1685.2987115717672,,0,25-35km,dr_geography
2019,2024,1398.899870016236,,0,25-35km,dr_geography
2019,2025,1676.5051736143027,,0,25-35km,dr_geography
2020,2002,-40.60330553422182,,0,25-35km,dr_geography
2020,2003,-573.8186558509055,,0,25-35km,dr_geography
2020,2004,263.2192899153162,,0,25-35km,dr_geography
2020,2005,-16.227189995549452,,0,25-35km,dr_geography
2020,2006,7.559089996010357,,0,25-35km,dr_geography
2020,2007,279.25760770139345,,0,25-35km,dr_geography
2020,2008,72.55010575344218,,0,25-35km,dr_geography
2020,2009,-115.14392293953574,,0,25-35km,dr_geography
2020,2010,-98.28751916330071,,0,25-35km,dr_geography
2020,2011,169.8574281533035,,0,25-35km,dr_geography
2020,2012,-325.1327147757396,,0,25-35km,dr_geography
2020,2013,-59.05104708147047,,0,25-35km,dr_geography
2020,2014,-291.0861842955285,,0,25-35km,dr_geography
2020,2015,-266.8638030592269,,0,25-35km,dr_geography
2020,2016,-1368.7726332557963,,0,25-35km,dr_geography
2020,2017,-876.3554139024952,,0,25-35km,dr_geography
2020,2018,506.9382141647827,,0,25-35km,dr_geography
2020,2019,0.0,,0,25-35km,dr_geography
2020,2020,-74.24191000433454,,0,25-35km,dr_geography
2020,2021,211.8441634036421,,0,25-35km,dr_geography
2020,2022,646.7554299058381,,0,25-35km,dr_geography
2020,2023,-532.7129514887713,,0,25-35km,dr_geography
2020,2024,359.7974554434958,,0,25-35km,dr_geography
2020,2025,47.180067595936464,,0,25-35km,dr_geography
2021,2002,1780.7388769673898,,0,25-35km,dr_geography
2021,2003,1473.1911560928475,,0,25-35km,dr_geography
2021,2004,3004.371933898478,,0,25-35km,dr_geography
2021,2005,1722.085732587728,,0,25-35km,dr_geography
2021,2006,1863.0047408034543,,0,25-35km,dr_geography
2021,2007,909.2889565544045,,0,25-35km,dr_geography
2021,2008,1063.025719532322,,0,25-35km,dr_geography
2021,2009,1486.2522777452336,,0,25-35km,dr_geography
2021,2010,1043.8196122540314,,0,25-35km,dr_geography
2021,2011,1629.59722381632,,0,25-35km,dr_geography
2021,2012,2001.7863654075443,,0,25-35km,dr_geography
2021,2013,830.0324757381667,,0,25-35km,dr_geography
2021,2014,898.5655237877857,,0,25-35km,dr_geography
2021,2015,997.0415963520804,,0,25-35km,dr_geography
2021,2016,1316.9360224788159,,0,25-35km,dr_geography
2021,2017,1646.8361318222353,,0,25-35km,dr_geography
2021,2018,489.66021575970774,,0,25-35km,dr_geography
2021,2019,539.230705860505,,0,25-35km,dr_geography
2021,2020,0.0,,0,25-35km,dr_geography
2021,2021,290.67690303568094,,0,25-35km,dr_geography
2021,2022,339.27382029713857,,0,25-35km,dr_geography
2021,2023,1401.6696548797113,,0,25-35km,dr_geography
2021,2024,1079.50659511054,,0,25-35km,dr_geography
2021,2025,1096.1493293427923,,0,25-35km,dr_geography
2024,2002,-100.35747684495838,,0,25-35km,dr_geography
2024,2003,601.6795987150443,,0,25-35km,dr_geography
2024,2004,-26.56639924683998,,0,25-35km,dr_geography
2024,2005,189.74583757767505,,0,25-35km,dr_geography
2024,2006,181.49544916190447,,0,25-35km,dr_geography
2024,2007,175.23059231589764,,0,25-35km,dr_geography
2024,2008,76.67370169772245,,0,25-35km,dr_geography
2024,2009,137.3491286587302,,0,25-35km,dr_geography
2024,2010,372.59203812250905,,0,25-35km,dr_geography
2024,2011,-37.838063382020664,,0,25-35km,dr_geography
2024,2012,145.33343331224623,,0,25-35km,dr_geography
2024,2013,-90.88826061414574,,0,25-35km,dr_geography
2024,2014,3.658763124893852,,0,25-35km,dr_geography
2024,2015,-52.153456760310206,,0,25-35km,dr_geography
2024,2016,718.7358044601364,,0,25-35km,dr_geography
2024,2017,738.2110010977916,,0,25-35km,dr_geography
2024,2018,-146.00599005509568,,0,25-35km,dr_geography
2024,2019,-290.2255268146291,,0,25-35km,dr_geography
2024,2020,-426.69370345918014,,0,25-35km,dr_geography
2024,2021,-442.74525613179355,,0,25-35km,dr_geography
2024,2022,-168.11612817115684,,0,25-35km,dr_geography
2024,2023,0.0,,0,25-35km,dr_geography
2024,2024,-288.01070217506987,,0,25-35km,dr_geography
2024,2025,-387.4829343249486,,0,25-35km,dr_geography
2025,2002,175.122963917683,,0,25-35km,dr_geography
2025,2003,1493.4541174111885,,0,25-35km,dr_geography
2025,2004,947.9398856563545,,0,25-35km,dr_geography
2025,2005,1601.2487383348216,,0,25-35km,dr_geography
2025,2006,2438.135266485559,,0,25-35km,dr_geography
2025,2007,1084.673387135883,,0,25-35km,dr_geography
2025,2008,1131.165681646264,,0,25-35km,dr_geography
2025,2009,852.6966092756536,,0,25-35km,dr_geography
2025,2010,1331.050729756993,,0,25-35km,dr_geography
2025,2011,2035.0148962393562,,0,25-35km,dr_geography
2025,2012,514.1768682985515,,0,25-35km,dr_geography
2025,2013,39.36621612351441,,0,25-35km,dr_geography
2025,2014,-31.46097680115506,,0,25-35km,dr_geography
2025,2015,123.0864368395163,,0,25-35km,dr_geography
2025,2016,1370.5841184744859,,0,25-35km,dr_geography
2025,2017,954.9469884169542,,0,25-35km,dr_geography
2025,2018,1642.8055780996697,,0,25-35km,dr_geography
2025,2019,732.3744343465609,,0,25-35km,dr_geography
2025,2020,530.0890443787193,,0,25-35km,dr_geography
2025,2021,-50.560380569239356,,0,25-35km,dr_geography
2025,2022,421.4195583760258,,0,25-35km,dr_geography
2025,2023,697.6640096631214,,0,25-35km,dr_geography
2025,2024,0.0,,0,25-35km,dr_geography
2025,2025,296.7002941480588,,0,25-35km,dr_geography
2013,2002,-174.6079773012363,,1,25-35km,dr_geography_anticipation1
2013,2003,426.5517508193243,,1,25-35km,dr_geography_anticipation1
2013,2004,-660.5161866999658,,1,25-35km,dr_geography_anticipation1
2013,2005,-308.527166926469,,1,25-35km,dr_geography_anticipation1
2013,2006,-35.95059765915065,,1,25-35km,dr_geography_anticipation1
2013,2007,-804.9602602002223,,1,25-35km,dr_geography_anticipation1
2013,2008,468.81779568420507,,1,25-35km,dr_geography_anticipation1
2013,2009,-388.1260455458702,,1,25-35km,dr_geography_anticipation1
2013,2010,-357.80554296688314,,1,25-35km,dr_geography_anticipation1
2013,2011,0.0,,1,25-35km,dr_geography_anticipation1
2013,2012,-495.7984615968899,,1,25-35km,dr_geography_anticipation1
2013,2013,47.52507212354661,,1,25-35km,dr_geography_anticipation1
2013,2014,181.76352539236706,,1,25-35km,dr_geography_anticipation1
2013,2015,122.6029170998602,,1,25-35km,dr_geography_anticipation1
2013,2016,25097.313365333463,,1,25-35km,dr_geography_anticipation1
2013,2017,-75.57831038754661,,1,25-35km,dr_geography_anticipation1
2013,2018,-258.8954953137372,,1,25-35km,dr_geography_anticipation1
2013,2019,1729.4111676940543,,1,25-35km,dr_geography_anticipation1
2013,2020,-421.41018885171655,,1,25-35km,dr_geography_anticipation1
2013,2021,-147.19054326282054,,1,25-35km,dr_geography_anticipation1
2013,2022,-197.75395293576833,,1,25-35km,dr_geography_anticipation1
2013,2023,-251.0978535655403,,1,25-35km,dr_geography_anticipation1
2013,2024,-667.6715949611558,,1,25-35km,dr_geography_anticipation1
2013,2025,-369.7730084042706,,1,25-35km,dr_geography_anticipation1
2014,2002,118.38692105128908,,1,25-35km,dr_geography_anticipation1
2014,2003,-312.2424905736072,,1,25-35km,dr_geography_anticipation1
2014,2004,-120.14400978916024,,1,25-35km,dr_geography_anticipation1
2014,2005,-267.00017803195453,,1,25-35km,dr_geography_anticipation1
2014,2006,-247.721868548011,,1,25-35km,dr_geography_anticipation1
2014,2007,1377.5722575265036,,1,25-35km,dr_geography_anticipation1
2014,2008,1113.6501444478372,,1,25-35km,dr_geography_anticipation1
2014,2009,98.97702414930937,,1,25-35km,dr_geography_anticipation1
2014,2010,-203.8045579614245,,1,25-35km,dr_geography_anticipation1
2014,2011,214.58701644233545,,1,25-35km,dr_geography_anticipation1
2014,2012,0.0,,1,25-35km,dr_geography_anticipation1
2014,2013,575.1061500308074,,1,25-35km,dr_geography_anticipation1
2014,2014,149.46331029267583,,1,25-35km,dr_geography_anticipation1
2014,2015,632.9626381137338,,1,25-35km,dr_geography_anticipation1
2014,2016,746.6936511140456,,1,25-35km,dr_geography_anticipation1
2014,2017,63.46535369189013,,1,25-35km,dr_geography_anticipation1
2014,2018,-6.375054007915935,,1,25-35km,dr_geography_anticipation1
2014,2019,933.7805115665102,,1,25-35km,dr_geography_anticipation1
2014,2020,112.8522978531717,,1,25-35km,dr_geography_anticipation1
2014,2021,217.2439607292684,,1,25-35km,dr_geography_anticipation1
2014,2022,229.3285361918821,,1,25-35km,dr_geography_anticipation1
2014,2023,-472.9447160024752,,1,25-35km,dr_geography_anticipation1
2014,2024,-471.2258498784391,,1,25-35km,dr_geography_anticipation1
2014,2025,223.26072465158893,,1,25-35km,dr_geography_anticipation1
2018,2002,359.8631502814627,,1,25-35km,dr_geography_anticipation1
2018,2003,385.85553452175367,,1,25-35km,dr_geography_anticipation1
2018,2004,683.6537073021345,,1,25-35km,dr_geography_anticipation1
2018,2005,348.8180141974869,,1,25-35km,dr_geography_anticipation1
2018,2006,989.7330772897657,,1,25-35km,dr_geography_anticipation1
2018,2007,115.1289024695435,,1,25-35km,dr_geography_anticipation1
2018,2008,454.10113382268867,,1,25-35km,dr_geography_anticipation1
2018,2009,522.4307371417528,,1,25-35km,dr_geography_anticipation1
2018,2010,791.8349649832685,,1,25-35km,dr_geography_anticipation1
2018,2011,623.3139190317503,,1,25-35km,dr_geography_anticipation1
2018,2012,280.59527559388175,,1,25-35km,dr_geography_anticipation1
2018,2013,201.1655486669873,,1,25-35km,dr_geography_anticipation1
2018,2014,279.2308672216004,,1,25-35km,dr_geography_anticipation1
2018,2015,288.982398293444,,1,25-35km,dr_geography_anticipation1
2018,2016,0.0,,1,25-35km,dr_geography_anticipation1
2018,2017,-42.87893000704241,,1,25-35km,dr_geography_anticipation1
2018,2018,-205.87573413440214,,1,25-35km,dr_geography_anticipation1
2018,2019,-8.36409986234105,,1,25-35km,dr_geography_anticipation1
2018,2020,-140.41673388117442,,1,25-35km,dr_geography_anticipation1
2018,2021,122.03315751108732,,1,25-35km,dr_geography_anticipation1
2018,2022,-13.404834470515425,,1,25-35km,dr_geography_anticipation1
2018,2023,84.53722056324699,,1,25-35km,dr_geography_anticipation1
2018,2024,215.1438785718077,,1,25-35km,dr_geography_anticipation1
2018,2025,-9.477564004869464,,1,25-35km,dr_geography_anticipation1
2019,2002,-968.8648578210888,,1,25-35km,dr_geography_anticipation1
2019,2003,-1545.8553016207306,,1,25-35km,dr_geography_anticipation1
2019,2004,-307.3267556027227,,1,25-35km,dr_geography_anticipation1
2019,2005,-672.9426874200991,,1,25-35km,dr_geography_anticipation1
2019,2006,-2325.8276737989345,,1,25-35km,dr_geography_anticipation1
2019,2007,-2200.215048388132,,1,25-35km,dr_geography_anticipation1
2019,2008,-2068.9273425097767,,1,25-35km,dr_geography_anticipation1
2019,2009,2320.771087857515,,1,25-35km,dr_geography_anticipation1
2019,2010,-2231.6901039750687,,1,25-35km,dr_geography_anticipation1
2019,2011,93.15142710629237,,1,25-35km,dr_geography_anticipation1
2019,2012,-905.2141346344753,,1,25-35km,dr_geography_anticipation1
2019,2013,-1040.769243375515,,1,25-35km,dr_geography_anticipation1
2019,2014,-2012.0659183246105,,1,25-35km,dr_geography_anticipation1
2019,2015,-1289.1356604386585,,1,25-35km,dr_geography_anticipation1
2019,2016,-1292.834775128194,,1,25-35km,dr_geography_anticipation1
2019,2017,0.0,,1,25-35km,dr_geography_anticipation1
2019,2018,-2987.24016554689,,1,25-35km,dr_geography_anticipation1
2019,2019,-1556.8934080288159,,1,25-35km,dr_geography_anticipation1
2019,2020,1227.98108050242,,1,25-35km,dr_geography_anticipation1
2019,2021,-1911.4698679231967,,1,25-35km,dr_geography_anticipation1
2019,2022,-785.1950454468106,,1,25-35km,dr_geography_anticipation1
2019,2023,-1402.2723030122218,,1,25-35km,dr_geography_anticipation1
2019,2024,-1688.23785704899,,1,25-35km,dr_geography_anticipation1
2019,2025,-1410.6325534579742,,1,25-35km,dr_geography_anticipation1
2020,2002,-553.8958655997186,,1,25-35km,dr_geography_anticipation1
2020,2003,-1112.372603968597,,1,25-35km,dr_geography_anticipation1
2020,2004,-249.81759002976366,,1,25-35km,dr_geography_anticipation1
2020,2005,-533.9285138211675,,1,25-35km,dr_geography_anticipation1
2020,2006,-505.81002753058,,1,25-35km,dr_geography_anticipation1
2020,2007,-238.01282852296754,,1,25-35km,dr_geography_anticipation1
2020,2008,-440.38941429950216,,1,25-35km,dr_geography_anticipation1
2020,2009,-628.8964358710033,,1,25-35km,dr_geography_anticipation1
2020,2010,-616.6984741824651,,1,25-35km,dr_geography_anticipation1
2020,2011,-336.5187415909468,,1,25-35km,dr_geography_anticipation1
2020,2012,-844.6655742237479,,1,25-35km,dr_geography_anticipation1
2020,2013,-589.4722027078234,,1,25-35km,dr_geography_anticipation1
2020,2014,-819.641887800843,,1,25-35km,dr_geography_anticipation1
2020,2015,-815.7607636286696,,1,25-35km,dr_geography_anticipation1
2020,2016,-1870.9475295880425,,1,25-35km,dr_geography_anticipation1
2020,2017,-1290.9416333990962,,1,25-35km,dr_geography_anticipation1
2020,2018,0.0,,1,25-35km,dr_geography_anticipation1
2020,2019,-506.9382141647827,,1,25-35km,dr_geography_anticipation1
2020,2020,-518.5177603138876,,1,25-35km,dr_geography_anticipation1
2020,2021,-301.5395609031194,,1,25-35km,dr_geography_anticipation1
2020,2022,128.34447488454458,,1,25-35km,dr_geography_anticipation1
2020,2023,-1046.678066235016,,1,25-35km,dr_geography_anticipation1
2020,2024,-153.8137722720736,,1,25-35km,dr_geography_anticipation1
2020,2025,-460.74880224577976,,1,25-35km,dr_geography_anticipation1
2021,2002,1202.8957668204891,,1,25-35km,dr_geography_anticipation1
2021,2003,900.0026090689023,,1,25-35km,dr_geography_anticipation1
2021,2004,2429.934143121105,,1,25-35km,dr_geography_anticipation1
2021,2005,1143.947796080371,,1,25-35km,dr_geography_anticipation1
2021,2006,1288.5669500455679,,1,25-35km,dr_geography_anticipation1
2021,2007,330.6361325699899,,1,25-35km,dr_geography_anticipation1
2021,2008,484.9890379510791,,1,25-35km,dr_geography_anticipation1
2021,2009,907.3043739137164,,1,25-35km,dr_geography_anticipation1
2021,2010,465.127002669561,,1,25-35km,dr_geography_anticipation1
2021,2011,1074.7471144192502,,1,25-35km,dr_geography_anticipation1
2021,2012,1417.6362168114993,,1,25-35km,dr_geography_anticipation1
2021,2013,272.2481142702894,,1,25-35km,dr_geography_anticipation1
2021,2014,344.7168050170236,,1,25-35km,dr_geography_anticipation1
2021,2015,438.25913693772014,,1,25-35km,dr_geography_anticipation1
2021,2016,737.9279960542567,,1,25-35km,dr_geography_anticipation1
2021,2017,1104.9842705393626,,1,25-35km,dr_geography_anticipation1
2021,2018,-65.1898936375575,,1,25-35km,dr_geography_anticipation1
2021,2019,0.0,,1,25-35km,dr_geography_anticipation1
2021,2020,-539.230705860505,,1,25-35km,dr_geography_anticipation1
2021,2021,-291.5862865709129,,1,25-35km,dr_geography_anticipation1
2021,2022,-235.16397046816303,,1,25-35km,dr_geography_anticipation1
2021,2023,823.5795330734708,,1,25-35km,dr_geography_anticipation1
2021,2024,502.07462953358197,,1,25-35km,dr_geography_anticipation1
2021,2025,515.7372642590234,,1,25-35km,dr_geography_anticipation1
2024,2002,69.328268816335,,1,25-35km,dr_geography_anticipation1
2024,2003,774.0582754066091,,1,25-35km,dr_geography_anticipation1
2024,2004,159.18248796280005,,1,25-35km,dr_geography_anticipation1
2024,2005,373.44147716686246,,1,25-35km,dr_geography_anticipation1
2024,2006,359.41705103650406,,1,25-35km,dr_geography_anticipation1
2024,2007,348.83492234143,,1,25-35km,dr_geography_anticipation1
2024,2008,252.08060934480343,,1,25-35km,dr_geography_anticipation1
2024,2009,296.18911923256877,,1,25-35km,dr_geography_anticipation1
2024,2010,545.0384959801745,,1,25-35km,dr_geography_anticipation1
2024,2011,135.06333370000607,,1,25-35km,dr_geography_anticipation1
2024,2012,304.3757634695758,,1,25-35km,dr_geography_anticipation1
2024,2013,82.46675563383175,,1,25-35km,dr_geography_anticipation1
2024,2014,178.88947377057718,,1,25-35km,dr_geography_anticipation1
2024,2015,121.10123725718188,,1,25-35km,dr_geography_anticipation1
2024,2016,891.2844143780678,,1,25-35km,dr_geography_anticipation1
2024,2017,910.3085174240578,,1,25-35km,dr_geography_anticipation1
2024,2018,26.091526266744474,,1,25-35km,dr_geography_anticipation1
2024,2019,-116.81136254126416,,1,25-35km,dr_geography_anticipation1
2024,2020,-251.64759848358824,,1,25-35km,dr_geography_anticipation1
2024,2021,-263.34267856454215,,1,25-35km,dr_geography_anticipation1
2024,2022,0.0,,1,25-35km,dr_geography_anticipation1
2024,2023,168.11612817115684,,1,25-35km,dr_geography_anticipation1
2024,2024,-111.95521140221133,,1,25-35km,dr_geography_anticipation1
2024,2025,-195.39438498989392,,1,25-35km,dr_geography_anticipation1
2025,2002,-520.5296826560041,,1,25-35km,dr_geography_anticipation1
2025,2003,810.9093375923553,,1,25-35km,dr_geography_anticipation1
2025,2004,266.2570067387089,,1,25-35km,dr_geography_anticipation1
2025,2005,922.585640254194,,1,25-35km,dr_geography_anticipation1
2025,2006,1761.2212192551651,,1,25-35km,dr_geography_anticipation1
2025,2007,403.3360998168775,,1,25-35km,dr_geography_anticipation1
2025,2008,433.2376552020158,,1,25-35km,dr_geography_anticipation1
2025,2009,193.09737082406616,,1,25-35km,dr_geography_anticipation1
2025,2010,661.0276838316836,,1,25-35km,dr_geography_anticipation1
2025,2011,1356.1604459167318,,1,25-35km,dr_geography_anticipation1
2025,2012,-184.03173717924835,,1,25-35km,dr_geography_anticipation1
2025,2013,-645.7796060965471,,1,25-35km,dr_geography_anticipation1
2025,2014,-714.3760974190557,,1,25-35km,dr_geography_anticipation1
2025,2015,-558.795233524763,,1,25-35km,dr_geography_anticipation1
2025,2016,688.7554017798749,,1,25-35km,dr_geography_anticipation1
2025,2017,274.28946064525036,,1,25-35km,dr_geography_anticipation1
2025,2018,961.8813103912177,,1,25-35km,dr_geography_anticipation1
2025,2019,51.25818028914662,,1,25-35km,dr_geography_anticipation1
2025,2020,-151.7021684365605,,1,25-35km,dr_geography_anticipation1
2025,2021,-747.4192491966057,,1,25-35km,dr_geography_anticipation1
2025,2022,-257.2921283998472,,1,25-35km,dr_geography_anticipation1
2025,2023,0.0,,1,25-35km,dr_geography_anticipation1
2025,2024,-697.6640096631214,,1,25-35km,dr_geography_anticipation1
2025,2025,-404.32055486528475,,1,25-35km,dr_geography_anticipation1
