group,time,att_diffdiff,se_traditional,event_time,att_no_covariate_recomputed,spatial_hac_se,hac_n_units,hac_n_pairs_used,hac_truncated,se_ratio_hac_to_traditional,ci_low_traditional,ci_high_traditional,ci_low_spatial_hac,ci_high_spatial_hac,t_traditional,t_spatial_hac,p_traditional,p_spatial_hac,sig_traditional,sig_spatial_hac
2002,2002,-34.43549227014519,20.70931855402526,0,-162.18577682583742,25.17539292640774,276246,50000000,True,1.215655303226499,-75.0257566360347,6.15477209574432,-83.77926240590435,14.908277865613975,-1.6628018049126962,-1.367823428647426,0.09635211523561414,0.17136735230987457,.,
2002,2003,337.5362894975004,17.17973675508743,1,318.617215708824,20.574243050030937,276246,50000000,True,1.1975877944659596,303.864005457529,371.20857353747175,297.21077311943975,377.861805875561,19.647349334240868,16.405769518553093,6.0911828739641134e-86,1.7390915691663519e-60,***,***
2002,2004,-304.88123269954656,21.586349539419984,2,-346.0016414871454,25.558176888326845,276246,50000000,True,1.1839971756991008,-347.1904777968097,-262.5719876022834,-354.97525940066714,-254.78720599842595,-14.123797640855702,-11.928911597712379,2.709854962664533e-45,8.3660151912888e-33,***,***
2002,2005,6.7000437236650825,19.83679975557358,3,-54.25024561828461,22.843927411593967,276246,50000000,True,1.1515933866890737,-32.18008379725914,45.5801712445893,-38.07405400305909,51.474141450389254,0.3377582980229742,0.2932964898262027,0.7355453382198194,0.7692955364520515,,
2002,2006,237.36178942969343,20.714556489802515,4,289.00759289657697,22.906442838839613,276246,50000000,True,1.1058138198670164,196.7612587096805,277.96232014970633,192.4651614655678,282.25841739381906,11.458695219786303,10.362228264758267,2.1269484701971725e-30,3.682808960947101e-25,***,***
2002,2007,-424.7563947949131,24.53093583773652,5,-558.1561210101399,31.01192152650438,276246,50000000,True,1.2641964306472975,-472.8370290368767,-376.6757605529495,-485.53976098686167,-363.9730286029645,-17.31513210928954,-13.696551967342446,3.616913547738163e-67,1.0646106626430995e-42,***,***
2002,2008,-353.7660308045112,26.240760305526393,6,-548.074528596696,33.79534211138926,276246,50000000,True,1.287894928268212,-405.19792100334297,-302.33414060567947,-420.00490134283416,-287.5271602661883,-13.481546520967493,-10.467893168191651,2.0085218200754542e-41,1.2131288932648765e-25,***,***
2002,2009,-57.69074761870855,21.624581773118948,7,-56.89645892516829,23.755253861722554,276246,50000000,True,1.098530094637585,-100.07492789402168,-15.306567343395415,-104.25104518768475,-11.130450049732346,-2.6678318324945676,-2.4285468787040463,0.007634245928352336,0.0151594651827934,**,*
2002,2010,51.889408674327704,21.400093210083437,8,31.004548939415386,23.224849072881277,276246,50000000,True,1.0852685941544422,9.945225982564168,93.83359136609124,6.3687044914804005,97.41011285717501,2.4247281619258607,2.2342194135038267,0.015319853284438575,0.025468639679814307,*,*
2002,2011,74.01628807154145,21.61258550196114,9,42.95436223664463,24.070391635173824,276246,50000000,True,1.1137210600272542,31.655620487697625,116.37695565538527,26.838320466600763,121.19425567648214,3.4246845693137997,3.0749930949765765,0.0006155135974421769,0.002105074272422935,***,**
2002,2012,85.89197186403558,22.81528660460863,10,81.91763931065502,24.846213932274935,276246,50000000,True,1.0890160778105704,41.174010119002666,130.6099336090685,37.19339255677671,134.59055117129446,3.764667670082462,3.4569440679436045,0.00016677073349523748,0.0005463382323301378,***,***
2002,2013,97.84223113277179,21.12060993190689,11,-5.623531063406393,23.636239817784727,276246,50000000,True,1.119107823779155,56.44583566623428,139.2386265993093,51.515201089913724,144.16926117562986,4.632547613360426,4.13950069414814,3.6119323022944386e-06,3.4806254771699646e-05,***,***
2002,2014,-245.4988945544966,23.87798454865257,12,-372.64084828330334,28.096796338757656,276246,50000000,True,1.176682072203751,-292.29974426985564,-198.69804483913754,-300.5686153784616,-190.42917373053157,-10.28139096305555,-8.737611633531587,8.548485887342245e-25,2.3809037449954347e-18,***,***
2002,2015,107.69758441253576,20.90988488038244,13,16.47985896132787,23.678299624854372,276246,50000000,True,1.132397416834621,66.71421004698618,148.68095877808534,61.28811714782119,154.10705167725033,5.150558457334079,4.548366484031183,2.5971196523731557e-07,5.4063926334951935e-06,***,***
2002,2016,-363.8999495767267,65.09825539311531,14,-507.49573401817463,68.63610901574845,276246,50000000,True,1.0543463661394419,-491.49253014723274,-236.3073690062207,-498.4267232475937,-229.37317590585977,-5.59001078261173,-5.3018732383741405,2.2705551260377085e-08,1.1462042142554084e-07,***,***
2002,2017,-1198.1948345092555,44.44276302716444,15,-1348.1090281738964,56.320064969396434,276246,50000000,True,1.2672494042499634,-1285.3026500424978,-1111.0870189760133,-1308.5821618492726,-1087.8075071692385,-26.960403739454527,-21.2747416957054,4.307674905545554e-160,1.945819045586558e-100,***,***
2002,2018,-878.2651994518175,32.32994378717885,16,-946.2085539553459,38.80539947417196,276246,50000000,True,1.2002928223327471,-941.631889274688,-814.898509628947,-954.3237824211946,-802.2066164824404,-27.165689035318177,-22.632551432343117,1.6526136849094937e-162,2.0725919767352555e-113,***,***
2002,2019,-647.6903956072135,27.725425478329964,17,-748.1856650434969,74.86758841031424,276246,50000000,True,2.700322433963379,-702.0322295447403,-593.3485616696868,-794.4308688914294,-500.9499223229976,-23.360882094070828,-8.651145433689214,1.0683620659047122e-120,5.098507836781295e-18,***,***
2002,2020,-1012.5627872335076,42.32868217516945,18,-1111.995093840008,50.71261689839713,276246,50000000,True,1.1980674637715465,-1095.5270042968398,-929.5985701701754,-1111.9595163543659,-913.1660581126492,-23.92143424270104,-19.966683818785768,1.8329146400587108e-126,1.0734820144492173e-88,***,***
2002,2021,-632.5777918327015,29.04277212027011,19,-700.6422168370148,33.77534670834694,276246,50000000,True,1.1629518893196071,-689.5016251884308,-575.6539584769721,-698.7774713810614,-566.3781122843415,-21.780902636053813,-18.72897996562599,3.520676412617656e-105,2.873692461091051e-78,***,***
2002,2022,-440.2474328509129,28.690368237750953,20,-492.2890102325623,31.929800178880765,276246,50000000,True,1.1129100858617544,-496.48055459690477,-384.01431110492103,-502.82984120151923,-377.6650245003066,-15.34478153792508,-13.7879795797189,3.8384940380092795e-53,3.010744282934687e-43,***,***
2002,2023,37.72984182426839,63.08311520605494,21,-1.5846241172876603,63.51752071602625,276246,50000000,True,1.0068862406137105,-85.91306397959929,161.37274762813607,-86.76449877914305,162.22418242767984,0.5980973149634016,0.5940068409305638,0.5497750017472995,0.5525075374907766,,
2002,2024,-40.62393328720512,46.103345497004995,22,-55.534535370226166,46.59937857178464,276246,50000000,True,1.0107591557495945,-130.9864904613349,49.73862388692467,-131.95871528790303,50.71084871349278,-0.8811493580188051,-0.871769850420332,0.37823698510792647,0.38333394542347604,,
2002,2025,-42.5100340304827,41.64638612361168,23,-42.51003403048247,42.20740370801327,276246,50000000,True,1.0134709787960092,-124.13695083276158,39.116882771796185,-125.2365452981887,40.2164772372233,-1.0207376434610103,-1.0071700767136258,0.30737875468485754,0.3138530501569388,,
2003,2002,-5092.825255269937,1774.9451754134159,-1,0.0,0.0,265045,50000000,True,0.0,-8571.717799080232,-1613.9327114596417,-5092.825255269937,-5092.825255269937,-2.8692859508090036,-inf,0.004113996817945501,,**,
2003,2003,116.53616924262792,137.72885176534731,0,224.04121998337962,138.9092812566609,265045,50000000,True,1.008570676921962,-153.41238021745284,386.4847187027087,-155.72602202042742,388.79836050568326,0.8461275016012912,0.8389372415461969,0.3974816202146149,0.4015045279718306,,
2003,2004,202.68853995313503,255.07309168049358,1,287.7798383390852,255.47247263150513,265045,50000000,True,1.0015657510103488,-297.25471974063237,702.6317996469024,-298.037506404615,703.414586310885,0.7946292516304471,0.793387005125574,0.4268291975206663,0.42755237949692676,,
2003,2005,497.9566296265109,311.9227135817152,2,564.5308502764228,312.23607678962594,265045,50000000,True,1.0010046181129695,-113.4118889936509,1109.3251482466726,-114.02608088115596,1109.9393401341777,1.596410289935683,1.59480811681482,0.11039722026392249,0.11075515140874563,,
2003,2006,158.87108441778895,196.09429183219137,3,336.8231150179578,196.66984608199328,265045,50000000,True,1.0029350892594795,-225.47372757330612,543.215896408884,-226.60181390291785,544.3439827384957,0.8101769966549748,0.8078060138998343,0.4178384563685007,0.41920226257561083,,
2003,2007,-685.8816997906729,145.67907843191267,4,-697.0039664199387,146.75332582255163,265045,50000000,True,1.0073740677261425,-971.4126935172217,-400.35070606412404,-973.518218402874,-398.2451811784717,-4.708168854261661,-4.673704639716405,2.499520141530183e-06,2.9581466727303385e-06,***,***
2003,2008,-245.76257794034547,206.34345804635956,5,-315.24530906025313,207.2561458753074,265045,50000000,True,1.0044231488489583,-650.1957557112103,158.67059983051928,-651.984623855948,160.45946797525704,-1.1910364412189387,-1.1857915088713697,0.23363927933925333,0.23570464559704732,,
2003,2009,159.94478343388147,206.99798759239664,6,278.4673869058048,207.3895488571796,265045,50000000,True,1.0018916187028541,-245.77127224721596,565.6608391149789,-246.53873232619054,566.4282991939535,0.7726876251030592,0.7712287543671195,0.4397072720954332,0.44057135337250014,,
2003,2010,98.73112765228926,217.20294825641506,7,194.71892557250925,217.60466020461402,265045,50000000,True,1.0018494774192694,-326.9866509302842,524.4489062348628,-327.7740063487542,525.2362616533327,0.45455703269614,0.453717891700721,0.649427952422716,0.6500318876489679,,
2003,2011,325.05603618754435,267.0671579072856,8,393.9275721432068,267.40731140941847,265045,50000000,True,1.0012736627925285,-198.39559331073542,848.5076656858241,-199.0622941749158,849.1743665500045,1.2171321952674916,1.2155839512176307,0.22355392296294618,0.22414345078256323,,
2003,2012,3818.382204319346,804.0311565244068,9,3911.264877123397,804.1378121681395,265045,50000000,True,1.0001326511328164,2242.4811375315085,5394.283271107183,2242.2720924697924,5394.492316168899,4.7490475628147335,4.7484176798304185,2.0437687675708114e-06,2.050143024927185e-06,***,***
2003,2013,7.378406509240449,146.7312481391439,10,-1.0372412221610148,147.46331100926858,265045,50000000,True,1.004989140891315,-280.21483984348157,294.97165286196247,-281.649683068926,296.4064960874069,0.05028517512672947,0.050035540764283334,0.959895137359104,0.9600940663459637,,
2003,2014,220.84903505406209,357.8118815564139,11,185.93675283603048,358.09489737039223,265045,50000000,True,1.0007909625939397,-480.46225279650906,922.1603229046332,-481.0169637919067,922.7150339000309,0.6172210774371456,0.6167332644944921,0.5370889150556557,0.5374106764452046,,
2003,2015,-76.84626695139397,147.69381940341856,12,-75.83432089182699,148.4188621087817,265045,50000000,True,1.0049090930703248,-366.3261529820943,212.63361907930638,-367.74723668460604,214.05470278181812,-0.5203079401819253,-0.5177661778263095,0.6028489625850577,0.6046214190143153,,
2003,2016,-779.5916779206964,161.13598780142834,13,-830.9577908513693,162.49895742026976,265045,50000000,True,1.0084585053744854,-1095.4182140114958,-463.76514182989683,-1098.0896344644252,-461.09372137696766,-4.83809786105265,-4.797518029019993,1.3108759910764937e-06,1.6064375400028579e-06,***,***
2003,2017,-1389.1382647317478,194.0730747662074,14,-1446.8227868856138,196.43265274498037,265045,50000000,True,1.0121581934104742,-1769.5214912735144,-1008.7550381899812,-1774.1462641119092,-1004.1302653515862,-7.1578103578004875,-7.071829684727636,8.197584853466157e-13,1.529040199962703e-12,***,***
2003,2018,-1003.2492317686222,170.71839239347136,15,-1003.1737673524472,171.83154228327973,265045,50000000,True,1.0065203864340684,-1337.857280859826,-668.6411826774183,-1340.0390546438505,-666.4594088933939,-5.876632375124149,-5.838562690164741,4.186966135441206e-09,5.265307096710973e-09,***,***
2003,2019,-569.9700790836596,224.82774551048698,16,-602.4132911828856,235.67684380569932,265045,50000000,True,1.0482551576122365,-1010.6324602842141,-129.3076978831051,-1031.8966929428302,-108.0434652244889,-2.5351411934923913,-2.418439036605412,0.01124020112549513,0.015587257219530927,*,*
2003,2020,-1289.258139494445,156.819738692096,17,-1336.6273765180856,158.5305397716921,265045,50000000,True,1.01090934785292,-1596.6248273309532,-981.8914516579368,-1599.9779974469616,-978.5382815419284,-8.221274631925056,-8.132553773873294,2.0135158887888835e-16,4.203396330878718e-16,***,***
2003,2021,-730.9649995502855,164.85472432384447,18,-749.350575327177,165.35628037509906,265045,50000000,True,1.0030424123622284,-1054.0802592250207,-407.8497398755503,-1055.0633090854797,-406.8666900150913,-4.433994855460501,-4.42054573247622,9.250283424493338e-06,9.845194628265093e-06,***,***
2003,2022,-676.9552191970356,144.0731368913382,19,-679.317947351263,144.58645136327505,265045,50000000,True,1.0035628742665885,-959.3385675040585,-394.57187089001275,-960.3446638690547,-393.56577452501654,-4.698691468817007,-4.682010055673738,2.6183364998201913e-06,2.8407554233325156e-06,***,***
2003,2023,160.1652217109629,393.21271811300886,20,170.52960499682877,393.2919367005928,265045,50000000,True,1.0002014649677766,-610.5317057905345,930.8621492124603,-610.6869742221991,931.0174176441249,0.4073246218473829,0.40724257673478376,0.6837695812586926,0.6838298333891256,,
2003,2024,-172.52766072618468,169.58968140589528,21,-184.5618284494761,169.75700798772763,265045,50000000,True,1.0009866554406213,-504.92343628173944,159.86811482937006,-505.2513963821308,160.19607492976147,-1.017324045283496,-1.016321286356893,0.30899930153503624,0.30947641526432285,,
2003,2025,-225.157109465111,152.85853499393414,22,-225.15710946511098,152.92378878716815,265045,50000000,True,1.0004268900865536,-524.7598380532219,74.44561912299989,-524.8877354879605,74.57351655773854,-1.4729770207077144,-1.472348489733495,0.14075723209256935,0.1409267953709394,,
2004,2002,-1848.5334901675506,592.2695212189385,-2,-661.8156172417284,140.53289390017713,264993,50000000,True,0.2372786187122192,-3009.38175175667,-687.6852285784312,-2123.9779622118976,-1573.0890181232035,-3.121101836142301,-13.153742436134525,0.0018017571530875428,1.6195567455576953e-39,**,***
2004,2003,554.3742246783677,139.36643759530997,-1,0.0,0.0,264993,50000000,True,0.0,281.21600699156016,827.5324423651753,554.3742246783677,554.3742246783677,3.9778172868861774,inf,6.95507820289404e-05,,***,
2004,2004,97.87297305840286,628.9850200095657,0,75.52287888099238,629.238054799786,264993,50000000,True,1.0004022906463121,-1134.937666160346,1330.6836122771515,-1135.4336143491778,1331.1795604659833,0.15560461687452334,0.1555420437652083,0.8763446855359566,0.876394011112416,,
2004,2005,-24.031229987287247,272.09061350850163,1,-65.23727723501042,272.4088433824123,264993,50000000,True,1.001169573142591,-557.3288324639504,509.26637248937595,-557.9525630168152,509.89010304224075,-0.08832068727918972,-0.08821751044826319,0.9296217971340668,0.929703800250459,,
2004,2006,297.0017815362927,337.6057311951047,2,364.76446755046913,337.72536310624474,264993,50000000,True,1.0003543539107485,-364.70545160611243,958.7090146786978,-364.939930151947,958.9434932245324,0.8797296790102574,0.8794180537837164,0.3790057674047121,0.379174646799867,,
2004,2007,-295.73553443555954,348.6380808137639,3,-413.8339872699846,349.4275011290608,264993,50000000,True,1.0022642974440836,-979.0661728305367,387.59510395941766,-980.6134366485187,389.1423677773996,-0.8482594148788241,-0.8463430424908939,0.39629351468699836,0.39736140276134674,,
2004,2008,-21.391914492706746,490.77094877083385,4,-197.09613888330375,491.45409060129595,264993,50000000,True,1.0013919769134116,-983.3029740835411,940.5191450981276,-984.6419320712467,941.8581030858332,-0.04358838791555229,-0.04352779822533099,0.9652325080022802,0.9652808057410744,,
2004,2009,275.40455072279394,409.6169943855104,5,296.1574304437356,409.8175362063677,264993,50000000,True,1.0004895837419006,-527.4447582728064,1078.2538597183943,-527.8378202416868,1078.6469216872747,0.6723464956231708,0.6720174867873668,0.5013631361815668,0.5015725639579627,,
2004,2010,-205.03882162382786,289.263810976748,6,-207.41755726179957,289.4746556972577,264993,50000000,True,1.0007289011362939,-771.9958911382539,361.9182478905982,-772.4091467904528,362.3315035427971,-0.7088298426667329,-0.7083135521137448,0.4784300761644077,0.47875056306727826,,
2004,2011,245.2640851999182,359.49314179687036,7,222.6013758870023,359.70582776080954,264993,50000000,True,1.0005916273197204,-459.34247272194773,949.8706431217842,-459.75933721126853,950.287507611105,0.6822496918133235,0.6818462929185828,0.4950810781792137,0.49533614863327685,,
2004,2012,959.2729856971304,593.6132224735094,8,965.2958969707013,593.730181271528,264993,50000000,True,1.0001970286267061,-204.20893035094798,2122.754901745209,-204.43816959506432,2122.984140989325,1.6159899230343355,1.6156715894798523,0.10609649192298964,0.10616533666711743,,
2004,2013,-274.5979709438552,205.06690361637487,9,-365.0624307486551,205.40064489263142,264993,50000000,True,1.001627475084331,-676.52910203195,127.33316014423951,-677.1832349334128,127.98729304570236,-1.3390652811413895,-1.3368895267461072,0.18054942182794645,0.18125869998188987,,
2004,2014,1051.0099670154673,1138.9047986933754,10,934.0410699653405,1139.062461969207,264993,50000000,True,1.0001384341132047,-1181.2434384235485,3283.263372454483,-1181.5524584441787,3283.5723924751132,0.9228251283349173,0.9226973955392095,0.3560983434453262,0.35616492349794393,,
2004,2015,-291.059502172826,266.4178366680223,11,-372.10417094535376,266.69228027985656,264993,50000000,True,1.0010301247666695,-813.2384620421496,231.11945769649765,-813.7763715213448,231.6573671756928,-1.0924925515985973,-1.0913683060769492,0.2746166625784968,0.2751108525836241,,
2004,2016,-618.653526254632,476.1744667634336,12,-752.0762540173996,476.8586647787852,264993,50000000,True,1.0014368641393188,-1551.955481110962,314.6484286016979,-1553.296509221051,315.98945671178706,-1.299216084515474,-1.2973519659994548,0.1938697830789665,0.19451011176488883,,
2004,2017,-688.6393276991913,758.8579203564598,13,-828.3804646851524,759.9460742355197,264993,50000000,True,1.0014339362479723,-2176.0008515978525,798.7221961994697,-2178.13363320081,800.8549778024275,-0.9074680638184753,-0.9061686757076012,0.36415933041237536,0.36484658005407106,,
2004,2018,-896.3016344489964,223.14434335719997,14,-969.9594770543756,224.83956663824915,264993,50000000,True,1.0075969807504175,-1333.6645474291083,-458.93872146888447,-1336.9871850599648,-455.6160838380281,-4.016689919019076,-3.9864052748824315,5.902130148617549e-05,6.708189133371752e-05,***,***
2004,2019,-9.473887011602415,883.9689259833154,15,-115.6696454823774,886.6830278044966,264993,50000000,True,1.0030703588569723,-1742.0529819389008,1723.1052079156957,-1747.3726215084157,1728.424847485211,-0.01071744349052065,-0.010684637818162115,0.9914488810099945,0.9914750546508305,,
2004,2020,-1550.5637606111693,248.34024106520346,16,-1641.7254690318737,250.7238773199017,264993,50000000,True,1.0095982682648375,-2037.310633098968,-1063.8168881233705,-2041.9825601581765,-1059.144961064162,-6.243707237942392,-6.184348204829274,4.273194859182689e-10,6.235958491420404e-10,***,***
2004,2021,-988.9249987844355,277.93654746251116,17,-1054.6072882457734,278.92934509926573,264993,50000000,True,1.00357202982414,-1533.6806318109575,-444.1693657579136,-1535.6265151789962,-442.2234823898747,-3.558096291448768,-3.5454319029519668,0.00037355238091886663,0.0003919702519225164,***,***
2004,2022,-837.9294502993421,261.46473777197195,18,-887.5888921380161,262.1526369122262,264993,50000000,True,1.0026309442187733,-1350.400336332407,-325.4585642662771,-1351.7486186473054,-324.11028195137874,-3.2047512694813753,-3.196341872311195,0.0013517924227422686,0.0013918209258429058,**,**
2004,2023,-428.82644635813455,328.4645266138264,19,-465.7587767567155,328.7116682532263,264993,50000000,True,1.0007524150079392,-1072.6169185212343,214.96402580496527,-1073.101316134458,215.44842341818907,-1.3055487323972217,-1.304567156489814,0.19170606451875616,0.1920402779836565,,
2004,2024,-713.1474828036155,207.46176053534134,20,-729.2727589224475,207.7746479921501,264993,50000000,True,1.0015081692934706,-1119.7725334528845,-306.52243215434646,-1120.3857928682296,-305.9091727390013,-3.4374888218599207,-3.4323123138226124,0.0005871349531040968,0.0005984579494471668,***,***
2004,2025,-436.2633186782462,403.0868748295442,21,-436.263318678246,403.2875498745964,264993,50000000,True,1.0004978456446567,-1226.3135933441529,353.7869559876604,-1226.706916432455,354.1802790759627,-1.0823059392909569,-1.0817673861092507,0.279116607765145,0.27935590183906944,,
2005,2002,426.07760022116895,234.7745751738826,-3,641.9915676672573,237.68784629118684,266056,50000000,True,1.0124088015712374,-34.08056711964093,886.2357675619788,-39.790578509557236,891.9457789518951,1.814837061916097,1.7925931294744848,0.06954895298571377,0.07303800580579085,.,.
2005,2003,-109.64946951904335,261.4978465476206,-2,640.1861826300318,130.21956134105952,266056,50000000,True,0.4979756547147917,-622.1852487523797,402.886309714293,-364.87980974751997,145.5808707094333,-0.41931308791514427,-0.8420353162752499,0.6749873327383176,0.39976818562561117,,
2005,2004,-619.7525697951354,128.993397968438,-1,0.0,0.0,266056,50000000,True,0.0,-872.5796298132739,-366.92550977699693,-619.7525697951354,-619.7525697951354,-4.804529375579175,-inf,1.5511592719776925e-06,,***,
2005,2005,672.1877451459951,167.28812723554003,0,651.415310733168,167.806930182277,266056,50000000,True,1.0031012538385733,344.30301576433664,1000.0724745276536,343.2861619887322,1001.0893283032581,4.018143763421785,4.005721005776366,5.86584067313149e-05,6.182859300218004e-05,***,***
2005,2006,542.4839966829635,150.25874395512918,1,633.2048194275899,151.04327213990112,266056,50000000,True,1.0052211815706793,247.9768585309103,836.9911348350167,246.4391832887573,838.5288100771697,3.6103323001619265,3.591580008810306,0.0003058049694782129,0.0003286792370767555,***,***
2005,2007,-3.661882676778859,128.38311910344478,2,-105.48723119108733,129.40365183256074,266056,50000000,True,1.0079491192942092,-255.29279611953064,247.9690307659729,-257.2930402685979,249.96927491504016,-0.02852308545197671,-0.028298140160040296,0.9772449559897887,0.9774243639445349,,
2005,2008,-212.28539850264752,116.05503773835532,3,-375.5348902869956,117.46565365298963,266056,50000000,True,1.0121547150569588,-439.75327246982397,15.18247546452892,-442.5180796625072,17.947282657212156,-1.8291786607423486,-1.807212507664317,0.06737284810465217,0.07072915148731328,.,.
2005,2009,219.03895171169154,117.50120234715122,4,239.61396391210002,118.11882938332164,266056,50000000,True,1.0052563465209972,-11.263404888724864,449.3413083121079,-12.473953879618875,450.55185730300195,1.8641422158775218,1.8543948738338902,0.06230173547323116,0.06368268765705117,.,.
2005,2010,416.2656955630858,117.17477204300437,5,414.1608783177493,117.84867546672317,266056,50000000,True,1.0057512672051239,186.60314235879724,645.9282487673743,185.2822916483084,647.2490994778632,3.5525197813938303,3.53220512589152,0.0003815603288063734,0.0004121095497805476,***,***
2005,2011,176.56492357916943,112.91736431213823,6,193.4806080913629,113.7742205383731,266056,50000000,True,1.007588347739558,-44.7531104726215,397.8829576309604,-46.43254867604185,399.5623958343807,1.5636649389999029,1.5518886681330297,0.11789627566850912,0.12068886479972514,,
2005,2012,491.2390880411216,132.85985371332038,7,533.6947791437271,133.50367845865154,266056,50000000,True,1.0048458938297522,230.83377476301365,751.6444013192295,229.5718782621646,752.9062978200786,3.6974230688308407,3.6795921559065285,0.0002177991937070235,0.00023360725998331357,***,***
2005,2013,92.70193255403711,113.99030426376804,8,32.653421248504685,114.92912770265283,266056,50000000,True,1.008235993797441,-130.71906380294823,316.1229289110224,-132.55915774316244,317.9630228512367,0.8132440136270654,0.8066008539965395,0.41607816919857904,0.41989648157466963,,
2005,2014,64.50819503742048,220.60920260423035,9,-21.921493005562965,221.03908956549589,266056,50000000,True,1.0019486356697311,-367.885842066871,496.902232141712,-368.7284205109514,497.7448105857924,0.2924093567988967,0.2918406656678981,0.7699736550158485,0.770408451288611,,
2005,2015,82.48345958008781,122.87553955102533,10,31.977999814703082,123.80863031411893,266056,50000000,True,1.0075937877180683,-158.35259793992182,323.3195171000974,-160.1814558355853,325.14837499576095,0.6712764792852504,0.6662173660335012,0.5020444155674353,0.5052721744623058,,
2005,2016,-334.1345775827403,141.16984399763473,11,-437.01809633836496,142.4446480425263,266056,50000000,True,1.0090302858513673,-610.8274718181044,-57.44168334737623,-613.3260877460918,-54.94306741938874,-2.366897689483447,-2.3457152106057766,0.017937890788464295,0.018990611617909943,*,*
2005,2017,-833.5418940349595,293.5103446014863,12,-942.7438220137773,294.93764425538825,266056,50000000,True,1.0048628597940557,-1408.8221694538724,-258.26161861604635,-1411.6196767755205,-255.46411129439855,-2.8399063588941,-2.8261631238676017,0.0045126778513528655,0.004710926689801346,**,**
2005,2018,-477.44017353750394,152.09968693680113,13,-514.5554919056887,153.02310784165206,266056,50000000,True,1.006071155854743,-775.5555599336342,-179.32478714137375,-777.365464907142,-177.5148821678659,-3.1389951100680755,-3.1200527833453617,0.001695282767896408,0.0018081863562966097,**,**
2005,2019,-618.5581758569122,114.38812807954174,14,-688.1540524328879,134.59189478926754,266056,50000000,True,1.1766246816774268,-842.7589068928139,-394.35744482101035,-882.3582896438766,-354.75806206994775,-5.407538231824085,-4.595805541079554,6.389690634223811e-08,4.31080593012686e-06,***,***
2005,2020,-1006.6114887021906,138.61170585083428,15,-1093.3237418639203,140.32109192315903,266056,50000000,True,1.0123321912953318,-1278.2904321698259,-734.9325452345554,-1281.6408288715822,-731.582148532799,-7.262095813072572,-7.173629244942159,3.811380547976989e-13,7.30352365756276e-13,***,***
2005,2021,-465.74680329097106,138.14298003261734,16,-510.8965981387382,138.68927191112724,266056,50000000,True,1.0039545395530116,-736.507044154901,-194.98656242704106,-737.5777762367804,-193.91583034516168,-3.3714836843754363,-3.358203535666579,0.0007476446705181721,0.0007845082426468118,***,***
2005,2022,-498.8213450038056,112.14036991787651,17,-527.9482922289088,112.8602204707614,266056,50000000,True,1.0064191918879175,-718.6164700428436,-279.0262199647676,-720.027377126498,-277.61531288111325,-4.448187083466072,-4.419815440047229,8.659808998789875e-06,9.878523071122993e-06,***,***
2005,2023,-154.25817749320387,118.78171900839381,18,-170.65801327821399,119.06998119772433,266056,50000000,True,1.002426822845611,-387.07034674965576,78.55399176324798,-387.63534064074355,79.1189856543358,-1.2986693472781203,-1.2955253367937212,0.19405742789188216,0.19513906678050041,,
2005,2024,-85.70499972863828,128.5067530355461,19,-110.5649162151496,128.77936909374324,266056,50000000,True,1.0021214142584534,-337.5782356783086,166.16823622103206,-338.11256315237506,166.70256369509846,-0.6669299293939169,-0.6655180898288954,0.5048168923486729,0.5057191771141563,,
2005,2025,-43.35138943849131,125.9834092994313,20,-43.35138943849125,126.08767745006159,266056,50000000,True,1.0008276339814115,-290.27887166537664,203.57609278839405,-290.483237240612,203.7804583636294,-0.34410395527125176,-0.3438193986534577,0.7307681084662377,0.7309821106177146,,
2006,2002,-560.6965612721585,446.48293225762797,-4,533.9054519045749,407.05538174041294,265725,50000000,True,0.9116930398260673,-1435.8031084971094,314.4099859527922,-1358.525109483368,237.13198693905076,-1.2558073797737634,-1.377445395451682,0.20918581533798533,0.16837458603079394,,
2006,2003,-1108.913941574378,426.78738884625557,-3,-465.1027015683877,375.82219248349594,265725,50000000,True,0.8805841088685047,-1945.4172237130388,-272.4106594357171,-1845.5254388420299,-372.302444306726,-2.5982818859107604,-2.9506345387601756,0.009369154610469074,0.003171218989725448,**,**
2006,2004,1164.265016315358,442.23695478322855,-2,674.2913617255667,423.83098925277835,265725,50000000,True,0.9583798564742916,297.4805849402301,2031.049447690486,333.55627737991244,1994.9737552508036,2.632672380095522,2.747003040924351,0.008471602126738248,0.006014257685303255,**,**
2006,2005,-654.9414008251008,423.62692640598743,-1,0.0,0.0,265725,50000000,True,0.0,-1485.250176580836,175.36737493063458,-654.9414008251008,-654.9414008251008,-1.5460334553838786,-inf,0.12209648826041171,,,
2006,2006,224.28195136917267,413.0461857367,0,334.35273501426474,413.1890722555085,265725,50000000,True,1.0003459335148046,-585.2885726747593,1033.8524754131047,-585.568630251624,1034.1325329899694,0.5429948492785337,0.5428070741195228,0.5871333487954469,0.5872626420613964,,
2006,2007,-371.6025511921362,381.3340759004373,1,-450.5756638576353,381.73977490417417,265725,50000000,True,1.001063893917109,-1119.0173399569933,375.8122375727209,-1119.8125100043176,376.6074076200452,-0.9744803170675943,-0.9734446751990079,0.32981810746418055,0.33033234425889946,,
2006,2008,-665.6961036103692,486.9430529306476,2,-806.5298031222011,487.3477925394162,265725,50000000,True,1.0008311846864488,-1620.1044873544383,288.7122801337001,-1620.897776987625,289.50556976688665,-1.3670923111109263,-1.3659569486128909,0.17159637300913513,0.1719524764213383,,
2006,2009,367.673232150534,357.16524698863554,3,416.08021035105116,357.30418266903996,265725,50000000,True,1.0003889955183933,-332.37065194719173,1067.7171162482596,-332.64296588078435,1067.9894301818522,1.029420514035154,1.0290202297774347,0.3032821134238306,0.3034701687673246,,
2006,2010,576.2155450149954,674.5592105010996,4,601.4391021240647,674.6298218150997,265725,50000000,True,1.0001046777108678,-745.9205075671599,1898.3515975971509,-746.0589057425999,1898.4899957725906,0.8542104770713173,0.8541210696329441,0.3929883790985402,0.39303791080232614,,
2006,2011,-28.087274505686636,385.5080590609722,5,-13.56597563734151,385.66291265787845,265725,50000000,True,1.0004016870549566,-783.6830702651921,727.5085212538188,-783.9865833151284,727.8120343037551,-0.0728578141118558,-0.0728285598221441,0.9419192641442811,0.9419425438458159,,
2006,2012,257.8666658322526,449.66290384270894,6,299.91639980528794,449.78038704543485,265725,50000000,True,1.0002612695014907,-623.4726256994569,1139.2059573639622,-623.7028927767997,1139.4362244413048,0.5734666205030197,0.5733168303005707,0.5663287936561126,0.5664301918496799,,
2006,2013,-660.0978490535019,388.7614196234835,7,-717.9302499515969,388.93546524776895,265725,50000000,True,1.000447692634866,-1422.0702315155295,101.87453340852574,-1422.411360939129,102.21566283212519,-1.6979510201727541,-1.6971912001724776,0.08951700659292668,0.0896605182719862,.,.
2006,2014,-868.7000764073944,393.284018895548,8,-953.078078327361,393.54667943283823,265725,50000000,True,1.0006678647610139,-1639.5367534426684,-97.86339937212028,-1640.0515680957574,-97.34858471903146,-2.208836450682507,-2.2073622312334735,0.0271860186965823,0.02728876281295524,*,*
2006,2015,-713.3162698255672,401.76806074518026,9,-761.7700434679348,401.94766521401795,265725,50000000,True,1.0004470352085841,-1500.7816688861205,74.14912923498605,-1501.1336936450425,74.5011539939079,-1.775442947113671,-1.7746496162523058,0.07582477804647161,0.07595575932680415,.,.
2006,2016,-915.6454618745728,394.5945832387482,10,-1016.4772945071808,395.16333003287144,265725,50000000,True,1.0014413446567236,-1689.0508450225193,-142.24007872662628,-1690.1655887390007,-141.1253350101448,-2.3204714427632283,-2.317131657429867,0.020315388018779548,0.020496560983220332,*,*
2006,2017,206.59053081602428,683.480964970423,11,99.4402889602245,684.2958065945105,265725,50000000,True,1.0011921935881898,-1133.0321605260046,1546.2132221580532,-1134.6292501092164,1547.810311741265,0.3022623034204973,0.30190237734197095,0.7624521126267227,0.7627264834182196,,
2006,2018,-1168.0139488353188,394.7916593102648,12,-1207.9405104495565,395.3631841747301,265725,50000000,True,1.0014476619527977,-1941.8056010834378,-394.22229658719993,-1942.9257898177898,-393.1021078528478,-2.9585578147115377,-2.9542810144889895,0.0030908225726202555,0.0031339848569682314,**,**
2006,2019,-1497.4193132494006,272.5771364663069,13,-1569.8382887052082,281.3764175942897,265725,50000000,True,1.0322818019224091,-2031.6705007233622,-963.1681257754391,-2048.9170917342085,-945.9215347645928,-5.493561685554267,-5.321765505624198,3.939074301068427e-08,1.0276498623393472e-07,***,***
2006,2020,-2160.969422110298,347.65736920338395,14,-2241.7346544039065,348.6833049294665,265725,50000000,True,1.0029509966333616,-2842.3778657489306,-1479.5609784716657,-2844.3886997720524,-1477.550144448544,-6.215802147562429,-6.197513306659264,5.106311242079262e-10,5.736219050458492e-10,***,***
2006,2021,-1485.7832195521428,376.49663954431395,15,-1536.0273129847296,376.84031001148315,265725,50000000,True,1.0009128115129664,-2223.716633058998,-747.8498060452874,-2224.3902271746497,-747.1762119296358,-3.9463385950813112,-3.942739616966316,7.935537291598238e-05,8.05561000912746e-05,***,***
2006,2022,-1768.6503003558432,325.3195826755436,16,-1802.8715461657662,325.6072986887996,265725,50000000,True,1.0008844103723782,-2406.2766823999086,-1131.0239183117778,-2406.84060578589,-1130.459994925796,-5.4366548911990975,-5.431850905916693,5.429014581080202e-08,5.5772512905395915e-08,***,***
2006,2023,-748.7058219955384,373.31946152404396,17,-770.1999563653676,373.3963223501954,265725,50000000,True,1.0002058848628939,-1480.4119665826645,-16.999677408412253,-1480.5626138019215,-16.849030189155314,-2.005536542185646,-2.0051237175639702,0.04490571821688453,0.044949822507114136,*,*
2006,2024,-670.4595635001806,410.558821670136,18,-690.4988433217449,410.6126722591829,265725,50000000,True,1.0001311641260753,-1475.1548539736473,134.23572697328598,-1475.2604011281792,134.34127412781788,-1.6330414257639851,-1.6328272574037357,0.10246028439033063,0.10250533262532306,,
2006,2025,-953.7188556753626,338.17812043078106,19,-953.718855675363,338.2301581407315,265725,50000000,True,1.0001538766312974,-1616.5479717196936,-290.88973963103183,-1616.6499656311962,-290.78774571952897,-2.8201672374915563,-2.8197333464230514,0.004799862704816054,0.004806357118575103,**,**
2007,2002,-338.6052352769759,77.24340509809507,-5,-372.5657226521099,62.29508131901833,269159,50000000,True,0.8064776693868797,-490.00230926924223,-187.20816128470958,-460.7035946622518,-216.5068758917,-4.383613524636376,-5.43550514916178,1.1672677627204031e-05,5.464140720734901e-08,***,***
2007,2003,273.93843376786464,58.27620883848074,-4,5.650064593462602,50.652902429406694,269159,50000000,True,0.8691866447557883,159.71706444444237,388.1598030912869,174.65874500622752,373.2181225295018,4.700690714578169,5.408148805483432,2.5928297139707697e-06,6.367950767953771e-08,***,***
2007,2004,-564.8984781792005,58.62585618357434,-3,-574.941790628431,59.54891375414204,269159,50000000,True,1.0157448885296847,-679.8051562990063,-449.99180005939485,-681.614349137319,-448.18260722108215,-9.635654213907626,-9.486293578947238,5.653074576151308e-22,2.3939514514056424e-21,***,***
2007,2005,297.07724267330354,51.06900424801227,-2,-302.14857513891417,48.40764602207838,269159,50000000,True,0.9478870155170986,196.9819943471995,397.1724909994076,202.19825647002992,391.95622887657714,5.8171731963007,6.136990064292917,5.985112038321107e-09,8.409964355513013e-10,***,***
2007,2006,194.38046118337263,47.227952635869016,-1,0.0,0.0,269159,50000000,True,0.0,101.81367401706936,286.9472483496759,194.38046118337263,194.38046118337263,4.115792668000247,inf,3.858510413983441e-05,,***,
2007,2007,-536.7772391621472,49.424574147595294,0,-723.5184657831875,53.205932158376896,269159,50000000,True,1.0765076498077542,-633.649404491434,-439.90507383286047,-641.060866192566,-432.4936121317285,-10.860533417226492,-10.088672773636116,1.7770811104349368e-27,6.200214099017142e-24,***,***
2007,2008,-294.1578495264802,63.26477877812329,1,-541.9865961318801,66.99104660494265,269159,50000000,True,1.0588995630552633,-418.15681593160184,-170.15888312135857,-425.4603008721678,-162.85539818079263,-4.649630571824568,-4.391002446359407,3.3253011102914426e-06,1.1282927103573079e-05,***,***
2007,2009,-129.9418340461367,55.45373565655474,2,-183.91095315594626,56.16249362135762,269159,50000000,True,1.0127810679733549,-238.631155932984,-21.25251215928941,-240.02032154399762,-19.86334654827577,-2.34324761907681,-2.313676364197655,0.019116690921222465,0.020685481343981012,*,*
2007,2010,63.98161286968002,61.19317634274352,3,-10.249989268233833,61.671249096969994,269159,50000000,True,1.007812517388357,-55.95701276209728,183.92023850145733,-56.89403536038117,184.8572610997412,1.0455677690486018,1.0374625746444228,0.29576063665617125,0.2995203288599722,,
2007,2011,-138.2826183383122,48.28022675875308,4,-207.19986713639463,49.13299765453198,269159,50000000,True,1.017662943052029,-232.91186278546826,-43.653373891156164,-234.5832937411949,-41.98194293542953,-2.8641667121673557,-2.8144551511107965,0.004181078942167488,0.004885999486916251,**,**
2007,2012,37.31952828433819,61.901354383626305,5,-5.644727277991052,62.53886490068199,269159,50000000,True,1.010298813707771,-84.00712630756937,158.64618287624575,-85.25664692099852,159.8957034896749,0.6028871041020336,0.596741375840533,0.5465837955022458,0.5506800635519618,,
2007,2013,-253.05270004495878,48.000721138524916,6,-393.6090807587417,48.977161709352565,269159,50000000,True,1.0203422062766463,-347.13411347646763,-158.97128661344993,-349.0479369952898,-157.05746309462776,-5.271852048111442,-5.166748974688675,1.350539316633794e-07,2.3820083334224454e-07,***,***
2007,2014,-557.3279739347098,48.31771977716536,7,-724.0639153741334,50.76953825886566,269159,50000000,True,1.0507436711212315,-652.0307046979539,-462.6252431714657,-656.8362689220864,-457.8196789473331,-11.534649741441221,-10.97760572674474,8.82456097897225e-31,4.89731662234235e-28,***,***
2007,2015,-369.7897409741205,43.74198380659966,8,-500.60145413594535,44.79749668588982,269159,50000000,True,1.0241304300224925,-455.5240292350558,-284.05545271318516,-457.5928344784645,-281.98664746977647,-8.453885919054446,-8.254696541795733,2.8176462930739636e-17,1.522886772616168e-16,***,***
2007,2016,-892.0082273667545,53.35038830047562,9,-1075.1979995188194,58.27587852671106,269159,50000000,True,1.092323418500621,-996.5749884356867,-787.4414662978222,-1006.2289492791082,-777.7875054544007,-16.719807592455744,-15.306645732640439,9.402228434678836e-63,6.903345488446497e-53,***,***
2007,2017,-1352.6637991732553,70.28116232525893,10,-1542.1719805485134,79.44985394439536,269159,50000000,True,1.130457313393652,-1490.4148773307627,-1214.9127210157478,-1508.3855129042702,-1196.9420854422403,-19.246463126394683,-17.025378046886598,1.5113539644632918e-82,5.324746876763642e-65,***,***
2007,2018,-1284.8721010512909,51.57554713099287,11,-1379.2028340320173,57.05048446925313,269159,50000000,True,1.106153742283235,-1385.9601734280368,-1183.784028674545,-1396.691050611027,-1173.0531514915547,-24.912427933879993,-22.5216685362902,5.456796988364448e-137,2.5459973416570827e-112,***,***
2007,2019,-930.9771091776954,57.43043113164293,12,-1057.8500334000944,90.07243956210296,269159,50000000,True,1.5683747760074707,-1043.5407541957156,-818.4134641596753,-1107.5190907194171,-754.4351276359737,-16.21051924621104,-10.335870924599607,4.249629238609154e-59,4.849863424173645e-25,***,***
2007,2020,-1488.245484665947,63.0399886934556,13,-1592.9837159053272,70.12618594943788,269159,50000000,True,1.112407971556599,-1611.80386250512,-1364.6871068267742,-1625.6928091268453,-1350.7981602050488,-23.60795925746172,-21.222393097765167,3.192916460818285e-123,5.932635442246787e-100,***,***
2007,2021,-970.0449295611418,56.06293354568216,14,-1042.6463859709872,59.38862893038942,269159,50000000,True,1.0593207521329109,-1079.9282793106788,-860.1615798116047,-1086.4466422647051,-853.6432168575785,-17.30278578395676,-16.333849543793146,4.481831125883775e-67,5.669157073410432e-60,***,***
2007,2022,-772.7617099979113,61.10777022900528,15,-829.340318785093,63.06966962927256,269159,50000000,True,1.0321055635464187,-892.5329396467616,-652.990480349061,-896.3782624712856,-649.1451575245371,-12.645882955668933,-12.252509241609362,1.1789262939179805e-36,1.6287713938736552e-34,***,***
2007,2023,-620.522187243684,47.70021269983562,16,-664.3736845907722,48.56447363057838,269159,50000000,True,1.0181185970004225,-714.0146041353619,-527.0297703520062,-715.7085555596176,-525.3358189277504,-13.008792877894702,-12.777286375301623,1.0905108939236354e-38,2.1959840972912604e-37,***,***
2007,2024,-556.6787423003302,51.40423625593965,17,-589.5550367450589,52.003851202135166,269159,50000000,True,1.0116646990572928,-657.4310453619719,-455.9264392386885,-658.6062906565152,-454.75119394414526,-10.829433191627414,-10.704567631665599,2.49696130735349e-27,9.688186691273628e-27,***,***
2007,2025,-560.674297102267,54.827200587365674,18,-560.6742971022671,55.471294434027556,269159,50000000,True,1.011747706243647,-668.1356102535037,-453.2129839510303,-669.3980341929611,-451.95056001157303,-10.226206902700559,-10.107467345458854,1.5133100714464686e-24,5.119048333008792e-24,***,***
2008,2002,341.4092343232146,198.1799726933126,-6,1284.0188110839222,192.84606266254428,267614,50000000,True,0.9730855244438718,-47.02351215567808,729.8419808021073,-36.56904849537216,719.3875171418014,1.7227231878346865,1.7703718168238503,0.0849385950252001,0.07666522148864238,.,.
2008,2003,98.94430804433347,202.4635243997538,-5,1489.7304929750612,210.5555783169865,267614,50000000,True,1.0399679593705746,-297.884199779184,495.7728158678509,-313.7446254569601,511.633241545627,0.48870189500886607,0.4699201457174178,0.6250527619852255,0.6384120705798195,,
2008,2004,-497.182778305218,180.4881868744076,-4,973.9047803521806,176.12244554004963,267614,50000000,True,0.9758114843416547,-850.939624579057,-143.4259320313791,-842.3827715637153,-151.98278504672072,-2.754655509123053,-2.822938193826978,0.005875396143309178,0.0047585744200527485,**,**
2008,2005,-59.625110935062594,167.7269366771962,-3,893.9531986952136,133.55918696022576,267614,50000000,True,0.7962894309413819,-388.3699068223671,269.1196849522419,-321.4011173771051,202.1508955069799,-0.35548917852005996,-0.44643211966256646,0.7222231505081929,0.6552851355791938,,
2008,2006,99.58311227294928,142.84135791055724,-2,1102.8606453900843,118.2129269994035,267614,50000000,True,0.8275819323520064,-180.38594923174287,379.5521737776414,-132.1142246458816,331.2804491917801,0.6971588182135954,0.8424045897573602,0.48570340803038525,0.3995615247981951,,
2008,2007,-923.1218533815626,116.5812893324966,-1,0.0,0.0,267614,50000000,True,0.0,-1151.621180473256,-694.6225262898693,-923.1218533815626,-923.1218533815626,-7.918267662564321,-inf,2.4084246824510434e-15,,***,
2008,2008,-60.22096663249101,110.32360677159268,0,-128.31092122936886,111.47204136130522,267614,50000000,True,1.0104096903946422,-276.45523590481264,156.01330263983064,-278.70616770064925,158.26423443566722,-0.5458574859428668,-0.5402338191448537,0.5851639041603959,0.5890357925118908,,
2008,2009,803.3348601749176,123.08446527124195,1,902.0374097435583,124.09372276498637,267614,50000000,True,1.0081997146554629,562.0893082432833,1044.5804121065519,560.1111635555443,1046.5585567942908,6.52669578085751,6.473613993322653,6.723641413518346e-11,9.568616312095487e-11,***,***
2008,2010,572.2425237869714,132.74689288083462,2,645.8892304768813,133.84056446186332,267614,50000000,True,1.0082387734830862,312.0586137405356,832.4264338334074,309.9150174417193,834.5700301322236,4.310779042494555,4.275553723848997,1.626803986620496e-05,1.9066281486707844e-05,***,***
2008,2011,686.6362566773921,146.38300585942574,3,757.0511487162071,147.41471651876674,267614,50000000,True,1.0070480220930276,399.72556519291766,973.5469481618666,397.70341230060933,975.5691010541749,4.690682860664723,4.657854201347526,2.7229474912856994e-06,3.19522366937467e-06,***,***
2008,2012,422.58441001060544,106.32981477259665,4,517.6781461946271,107.71338714465195,267614,50000000,True,1.0130120829704659,214.177973056316,630.9908469648949,211.46617120708763,633.7026488141232,3.974279565090656,3.9232301686242823,7.059260711476869e-05,8.736960842843945e-05,***,***
2008,2013,44.372095268451176,100.3782919790783,5,37.29058971332165,102.10683805786766,267614,50000000,True,1.0172203177072354,-152.36935701054227,241.11354754744463,-155.75730732496945,244.5014978618718,0.4420487178412997,0.4345653642051269,0.6584539525547066,0.6638779401832001,,
2008,2014,-206.30831968317608,101.23358548317624,6,-237.84772505284135,102.48699846684129,267614,50000000,True,1.0123813947484193,-404.7261472302015,-7.890492136150641,-407.182836678185,-5.433802688167162,-2.0379434226150366,-2.013019434361962,0.04155559134242866,0.04411258486635084,*,*
2008,2015,23.86767947134001,104.40746801957692,7,28.252502379273437,106.19426740800665,267614,50000000,True,1.0171137124797882,-180.77095784703076,228.50631678971078,-184.27308464835303,232.00844359103306,0.228601266978955,0.22475487664167904,0.8191788397358606,0.8221699711710174,,
2008,2016,-348.45637865345896,113.1820664118952,8,-396.44961473576546,115.0111035793379,267614,50000000,True,1.0161601323021123,-570.2932288207735,-126.61952848614436,-573.8781416689612,-123.03461563795668,-3.078724304125595,-3.029762934263855,0.002078889672227376,0.002447457636989724,**,**
2008,2017,524.8273664815968,237.02882803387394,9,470.5157211760961,238.58758818631722,267614,50000000,True,1.0065762471399493,60.25086353520385,989.4038694279897,57.195693636415,992.4590393267786,2.214192133653014,2.199726190583518,0.02681556477131603,0.027826327434154852,*,*
2008,2018,-294.4207301762251,136.80436586299479,10,-291.77068026284087,137.8965268886373,267614,50000000,True,1.0079833784452192,-562.5572872676948,-26.28417308475531,-564.6979228779542,-24.143537474495986,-2.1521296364991604,-2.135084449327675,0.031387145549620556,0.032754112630881675,*,*
2008,2019,-220.66213002165742,123.29850093314728,11,-250.53439338007752,142.3904275672789,267614,50000000,True,1.1548431366937972,-462.3271918506261,21.002931807311256,-499.74736805352404,58.42310801020918,-1.789657849459994,-1.5496977837038621,0.07350893243890176,0.12121407034658079,.,
2008,2020,-222.1143131868929,162.34284044866965,12,-290.06464730375245,163.47240172247214,267614,50000000,True,1.0069578755101285,-540.3062804662854,96.07765409249959,-542.5202205629382,98.29159418915248,-1.368180528152839,-1.358726677081416,0.17125557501924588,0.17423321538198713,,
2008,2021,-311.1213180396229,119.86125079005906,13,-353.0610082057634,120.37523663166573,267614,50000000,True,1.0042881735191211,-546.0493695881387,-76.19326649110715,-547.0567818376877,-75.18585424155808,-2.5956788869537344,-2.5845956921490263,0.00944042466236156,0.00974932464232976,**,**
2008,2022,-299.57554363108903,107.598996104814,14,-325.4923861745655,108.44967703218768,267614,50000000,True,1.0079060303364262,-510.46957599652444,-88.6815112656536,-512.1369106141769,-87.01417664800118,-2.7841853035437936,-2.7623461113874552,0.005366236668134934,0.005738760758605108,**,**
2008,2023,254.39758033399846,123.39210003507908,15,241.207849230615,123.90712524066335,267614,50000000,True,1.004173891241318,12.549064265243459,496.24609640275344,11.539614862298293,497.2555458056986,2.061700710674961,2.0531311644902184,0.039236238878055746,0.04005985819232183,*,*
2008,2024,22.25160600275973,112.85624777275189,16,4.043207112874427,113.42195052788718,267614,50000000,True,1.0050125958136973,-198.94663963183396,243.44985163735342,-200.05541703189914,244.5586290374186,0.19716769290049158,0.19618430029810413,0.8436963116601951,0.8444659158298321,,
2008,2025,162.07176914787158,125.06138463432133,17,162.07176914787115,125.40409967717568,267614,50000000,True,1.0027403746076893,-83.04854473539822,407.19208303114135,-83.72026621939276,407.86380451513594,1.2959377478649254,1.2923960984137557,0.1949969329424986,0.1962200071761686,,
2009,2002,-168.49319713608782,56.32213559890755,-7,452.98130944472496,61.705702677326705,279346,50000000,True,1.0955852795916279,-278.88458290994663,-58.101811362229014,-289.4363743836482,-47.55001988852747,-2.991598158422032,-2.730593605216319,0.002775213027389545,0.006322037688678177,**,**
2009,2003,202.93821574430774,50.81600146830684,-6,755.2434580637431,54.02240923430877,279346,50000000,True,1.063098387778537,103.33885286642634,302.53757862218913,97.05429364506256,308.8221378435529,3.9935888279379324,3.756556188823673,6.508068155629211e-05,0.00017226760663659047,***,***
2009,2004,-295.01498657252404,54.910543194312424,-5,449.77278343103944,66.59067374766332,279346,50000000,True,1.2127119834167057,-402.6396512333764,-187.3903219116717,-425.53270711794414,-164.49726602710393,-5.372647389929324,-4.430274841345575,7.758896222245959e-08,9.411306512874188e-06,***,***
2009,2005,129.21169788800967,54.89760189073305,-4,552.9863335774968,53.35658973139355,279346,50000000,True,0.9719293355945365,21.612398182172896,236.81099759384642,24.63278201447831,233.790613761541,2.353685651792035,2.4216633510215715,0.01858832304162847,0.015449655629170094,*,*
2009,2006,108.45772820741021,45.44778098405659,-3,767.1189381276562,51.510431353631354,279346,50000000,True,1.133398160224843,19.380077478659288,197.53537893616112,7.497282754292755,209.41817366052766,2.386425164420194,2.1055488249131935,0.017013069555483974,0.03524356193354575,*,*
2009,2007,-647.3789698307872,47.249437161375525,-2,-40.447740532075805,52.43698566650723,279346,50000000,True,1.1097906941708995,-739.9878666670833,-554.7700729944912,-750.1554617371414,-544.6024779244331,-13.701305427612438,-12.345846383086124,9.971525140741106e-43,5.129197548373516e-35,***,***
2009,2008,113.21700811023447,50.32074897951244,-1,0.0,0.0,279346,50000000,True,0.0,14.588340110390092,211.84567611007884,113.21700811023447,113.21700811023447,2.249907054370943,inf,0.024454846050875296,,*,
2009,2009,536.4907883229998,56.7378342460251,0,707.9626054697992,59.287459057363954,279346,50000000,True,1.0449369427864172,425.2846332007906,647.6969434452091,420.2873685705665,652.6942080754332,9.455609214773384,9.04897590237279,3.2114635870147606e-21,1.443154206848926e-19,***,***
2009,2010,625.2212069295927,63.30520135129821,1,772.7438864960449,66.01581421498025,279346,50000000,True,1.042818169847373,501.1430122810482,749.2994015781371,495.8302110682314,754.6122027909539,9.87630073965117,9.470779302873735,5.274415734966274e-23,2.777635923633793e-21,***,***
2009,2011,482.66719743920885,50.23387634267247,2,586.6113693466865,53.69594842679525,279346,50000000,True,1.0689190708777103,384.2087998075708,581.1255950708469,377.4231385226902,587.9112563557276,9.608400397904287,8.988894163909567,7.368475636617546e-22,2.4973037243619287e-19,***,***
2009,2012,544.7139418023412,51.07644987228066,3,674.1331747650686,54.47975297274595,279346,50000000,True,1.0666315515071119,444.60410005267113,644.8237835520113,437.9336259757591,651.4942576289233,10.66467898932731,9.998465706605533,1.4891237652629132e-26,1.5477642042766833e-23,***,***
2009,2013,409.41834261503516,47.41531022716998,4,438.8487618122639,51.65278151288241,279346,50000000,True,1.0893692620676827,316.484334569782,502.3523506602883,308.1788908497856,510.6577943802847,8.634728754351368,7.926356153984168,5.886655005322317e-18,2.2566977126607625e-15,***,***
2009,2014,124.96668379713094,49.529008263311056,5,128.63898418294934,52.275892688892625,279346,50000000,True,1.0554601136162127,27.889827601041276,222.0435399932206,22.505934126901394,227.4274334673605,2.523100869146634,2.390522234423428,0.011632502872154863,0.01682443039330297,*,*
2009,2015,344.0275496217281,42.57758804647106,6,383.6240782851452,47.47891722631026,279346,50000000,True,1.115115237962509,260.57547705064485,427.47962219281135,250.96887185816,437.0862273852962,8.080014989253062,7.245901333046546,6.47588128873921e-16,4.2957275841934016e-13,***,***
2009,2016,117.61748786279293,64.00955365404961,7,104.83595753597012,67.47403189511951,279346,50000000,True,1.0541243930522348,-7.841237299144311,243.07621302473018,-14.631614651641314,249.86659037722717,1.8374989536480195,1.7431519142892713,0.06613627079849675,0.08130708237583285,.,.
2009,2017,-661.6904631149251,65.40003310587113,8,-680.7904026649412,70.3847842621637,279346,50000000,True,1.076219398057844,-789.8745280024325,-533.5063982274178,-799.644640268766,-523.7362859610843,-10.117586057544724,-9.401044132639699,4.616610913453881e-24,5.4024261087934286e-21,***,***
2009,2018,-423.6476656665716,58.12748480988182,9,-388.0575391379808,60.59944079755008,279346,50000000,True,1.0425264570753976,-537.57753589394,-309.7177954392032,-542.4225696297698,-304.87276170337344,-7.288250421503708,-6.990950082887545,3.140059208132022e-13,2.730309005932404e-12,***,***
2009,2019,-205.91688638868695,51.57805121381053,10,-202.88038653902805,88.90752077456638,279346,50000000,True,1.7237471886250815,-307.00986676775557,-104.82390600961831,-380.17562710683706,-31.65814567053684,-3.9923355292173324,-2.3160795014272093,6.542570961916895e-05,0.020553928304026043,***,*
2009,2020,-500.9548022595877,62.81377185000472,11,-536.0020935662783,65.28221911674673,279346,50000000,True,1.039297867235811,-624.069795085597,-377.83980943357847,-628.9079517284113,-373.0016527907641,-7.975238351485019,-7.673679127906341,1.5208702569900694e-15,1.6713185882408673e-14,***,***
2009,2021,-157.97528369059955,59.71368764607825,12,-170.96880729090566,60.611076490715035,279346,50000000,True,1.0150281933675842,-275.01411147691294,-40.93645590428619,-276.772993612401,-39.177573768798084,-2.645545601318674,-2.6063764717130486,0.008155929318451688,0.009150582381792269,**,**
2009,2022,32.99689820631249,53.90693640011694,13,36.02622222867036,55.699186651998474,279346,50000000,True,1.0332471175616214,-72.66069713791671,138.6544935505417,-76.17350763160451,142.1673040442295,0.6121085784099745,0.5924125681129415,0.5404659222624815,0.5535743523270631,,
2009,2023,328.682900726315,52.94276532387212,14,344.4393361887662,54.45798748046492,279346,50000000,True,1.028620004023658,224.91508069152562,432.4507207611043,221.94524526460373,435.42055618802624,6.208268470972944,6.035531534179803,5.357157518828536e-10,1.584402837545379e-09,***,***
2009,2024,333.97942958893947,52.840875632021074,15,319.4874311954441,54.36668013967985,279346,50000000,True,1.028875458428894,230.41131335017815,437.5475458277008,227.42073651516696,440.538122662712,6.320474927681763,6.143090376879249,2.6076063833284446e-10,8.093120354896878e-10,***,***
2009,2025,301.1440388930211,56.82357029536813,16,301.1440388930208,57.64775180233685,279346,50000000,True,1.014504218983155,189.76984111409956,412.51823667194265,188.1544453604409,414.1336324256013,5.2996324822195895,5.223864408894671,1.160360134130684e-07,1.7522711167232863e-07,***,***
2010,2002,-245.4183117056166,193.41517085379502,-8,-608.0957710693264,174.1595891644055,266070,50000000,True,0.9004443053541801,-624.5120465790549,133.67542316782163,-586.7711064678514,95.9344830566182,-1.2688679518895207,-1.409157617350276,0.20448816430370206,0.15878856688376383,,
2010,2003,-187.9543039123244,148.67660763266176,-7,-687.9565040162441,132.54777482850386,266070,50000000,True,0.8915173472076541,-479.36045487234145,103.45184704769264,-447.747942576192,71.83933475154316,-1.264182085568611,-1.4180117633472757,0.20616467924794227,0.1561873304246438,,
2010,2004,157.48766212585986,118.89091293126758,-6,-553.3121161464946,167.38914247228755,266070,50000000,True,1.4079220887895565,-75.5385272194246,390.51385147114433,-170.5950571198237,485.5703813715434,1.3246400270885763,0.9408475352690994,0.1852905733089647,0.34678299692200687,,
2010,2005,-157.4397209982671,125.22279545235675,-5,-731.0297122667721,145.4152199959427,266070,50000000,True,1.1612519866741715,-402.8764000848863,87.99695808835213,-442.4535521903148,127.5741101937806,-1.2572768434814878,-1.0826908008849412,0.20865340609421512,0.27894568854273916,,
2010,2006,864.3948720376166,167.71905695779583,-4,240.7147431204482,179.52821057299138,266070,50000000,True,1.0704103268250975,535.6655204003367,1193.1242236748963,512.5195793145534,1216.2701647606796,5.1538262122182665,4.814813612182563,2.552244874089809e-07,1.473373456282012e-06,***,***
2010,2007,-1397.0445851280754,165.98238729596747,-3,-1338.6203099369322,143.79768312552628,266070,50000000,True,0.8663430227034686,-1722.3700642281715,-1071.7191060279793,-1678.8880440541068,-1115.201126202044,-8.416824266040765,-9.715348361409578,3.868272764388678e-17,2.593606176014574e-22,***,***
2010,2008,325.7587554719463,116.95630962258016,-2,-1081.997256532526,152.278376976256,266070,50000000,True,1.3020107890515757,96.52438861168918,554.9931223322035,27.293136598484523,624.224374345408,2.78530296076522,2.1392318590494317,0.005347773108039535,0.032416895182030864,**,*
2010,2009,913.584658632477,151.31310201151553,-1,0.0,0.0,266070,50000000,True,0.0,617.0109786899066,1210.1583385750475,913.584658632477,913.584658632477,6.037710194870961,inf,1.5631647513466733e-09,,***,
2010,2010,-431.3303401850951,161.3047246762168,0,-452.2202585186919,161.4855816322095,266070,50000000,True,1.0011212130106897,-747.48760055048,-115.17307981971015,-747.8420801842258,-114.8186001859645,-2.6740093388516324,-2.671014562572335,0.007495036430129287,0.00756223659420001,**,**
2010,2011,-211.64008320773723,169.31741224230825,1,-229.074305744966,169.59373077105585,266070,50000000,True,1.0016319557751814,-543.5022112026613,120.22204478718692,-544.0437955190066,120.7636291035322,-1.249960535097604,-1.2479239783541418,0.21131396414595785,0.21205889854067286,,
2010,2012,-246.87463547328946,149.81315267464163,2,-237.08613800659413,150.0942482644902,266070,50000000,True,1.0018763078196415,-540.508414715587,46.75914376900812,-541.0593620716902,47.31009112511134,-1.647883587427348,-1.6447974411268356,0.09937656197572346,0.10001159005755544,.,
2010,2013,-695.0523477916443,155.35714387257158,3,-784.2167398566021,155.7304086353725,266070,50000000,True,1.0024026237448538,-999.5523497818846,-390.55234580140393,-1000.2839487169744,-389.82074686631415,-4.473900140451515,-4.463176805880226,7.680562217199258e-06,8.075336516590282e-06,***,***
2010,2014,-1120.0606389109485,183.4042176990086,4,-1234.876721797834,183.87285851012084,266070,50000000,True,1.002555234645047,-1479.5329056010053,-760.5883722208916,-1480.4514415907852,-759.6698362311116,-6.107060420764811,-6.091495221135627,1.0148282919341976e-09,1.1186092554388018e-09,***,***
2010,2015,-948.9535270594554,141.91862453262962,5,-1027.8453816687427,142.35962780346557,266070,50000000,True,1.003107437605799,-1227.1140311434094,-670.7930229755013,-1227.978397554248,-669.9286565646628,-6.686603186752801,-6.665889351505837,2.2841011346064484e-11,2.6306740477438855e-11,***,***
2010,2016,-1215.4209277757434,213.55552306777668,6,-1346.6908413752703,214.5584637955926,266070,50000000,True,1.0046963933004796,-1633.9897529885857,-796.8521025629011,-1635.9555168151048,-794.886338736382,-5.6913579677824675,-5.664754054790684,1.2603296908925481e-08,1.4723556577760276e-08,***,***
2010,2017,-1703.1468448367718,207.32494044957934,7,-1840.7351676594922,209.85226387952437,266070,50000000,True,1.0121901563047098,-2109.5037281179475,-1296.7899615555964,-2114.4572820406397,-1291.836407632904,-8.214867160427188,-8.115932672589818,2.1239925245345915e-16,4.82067917226067e-16,***,***
2010,2018,-1999.3355233298857,142.45692578254324,8,-2056.6367244692965,143.85668213742562,266070,50000000,True,1.0098258217155345,-2278.5510978636703,-1720.119948796101,-2281.29462031924,-1717.3764263405315,-14.034667057057085,-13.898106738065387,9.564455313107688e-45,6.503905826151427e-44,***,***
2010,2019,-1705.2887410870621,136.57950511558096,9,-1794.9854141633848,153.37706699690037,266070,50000000,True,1.1229874267526772,-1972.9845711136009,-1437.5929110605234,-2005.9077924009869,-1404.6696897731374,-12.485685459498148,-11.118277161484153,8.937032029780735e-36,1.0222695959326455e-28,***,***
2010,2020,-2167.460492398991,139.8866998638955,10,-2250.7591591908567,142.26832203149033,266070,50000000,True,1.0170253653128714,-2441.638424132226,-1893.2825606657557,-2446.306403580712,-1888.61458121727,-15.494400071685503,-15.23501831925195,3.78477096814702e-54,2.0706909463651285e-52,***,***
2010,2021,-1616.270163702009,188.72777524521467,11,-1669.282291371605,189.32379572959005,266070,50000000,True,1.003158096277037,-1986.1766031826298,-1246.3637242213883,-1987.3448033320055,-1245.1955240720126,-8.56402912396961,-8.537068240542343,1.0899028998535332e-17,1.3767025592916481e-17,***,***
2010,2022,-1458.8014875724198,159.45409416724806,12,-1495.7907676193513,159.93757764714272,266070,50000000,True,1.0030321170642853,-1771.331512140226,-1146.2714630046135,-1772.2791397608194,-1145.3238353840202,-9.148723933311574,-9.121067788026995,5.761000691284309e-20,7.438774859222265e-20,***,***
2010,2023,-1071.0000874502157,168.1479409525816,13,-1095.2622560570542,168.2747494366597,266070,50000000,True,1.0007541483015476,-1400.5700517172756,-741.4301231831557,-1400.8185963460687,-741.1815785543627,-6.369391628484122,-6.364591782401381,1.8977945775760713e-10,1.958098050386332e-10,***,***
2010,2024,-508.69666907427154,253.4682929092745,14,-527.5090901503185,253.53508641396957,266070,50000000,True,1.0002635181857598,-1005.4945231764495,-11.898814972093533,-1005.6254384456519,-11.767899702891214,-2.0069439977502532,-2.0064152708382013,0.044755626331513705,0.04481196038272235,*,*
2010,2025,-1145.2375219275373,172.55751319627726,15,-1145.2375219275375,172.610640313948,266070,50000000,True,1.000307880640412,-1483.4502477922406,-807.0247960628338,-1483.5543769428755,-806.9206669121992,-6.636845308641389,-6.634802581373629,3.204676514057232e-11,3.2493713625515194e-11,***,***
2011,2002,-449.74462906374595,101.74231567578205,-9,-324.5002612621453,133.5432871038008,277147,50000000,True,1.3125638650623754,-649.1595677882788,-250.32969033921313,-711.4894717871955,-187.9997863402964,-4.420428472425654,-3.367781629593763,9.850538791323794e-06,0.0007577558908342793,***,***
2011,2003,176.4834213907131,98.49288246529764,-8,-46.53950861170944,131.00253902194856,277147,50000000,True,1.3300711253740103,-16.56262824127029,369.5294710226965,-80.28155509230606,433.24839787373224,1.7918393387755114,1.347175579254571,0.0731587052986825,0.17792369109449174,.,
2011,2004,1092.557731701624,128.81024800278132,-7,986.3479785027098,155.46844025337128,277147,50000000,True,1.2069570757290549,840.0896456161727,1345.0258177870755,787.8395888050163,1397.275874598232,8.481916218948923,7.027521019192397,2.2151505603346178e-17,2.1023514664687684e-12,***,***
2011,2005,-815.8045189050604,136.2784537412783,-6,177.72413696665052,139.21879558316527,277147,50000000,True,1.0215759847662285,-1082.910288237966,-548.6987495721548,-1088.6733582480642,-542.9356795620565,-5.986305953058784,-5.859873413555876,2.1466041022060283e-09,4.63220141458111e-09,***,***
2011,2006,424.99248295065865,128.31647093647024,-5,698.1935636717022,133.4650805859475,277147,50000000,True,1.0401243083752385,173.492199915177,676.4927659861403,163.40092500220157,686.5840408991157,3.312064927043336,3.184297204068867,0.0009261004999510943,0.0014510594525676442,***,**
2011,2007,-192.47102222642968,136.21204143759653,-4,325.66982105927593,152.6639521088926,277147,50000000,True,1.1207816173787637,-459.44662344411887,74.5045789912595,-491.6923683598592,106.75032390699982,-1.4130250174292216,-1.260749637145142,0.15764836837345453,0.20739906409436876,,
2011,2008,-1105.0376313919553,141.52216425249657,-3,-808.7633936305353,127.48528445346028,277147,50000000,True,0.9008149721764259,-1382.4210733268485,-827.6541894570621,-1354.9087889207374,-855.1664738631732,-7.808230161181001,-8.667962236812986,5.7996604349627555e-15,4.399225724210615e-18,***,***
2011,2009,1280.0413539439057,125.64175629351266,-2,595.995020213842,128.65728494818686,277147,50000000,True,1.0240010068597705,1033.783511608621,1526.2991962791905,1027.8730754454596,1532.209632442352,10.188024998262453,9.949233379667593,2.2427406191518866e-24,2.5413331866693633e-23,***,***
2011,2010,-596.9837785588903,128.41348696074863,-1,0.0,0.0,277147,50000000,True,0.0,-848.6742130019577,-345.293344115823,-596.9837785588903,-596.9837785588903,-4.648918059061559,-inf,3.3368073141662345e-06,,***,
2011,2011,-750.7588780097309,110.71078020819387,0,-769.1818588920078,111.1115438645851,277147,50000000,True,1.0036199153834666,-967.7520072177908,-533.765748801671,-968.5375039843177,-532.9802520351441,-6.781262643058911,-6.756803585815555,1.1913007529993282e-11,1.4106921948955779e-11,***,***
2011,2012,-411.1757057643073,129.46822840330162,1,-402.44681599048863,129.76286597401574,277147,50000000,True,1.0022757519303986,-664.9334334347784,-157.4179780938361,-665.5109230733781,-156.84048845523643,-3.1758811473303648,-3.168670040369198,0.0014938214003128061,0.0015313814062594498,**,**
2011,2013,-1289.9694676423976,118.36213778670759,2,-1381.8639319298504,118.7880725980043,277147,50000000,True,1.0035985731523729,-1521.9592577043445,-1057.9796775804507,-1522.794089934486,-1057.1448453503092,-10.898497541223566,-10.85941912710241,1.1717613283651443e-27,1.7988980657491217e-27,***,***
2011,2014,-916.0416368498203,153.50682141833838,3,-1034.402211987427,154.10850114460553,277147,50000000,True,1.0039195634481117,-1216.9150068297636,-615.168266869877,-1218.0942990932472,-613.9889746063934,-5.967432771950988,-5.944134360182153,2.4101553930827646e-09,2.7792157658137822e-09,***,***
2011,2015,-992.2237733552143,123.79527682893522,4,-1074.6601202152222,124.23723941847842,277147,50000000,True,1.0035701086573272,-1234.8625159399273,-749.5850307705014,-1235.728762615432,-748.7187840949966,-8.015037396994597,-7.986524636248767,1.1010350976320866e-15,1.38796037617266e-15,***,***
2011,2016,-1184.0583191673902,137.44773457538864,5,-1318.872725017638,139.13579425503255,277147,50000000,True,1.012281466004942,-1453.455878935152,-914.6607593996284,-1456.764475907254,-911.3521624275264,-8.614607747630403,-8.510091350016229,7.018145513427828e-18,1.7379637522344475e-17,***,***
2011,2017,98.62235887581824,161.76786758728713,6,-42.51045619762249,165.38594635534616,277147,50000000,True,1.022365867968846,-218.44266159526455,415.687379346901,-225.53409598066025,422.7788137322967,0.6096535755013481,0.5963164407205402,0.5420913135691129,0.5509638499318769,,
2011,2018,-910.8855712649867,143.97261068683753,7,-967.2744724956036,146.4118702798008,277147,50000000,True,1.0169425252575925,-1193.0718882111883,-628.699254318785,-1197.8528370133963,-623.918305516577,-6.326797624350247,-6.221391541028991,2.5030127745424663e-10,4.927647404851948e-10,***,***
2011,2019,-1200.823953572268,130.77366439033977,8,-1289.7537998911193,148.18863379962758,277147,50000000,True,1.1331687805069584,-1457.140335777334,-944.507571367202,-1491.273675819538,-910.3742313249979,-9.182460086061278,-8.103347218896392,4.213532890311297e-20,5.346735970816567e-16,***,***
2011,2020,-1757.788669831327,126.5074598006731,9,-1845.4683693486404,129.5957960476213,277147,50000000,True,1.024412285661369,-2005.7432910406465,-1509.8340486220077,-2011.7964300846647,-1503.7809095779894,-13.894743223845639,-13.563624156337678,6.816753371353814e-44,6.580279723454212e-42,***,***
2011,2021,-1113.236109789047,131.38063095639217,10,-1175.0615457628005,132.4576304086968,277147,50000000,True,1.0081975512255081,-1370.7421464635756,-855.7300731145185,-1372.8530653900928,-853.6191541880014,-8.473365531016153,-8.404469462077552,2.3840300626843066e-17,4.298001157511105e-17,***,***
2011,2022,-1352.2460891657645,123.91547203613953,11,-1398.0486775168536,124.6982914990997,277147,50000000,True,1.0063173665894753,-1595.1204143565978,-1109.3717639749311,-1596.6547405039998,-1107.8374378275291,-10.912649299930735,-10.844142874046735,1.0029024805031436e-27,2.126194179049588e-27,***,***
2011,2023,-1151.038584912596,117.69318976868503,12,-1184.114061823592,117.91512350781717,277147,50000000,True,1.0018856973761041,-1381.7172368592187,-920.3599329659733,-1382.1522269879176,-919.9249428372743,-9.779993108988334,-9.761585712423802,1.372198872827895e-22,1.6456174133457763e-22,***,***
2011,2024,-1188.8601605914926,132.01420598232104,13,-1212.306149528893,132.17878415740103,277147,50000000,True,1.0012466701886766,-1447.6080043168417,-930.1123168661434,-1447.9305775399985,-929.7897436429865,-9.005547181420015,-8.994334213089562,2.145929936942555e-19,2.376683240787737e-19,***,***
2011,2025,-985.1840617451085,131.71647417494717,14,-985.1840617451087,131.8192624380365,277147,50000000,True,1.0007803751484634,-1243.3483511280049,-727.019772362212,-1243.54981612366,-726.818307366557,-7.479581183114399,-7.473748855241912,7.455984132695838e-14,7.794182993673204e-14,***,***
2012,2002,-1071.223936505808,264.8202537769133,-10,-686.7942595199769,132.40181032793726,265849,50000000,True,0.49996859545144,-1590.2716339085582,-552.1762391030579,-1330.731484748565,-811.716388263051,-4.0450982174808106,-8.090704604812915,5.23011923353671e-05,5.932056104215019e-16,***,***
2012,2003,1654.02039812882,276.6346764378862,-9,1070.5759062484258,302.5267387749553,265849,50000000,True,1.093596589807434,1111.816432310563,2196.224363947077,1061.0679901299077,2246.9728061277324,5.979078326068798,5.467352753103979,2.2440364588833827e-09,4.568063994647219e-08,***,***
2012,2004,-1141.091146544909,270.5613545500033,-8,-89.99831947593702,206.05989622327752,265849,50000000,True,0.7616013623453196,-1671.3914014629154,-610.7908916269025,-1544.9685431425328,-737.213749947285,-4.21749495024065,-5.53766728732345,2.47031350267146e-05,3.065268620535106e-08,***,***
2012,2005,733.627872798364,247.0974208357298,-7,621.0081461360174,333.78402065745126,265849,50000000,True,1.3508195250623465,249.31692796033366,1217.9388176363943,79.4111923097596,1387.8445532869684,2.9689823160318594,2.1979119052893665,0.0029878779084990537,0.027955384343183332,**,*
2012,2006,-589.5582415536306,322.1525720592722,-6,143.00979446221646,166.19467308873172,265849,50000000,True,0.5158880837932714,-1220.9772827898041,41.86079968254285,-915.2998008075448,-263.8166822997165,-1.8300590859326091,-3.5473955367923504,0.06724110404822829,0.0003890600065241418,.,***
2012,2007,-407.6988517839209,187.4630358123006,-5,-450.3881731107498,192.17423913721382,265849,50000000,True,1.0251313721902506,-775.12640197603,-40.27130159181172,-784.36036049286,-31.037343074981777,-2.1748226257902585,-2.1215062623082424,0.02964341088930223,0.03387922150751047,*,*
2012,2008,319.12877095559486,203.87060912401847,-4,-200.17131039535997,183.05754065451652,265849,50000000,True,0.8979104022942269,-80.45762292748134,718.7151648386711,-39.66400872725751,677.9215506384472,1.5653495730787883,1.7433249120170626,0.11750096538010862,0.08127687618108007,,.
2012,2009,574.2589520933536,343.4825133213301,-3,544.016621230295,345.3223192573539,265849,50000000,True,1.005356330714579,-98.96677401645331,1247.4846782031605,-102.57279365106001,1251.0906978377673,1.671872452954048,1.662965062114572,0.09454947586261164,0.09631942930021054,.,.
2012,2010,-3.3788644807698347,362.28257422751943,-2,519.7569467705664,227.57157933481702,265849,50000000,True,0.6281604347657591,-713.4527099667079,706.6949810051682,-449.4191599770112,442.6614310154715,-0.009326599514134655,-0.014847480035275607,0.9925585581259091,0.988153860156932,,
2012,2011,-502.74075358092057,227.38431378478487,-1,0.0,0.0,265849,50000000,True,0.0,-948.4140085990989,-57.06749856274223,-502.74075358092057,-502.74075358092057,-2.2109737704103702,-inf,0.027037653475026634,,*,
2012,2012,-104.93517450830893,163.81744163422445,0,-79.19009154484539,164.07459442305785,265849,50000000,True,1.0015697521965188,-426.0173601113888,216.14701109477096,-426.52137957750233,216.65103056088446,-0.6405616731740368,-0.6395577260288026,0.5218075075215352,0.5224601732309309,,
2012,2013,-445.23640543856175,128.13247832963262,1,-518.6878987037359,128.54937629349232,265849,50000000,True,1.0032536478595786,-696.3760629646417,-194.09674791248182,-697.1931829738066,-193.27962790331682,-3.4748130313467445,-3.4635438792175717,0.0005112095243069146,0.0005331096380899998,***,***
2012,2014,-595.5073050434912,155.67918559058793,2,-695.3181107820486,156.27620208553512,265849,50000000,True,1.0038349153271988,-900.6385088010436,-290.3761012859389,-901.8086611311401,-289.2059489558424,-3.8252210967340416,-3.8106077387109165,0.00013065477543978843,0.00013862558064729264,***,***
2012,2015,138.1939494576868,224.11611653019676,3,74.30737199672816,224.37986492764836,265849,50000000,True,1.001176838156644,-301.0736389414988,577.4615378568724,-301.59058580050396,577.9784847158776,0.6166176337392807,0.6158928275594054,0.5374869606812194,0.5379652556636163,,
2012,2016,-485.8144065995467,279.78458673183314,4,-602.0790430507453,280.65915468227183,265849,50000000,True,1.0031258617947991,-1034.1921965939396,62.563383394846255,-1035.9063497767995,64.27753657770609,-1.736387312376104,-1.7309765190076436,0.08249537412731948,0.08345595253514021,.,.
2012,2017,-566.0342148968177,312.63897838654015,5,-688.6172605712097,314.5170660412912,265849,50000000,True,1.0060072089041598,-1178.8066125344365,46.738182740800994,-1182.4876643377484,50.41923454411301,-1.8105043005769585,-1.799693167754866,0.07021761804524954,0.0719091005153235,.,.
2012,2018,190.9063656897099,423.33623392871675,6,140.50482329663123,423.914287247104,265849,50000000,True,1.0013654709237212,-638.8326528105749,1020.6453841899947,-639.965637314614,1021.7783686940338,0.45095682908601575,0.4503419003154017,0.65202066382346,0.6524639309801605,,
2012,2019,-152.68554528591721,375.74747303112576,7,-235.56309913502685,382.15898696141375,265849,50000000,True,1.0170633587461462,-889.1505924269237,583.7795018550893,-901.7171597302881,596.3460691584537,-0.4063514893505863,-0.3995340957435962,0.6844843580107706,0.689499705996354,,
2012,2020,-1084.607070777376,209.565816318427,8,-1156.45526153371,211.3896833846561,265849,50000000,True,1.0087030752355994,-1495.356070761493,-673.8580707932591,-1498.930850211302,-670.2832913434502,-5.175496127332896,-5.130842023183158,2.2730614587977117e-07,2.8844892354363456e-07,***,***
2012,2021,-357.2711750808327,264.6106070068705,9,-399.79419651384666,265.1462076560893,265849,50000000,True,1.0020241087659985,-875.9079648142989,161.36561465263355,-876.9577420867677,162.4153919251023,-1.3501770738599161,-1.3474496891324015,0.17695919027382154,0.17783544653697067,,
2012,2022,-792.0152738122154,163.41532431102195,10,-818.5154476225651,163.9963737259314,265849,50000000,True,1.003555660507111,-1112.3093094618184,-471.72123816261234,-1113.448166315041,-470.58238130938986,-4.846640161511438,-4.829468212119257,1.2556988374926249e-06,1.3689816584997555e-06,***,***
2012,2023,-131.97979834649053,200.63759147345857,11,-145.75286071674736,200.78203845825072,265849,50000000,True,1.000719939786614,-525.2294776344693,261.2698809414883,-525.5125937246619,261.5529970316809,-0.6578019471687564,-0.6573287100774879,0.5106654030389868,0.5109695798277323,,
2012,2024,-192.22570713536675,210.59946654896476,12,-218.42953171200412,210.69415241687147,265849,50000000,True,1.0004496016512212,-605.0006615713377,220.54924730060418,-605.1862458724348,220.73483160170133,-0.9127549574807395,-0.9123447657675674,0.36137143262533705,0.36158725584923396,,
2012,2025,-219.0532986841948,249.29059078386166,13,-219.05329868419474,249.34883853742548,265849,50000000,True,1.0002336540395715,-707.6628566205636,269.5562592521741,-707.7770222175487,269.6704248491591,-0.8787066451060601,-0.8785013797099218,0.3795603547174752,0.3796716892971355,,
2013,2002,-302.6353529054919,136.2717400784289,-11,-584.4240244531007,169.0422584022206,266682,50000000,True,1.2404791947687113,-569.7279634592126,-35.54274235177127,-633.9581793738444,28.687473562860475,-2.2208225471496528,-1.790294070642376,0.026362982813329935,0.07340664897776504,*,.
2013,2003,867.6945937658197,197.40940680568482,-10,386.5714496720007,219.23645193560984,266682,50000000,True,1.1105674014380174,480.7721564266775,1254.6170311049618,437.99114797202446,1297.398039559615,4.395406519912772,3.957802573910762,1.1056563833231539e-05,7.564243717673845e-05,***,***
2013,2004,-1125.2830798710156,219.3633038835924,-9,-755.6088552062663,189.16154778161524,266682,50000000,True,0.862320836861556,-1555.2351554828567,-695.3310042591745,-1496.0397135229814,-754.5264462190498,-5.1297690176482735,-5.948793996812404,2.9009791963875073e-07,2.7012535010301966e-09,***,***
2013,2005,505.50792403012457,163.64760948459272,-8,-273.3305419058039,162.1484007775134,266682,50000000,True,0.9908387986124509,184.75860944032286,826.2572386199263,187.69705850619835,823.3187895540508,3.089002800726629,3.1175634271209414,0.0020082954581941976,0.0018235270392139105,**,**
2013,2006,397.72888806512583,232.9176333924938,-7,232.53163849448157,238.38852826909576,266682,50000000,True,1.0234885388320207,-58.78967338416203,854.2474495144137,-69.51262734230187,864.9704034725535,1.707594578702015,1.6684061559210803,0.08771159501506907,0.09523512707435039,.,.
2013,2007,-797.5139005246335,234.07772044982036,-6,-747.7919156564251,186.2640730353758,266682,50000000,True,0.7957360174109588,-1256.3062326062814,-338.72156844298564,-1162.59148367397,-432.436317375297,-3.4070474498473167,-4.281630308670247,0.0006566970951807999,1.8552902754644775e-05,***,***
2013,2008,437.7513540438953,195.8381055323243,-5,-380.3050317880055,188.38868036396664,266682,50000000,True,0.961961309071548,53.90866720053964,821.5940408872509,68.50954053052067,806.9931675572699,2.2352715925943314,2.323660599979576,0.025399523855066202,0.020143691727072213,*,*
2013,2009,139.25822704266972,201.78125258364645,-4,-70.29657171695182,184.75545738589398,266682,50000000,True,0.9156225121028297,-256.23302802127733,534.7494821066168,-222.86246943368246,501.3789235190219,0.6901445266078006,0.7537435105465092,0.49010330439903654,0.45100324981805406,,
2013,2010,-286.53098477032916,179.10904572967743,-3,-376.2277899375925,165.1975306472456,266682,50000000,True,0.9223293551380539,-637.584714400497,64.52274485983861,-610.3181448389305,37.25617529827224,-1.599757195975348,-1.7344749866883473,0.10965245791282399,0.08283384015785629,,.
2013,2011,265.04431187979776,185.20236279539083,-2,-131.03685602626138,199.17301882314953,266682,50000000,True,1.075434545309734,-97.95231919916824,628.0409429587637,-125.3348050135753,655.4234287731708,1.4311065360036215,1.330723977805131,0.15239968436749096,0.18327985033134914,,
2013,2012,105.86470931142493,198.96568923796914,-1,0.0,0.0,266682,50000000,True,0.0,-284.1080415949946,495.8374602178444,105.86470931142493,105.86470931142493,0.5320752020958118,inf,0.5946739116112056,,,
2013,2013,-518.7314431753957,174.3305662555865,0,-617.3550831554062,174.55992381998013,266682,50000000,True,1.0013156474468017,-860.4193530363452,-177.04353331444622,-860.8688938625568,-176.59399248823468,-2.9755621995449855,-2.971652552451571,0.0029245203689450302,0.0029620167948869935,**,**
2013,2014,-287.7264933154446,267.4371437235732,1,-412.16615161818095,267.74958794446076,266682,50000000,True,1.0011682903000585,-811.9032950136481,236.45030838275886,-812.5156856865876,237.06269905569843,-1.0758658625700952,-1.0746104056568246,0.2819872511883889,0.2825491911389838,,
2013,2015,-239.4732388154268,161.20513690449454,2,-327.98866884056423,161.54201400111768,266682,50000000,True,1.002089741698633,-555.4353071482361,76.48882951738247,-556.0955862576175,77.14910862676382,-1.4855186591063905,-1.4824207825821085,0.13740648434579092,0.1382283674906926,,
2013,2016,24084.34641427428,2619.575421722551,3,23943.452925258905,2619.6589224340005,266682,50000000,True,1.0000318756660935,18949.978587698082,29218.71424085048,18949.81492630364,29218.877902244923,9.19398854278346,9.19369548761593,3.7853896180933303e-20,3.795720636889918e-20,***,***
2013,2017,-824.7284437710998,228.40468790908614,4,-971.9403420096703,230.88131727011182,266682,50000000,True,1.0108431634380968,-1272.4016320729086,-377.055255469291,-1277.2558256205189,-372.20106192168066,-3.610821000746594,-3.5720882638859712,0.0003052292720799819,0.0003541460036298839,***,***
2013,2018,-1142.1736129938986,200.76122136322982,5,-1211.4657189304237,201.91554509879882,266682,50000000,True,1.0057497345738922,-1535.665606865829,-748.6816191219682,-1537.9280813875444,-746.4191446002529,-5.689214307614748,-5.6566898424538055,1.2762521711260611e-08,1.5432026887817343e-08,***,***
2013,2019,935.0796107127209,703.1369276044906,6,833.3022280820845,706.5871186631138,266682,50000000,True,1.0049068551560472,-443.06876739208053,2313.227988817522,-449.83114186698197,2319.990363292424,1.3298684424077019,1.3233748337811797,0.183561620613396,0.18571075661596945,,
2013,2020,-1578.005761388233,179.46324498764545,7,-1673.546667811948,181.52642457168557,266682,50000000,True,1.0114963907187913,-1929.753721564018,-1226.257801212448,-1933.7975535487367,-1222.2139692277292,-8.792918914939188,-8.692981008751548,1.457236433442406e-18,3.53051407210467e-18,***,***
2013,2021,-830.0215399668483,232.3315260284937,8,-889.9935785196298,232.91776177323374,266682,50000000,True,1.0025232724751618,-1285.391330982696,-374.6517489510007,-1286.5403530423864,-373.5027268913102,-3.572573873874751,-3.5635819855376614,0.00035348971858213896,0.000365828364311772,***,***
2013,2022,-863.8368188184163,177.60996627659574,9,-907.786009748534,178.1339944570171,266682,50000000,True,1.0029504435556578,-1211.952352720544,-515.7212849162886,-1212.9794479541697,-514.6941896826628,-4.863673119970898,-4.849365341250774,1.1522715065715708e-06,1.2385711686753967e-06,***,***
2013,2023,-576.3389991262325,183.69974256991503,10,-607.561078616257,183.84943430491293,266682,50000000,True,1.0008148717733827,-936.390494563266,-216.287503689199,-936.6838903638618,-215.99410788860314,-3.1373968796220892,-3.1348423850485094,0.0017045522254634643,0.0017194646919480297,**,**
2013,2024,-875.7644902064582,159.37694322947954,11,-894.7202869640548,159.50284738446234,266682,50000000,True,1.00078997722275,-1188.1432989362381,-563.3856814766782,-1188.3900710800044,-563.1389093329119,-5.494925881126263,-5.490588441318127,3.908745456989014e-08,4.005968320935462e-08,***,***
2013,2025,-572.9560600040966,178.98679329101148,12,-572.9560600040967,179.0728944835741,266682,50000000,True,1.0004810477408945,-923.7701748544791,-222.14194515371406,-923.9389331919017,-221.9731868162914,-3.2011080229396445,-3.199568877559258,0.0013690019833524241,0.0013763329622602436,**,**
2014,2002,-2403.66552943597,516.2728009665183,-12,7.230151788476007,230.45302934831253,265320,50000000,True,0.4463784048217912,-3415.5602193303457,-1391.770839541594,-2855.3534669586625,-1951.9775919132771,-4.655805080058545,-10.430175451514716,3.227171450654413e-06,1.8055459379996947e-25,***,***
2014,2003,-32.22280609443527,146.03174166189342,-11,82.54560717001283,181.700909601242,265320,50000000,True,1.2442562660242265,-318.4450197517464,253.99940756287583,-388.35658891286954,323.910976723999,-0.22065617877132887,-0.17733981720372752,0.8253601546648965,0.8592414768107346,,
2014,2004,98.4026963366864,230.39124667398318,-10,158.49677802655407,287.89248651159556,265320,50000000,True,1.249580835503616,-353.1641471443206,549.9695398176934,-465.86657722604093,662.6719698994137,0.42711126293757096,0.3418036279064997,0.6692982898219109,0.7324986791801347,,
2014,2005,-123.46055248033952,239.701937360515,-9,14.391446267053233,210.77448199881107,265320,50000000,True,0.8793190589936841,-593.2763497069488,346.3552447462699,-536.5785371980091,289.65743223733017,-0.5150586342347878,-0.5857471516928502,0.606512047558529,0.5580454427806301,,
2014,2006,288.82536657960407,160.29894085749967,-8,412.98830823544824,227.82651851126477,265320,50000000,True,1.421260285891688,-25.360557501095286,603.0112906603034,-157.7146097024749,735.3653428616831,1.8017921081360109,1.2677425282488493,0.07157811985324922,0.20488991205274415,.,
2014,2007,1540.5816773530087,458.04140033897494,-7,1765.2132308326836,538.90024318548,265320,50000000,True,1.1765317344385577,642.8205326886178,2438.3428220173996,484.3372007094679,2596.8261539965497,3.363411421353826,2.858751126639903,0.0007698553749728463,0.004253123165375377,***,**
2014,2008,-1091.5937477453263,717.1858863297944,-6,606.6829758530424,711.269863368365,265320,50000000,True,0.9917510605350802,-2497.278084951723,314.09058946107075,-2485.682679947322,302.4951844566692,-1.5220513517514513,-1.5347110906342343,0.12799621419783844,0.1248548103634482,,
2014,2009,39.007559775522395,728.9060105525568,-5,817.1193579090758,288.032716631515,265320,50000000,True,0.3951575545565442,-1389.648220907489,1467.6633404585339,-525.536564822247,603.5516843732918,0.05351521212721541,0.1354275313988911,0.9573214104923006,0.8922738577361932,,
2014,2010,-679.932183868507,226.76315511912776,-4,117.04920773058012,201.74840629602596,265320,50000000,True,0.8896877722046135,-1124.3879679019974,-235.4763998350166,-1075.359060208718,-284.5053075282961,-2.998424428833297,-3.370198537632266,0.0027137944998585446,0.0007511404369676257,**,***
2014,2011,92.24710393057848,268.2110946899683,-3,190.76743160198674,323.8150128395117,265320,50000000,True,1.2073140121732,-433.44664166175943,617.9408495229163,-542.4303212348646,726.9245290960214,0.34393470574813145,0.28487593308806136,0.7308953908472329,0.7757391949464923,,
2014,2012,468.8000790507332,286.54538266180674,-2,684.7729034775658,273.67338293963707,265320,50000000,True,0.9550786699035323,-92.82887096640798,1030.4290290678744,-67.59975151095546,1005.1999096124218,1.636041295434278,1.7129911356930694,0.10183094500915275,0.08671417038245813,,.
2014,2013,-586.828505883239,270.7403702772961,-1,0.0,0.0,265320,50000000,True,0.0,-1117.4796316267393,-56.1773801397386,-586.828505883239,-586.828505883239,-2.16749539524601,-inf,0.030197100427690183,,*,
2014,2014,-326.3172396871378,188.84935051674253,0,-352.8125003955472,189.33421571350362,265320,50000000,True,1.0025674708196473,-696.4619666999531,43.82748732567751,-697.4123024856049,44.77782311132927,-1.7279235474956427,-1.7234985153497766,0.08400193200462569,0.08479841342400372,.,.
2014,2015,299.43797087579617,345.7250430699266,1,308.8669384449856,346.2598549396157,265320,50000000,True,1.0015469283478575,-378.1831135412599,977.0590552928522,-379.23134480585065,978.107286557443,0.8661159406240398,0.8647781907261967,0.38642658435149196,0.3871605436810244,,
2014,2016,-259.00173486757285,383.12440033720515,2,-301.95082628862366,384.63632906773665,265320,50000000,True,1.0039463128143256,-1009.9255595284949,491.9220897933492,-1012.8889398403367,494.88547010519096,-0.6760251621656405,-0.6733678420219146,0.49902466959946,0.5007133019686116,,
2014,2017,-976.1336862349434,437.7487764866023,3,-1025.4011868791874,439.7805858199929,265320,50000000,True,1.0046414963159875,-1834.121288148684,-118.14608432120292,-1838.1036344421295,-114.1637380277574,-2.2298947219669016,-2.219592491594174,0.025754432879031185,0.026446442422719162,*,*
2014,2018,-1186.6463417544633,191.22825571640016,4,-1182.3712009789751,192.87898811705205,265320,50000000,True,1.0086322619764936,-1561.4537229586076,-811.8389605503189,-1564.6891584638852,-808.6035250450412,-6.205392280073461,-6.152284151523679,5.456063297924895e-10,7.637487931718901e-10,***,***
2014,2019,80.90574977345352,583.4553282998231,5,52.65510233374039,589.3198007690899,265320,50000000,True,1.0100512793093444,-1062.6666936941997,1224.478193241107,-1074.1610597339627,1235.9725592808695,0.13866657111386954,0.13728666450349664,0.8897136352256283,0.8908042108136079,,
2014,2020,-1236.9919094344814,211.01376953111412,6,-1261.995693103798,212.98890151547317,265320,50000000,True,1.0093602042594088,-1650.578897715465,-823.4049211534978,-1654.4501564048087,-819.533662464154,-5.862138343782755,-5.807776370660406,4.5694406185401335e-09,6.33079964017069e-09,***,***
2014,2021,-331.0579268096245,310.95071735398716,7,-335.0278372404806,311.1590099214974,265320,50000000,True,1.0006698571699164,-940.5213328234394,278.4054792041903,-940.9295862557594,278.8137326365104,-1.0646636535420733,-1.0639509583641735,0.28702816347660076,0.2873509165131147,,
2014,2022,-477.3924714860203,258.2604545595574,8,-465.3395342942125,258.71533439292847,265320,50000000,True,1.0017613220504349,-983.5829624227529,28.79801945071216,-984.4745268961601,29.68958392411946,-1.8484923380940188,-1.845242272191613,0.06453115176459025,0.06500230380240266,.,.
2014,2023,-546.1040898062381,180.9138097132736,9,-521.324041174337,181.86020696424026,265320,50000000,True,1.0052312051383285,-900.6951568442544,-191.51302276822184,-902.5500954561489,-189.65808415632722,-3.0185870867002733,-3.0028784137126836,0.0025395640021261138,0.002674392552508537,**,**
2014,2024,-514.0226419072351,181.27835694545118,10,-514.7743223598641,182.1387707582591,265320,50000000,True,1.0047463681120348,-869.3282215203194,-158.71706229415076,-871.0146325934229,-157.0306512210472,-2.835543363082834,-2.82214840787228,0.004574780414397379,0.0047703096503175675,**,**
2014,2025,110.26965633616362,399.1852154633797,11,110.26965633616345,399.61978460327225,265320,50000000,True,1.001088640368076,-672.1333659720606,892.6726786443878,-672.98512148625,893.5244341585773,0.2762368245731774,0.27593642903750437,0.7823661752296236,0.7825968933689988,,
2018,2002,-607.1158825336386,83.74171493095115,-16,469.08666871227535,114.7268897211519,276842,50000000,True,1.3700088398685104,-771.2496437983028,-442.9821212689743,-831.9805863870963,-382.25117868018083,-7.249862067360732,-5.291835976807677,4.1719627322116425e-13,1.2109447698707118e-07,***,***
2018,2003,195.02570728232735,71.20059065202007,-15,765.1229968899618,116.66629653189547,276842,50000000,True,1.6385579875605354,55.47254960436803,334.57886496028664,-33.64023392018777,423.69164848484246,2.739102379578282,1.6716542230258347,0.006160718553298257,0.09459252583309925,**,.
2018,2004,151.18208059388712,96.50485321174806,-14,888.9199846558007,138.4381727628427,276842,50000000,True,1.434520318466117,-37.96743170113908,340.3315928889133,-120.15673802128458,422.5208992090588,1.5665748981781045,1.0920548688032448,0.11721408901152489,0.274808984791158,,
2018,2005,-109.9717263363317,100.64624859029637,-13,761.8497054325951,123.74014918952392,276842,50000000,True,1.2294561488648879,-307.2383735733126,87.29492090064917,-352.5024187477986,132.55896607513517,-1.0926559894348058,-0.888731160069121,0.27454486992939336,0.3741475804225634,,
2018,2006,714.8704766138482,119.890483779443,-12,1562.85694069558,146.24300431430214,276842,50000000,True,1.2198049395091162,479.88512840613987,949.8558248215564,428.23418815781594,1001.5067650698804,5.962695737628038,4.888237081600599,2.4811016258533805e-09,1.0174295995918712e-06,***,***
2018,2007,-963.5721514190805,117.11130357662331,-11,445.19092302674096,128.76680749804484,276842,50000000,True,1.0995250122358649,-1193.1103064292622,-734.0339964088987,-1215.9550941152484,-711.1892087229126,-8.22783217325078,-7.483078676418308,1.906319138123688e-16,7.260138703668526e-14,***,***
2018,2008,-26.424048592406287,98.3518908023349,-10,351.5790519369547,122.13502464196621,276842,50000000,True,1.2418167423687871,-219.1937545649827,166.34565738017014,-265.8086968906601,212.9605997058475,-0.26866843511440625,-0.21635111361271916,0.7881848440569736,0.8287140694751236,,
2018,2009,627.4223784637691,97.76631133735899,-9,1128.1291992897054,128.4474268271009,276842,50000000,True,1.3138209376016203,435.8004082425455,819.0443486849927,375.6654218826513,879.1793350448868,6.4175723711079105,4.884662884748348,1.384645417936974e-10,1.0360596363519526e-06,***,***
2018,2010,144.16307729214986,111.70356932747248,-8,1246.251108409027,131.13064137369287,276842,50000000,True,1.173916305120632,-74.7759185896962,363.1020731739959,-112.85297980028815,401.1791343845879,1.2905861304173587,1.0993851305990145,0.19684722791346285,0.2716001137698591,,
2018,2011,-335.5328537987559,103.08633390948135,-7,904.7406757652712,118.43005559990937,276842,50000000,True,1.1488434122014768,-537.5820682613394,-133.48363933617247,-567.6557627745783,-103.40994482293357,-3.2548723101685093,-2.8331731510139786,0.0011344335833644468,0.004608841366883058,**,**
2018,2012,152.06259138405744,82.23798674018933,-6,1076.8923002490092,118.20050790423018,276842,50000000,True,1.4372981707061432,-9.123862626713645,313.2490453948285,-79.6104041082337,383.7355868763486,1.8490553746708533,1.2864800167124781,0.06444981721528112,0.19827558855336377,.,
2018,2013,-650.3420572390214,70.13024889394025,-5,352.24805246121423,111.18816364390982,276842,50000000,True,1.5854522890979967,-787.7973450711443,-512.8867694068986,-868.2708579810846,-432.4132564969582,-9.273345917002949,-5.849022377254119,1.8039623301580094e-20,4.944705715324939e-09,***,***
2018,2014,21.42850677875026,76.67002955222029,-4,346.3789879875412,123.23020114976158,276842,50000000,True,1.607279948494463,-128.84475114360148,171.701764701102,-220.10268747478244,262.95970103228296,0.2794900028590078,0.17389005762238602,0.7798688090342676,0.8619518664576507,,
2018,2015,93.15957757095316,87.06850622039174,-3,471.97478078260235,111.00907988786372,276842,50000000,True,1.2749624945542595,-77.49469462101465,263.813849762921,-124.41821900925973,310.737374151166,1.0699572281066063,0.839206825829551,0.28463856163155155,0.40135325759831414,,
2018,2016,-426.83557179664524,82.12750236427101,-2,8.74241660232883,107.45098666698324,276842,50000000,True,1.308343533818813,-587.8054764306164,-265.8656671626741,-637.4395056639323,-216.2316379293581,-5.197230641490164,-3.9723746150373898,2.022793314043067e-07,7.115969435137532e-05,***,***
2018,2017,-2.518295567656537,104.14320050279589,-1,0.0,0.0,276842,50000000,True,0.0,-206.6389685531365,201.60237741782342,-2.518295567656537,-2.518295567656537,-0.024181084847578978,-inf,0.980708165824159,,,
2018,2018,-318.479049402169,104.95403040310163,0,-276.7216391800648,106.96684114434568,276842,50000000,True,1.0191780223542952,-524.1889489922481,-112.76914981208981,-528.1340580450865,-108.82404075925146,-3.0344623086790694,-2.977362386278189,0.002409648628729265,0.002907401325472961,**,**
2018,2019,-126.39342756735732,101.90351610583465,1,-117.11663041863665,128.90621715282757,276842,50000000,True,1.2649830160810989,-326.12431913479327,73.3374640000786,-379.04961318689936,126.2627580521847,-1.2403244990691784,-0.9805068394607286,0.21485539434453266,0.32683599521152534,,
2018,2020,-447.46128555802727,113.29111786344114,2,-532.2257249104697,114.51156124576713,276842,50000000,True,1.0107726307705525,-669.5118765703719,-225.41069454568265,-671.9039455997308,-223.0186255163237,-3.949659020024749,-3.907564272900589,7.82626025360159e-05,9.323124512592415e-05,***,***
2018,2021,125.5232710950678,121.61061517359782,3,72.4110061189649,123.1240999211933,276842,50000000,True,1.0124453341958266,-112.83353464518393,363.8800768353195,-115.79996475047108,366.8465069406067,1.0321736380979958,1.0194857966507784,0.3019907821895303,0.3079723927866444,,
2018,2022,215.38339519920396,110.34112146260154,4,178.29397784576508,113.461483223269,276842,50000000,True,1.0282792282632822,-0.8852028674950532,431.651993265903,-7.001111918403268,437.76790231681116,1.9519775795663354,1.8982952547462604,0.05094086654210682,0.05765719872314493,.,.
2018,2023,516.1955261309351,112.86129984607389,5,491.8332202175899,116.3221803242711,276842,50000000,True,1.0306649000402914,294.9873784326303,737.40367382924,288.20405269536377,744.1869995665065,4.573715940140238,4.437636267579734,4.791493551056026e-06,9.095214261959451e-06,***,***
2018,2024,433.3237425871057,122.93166775133662,6,406.9365148718805,126.3319142096246,276842,50000000,True,1.0276596463749756,192.37767379448593,674.2698113797255,185.7131907362415,680.9342944379699,3.5249155121170497,3.4300417697153276,0.00042361787702173897,0.0006034883408364555,***,***
2018,2025,238.58581289395215,106.13704063038442,7,238.58581289395158,109.4554620410219,276842,50000000,True,1.031265441272229,30.55721325839869,446.6144125295056,24.053107293549232,453.11851849435504,2.247903384877785,2.1797524622803617,0.02458235129672918,0.0292758154400923,*,*
2019,2002,1188.6304011344123,1130.9736269930456,-17,1727.806671969249,1247.5026123458963,264961,50000000,True,1.1030342198718373,-1028.0779077719571,3405.3387100407817,-1256.4747190635444,3633.735521332369,1.0509797689046565,0.9528079455474836,0.2932678817064436,0.34068738779057,,
2019,2003,-687.210834252136,1101.0195031937421,-16,1148.118210529121,455.2902524422915,264961,50000000,True,0.41351697324309417,-2845.2090605118706,1470.7873920075986,-1579.5797290390274,205.15806053475524,-0.6241586386605634,-1.50939061525206,0.5325234071502214,0.1311989899391308,,
2019,2004,1933.8817007054074,2477.4034239353855,-15,3059.601065375644,2779.0749562031297,264961,50000000,True,1.121769240065284,-2921.829010207948,6789.592411618763,-3513.1052134527263,7380.868614863542,0.7806083103063661,0.69587245079116,0.4350329025603783,0.48650871148674557,,
2019,2005,-379.0761636457404,1877.1577418046963,-14,2659.7620531804805,1205.2963322879016,264961,50000000,True,0.6420858010201804,-4058.3053375829454,3300.1530102914644,-2741.4569749300276,1983.3046476385466,-0.2019415604792473,-0.3145086842885977,0.8399624107761057,0.753134721753025,,
2019,2006,-1746.289645620266,1467.161100650436,-13,1023.5874465076861,538.6322737062472,264961,50000000,True,0.36712551434703083,-4621.925402895121,1129.3461116545889,-2802.0089020845107,-690.5703891560213,-1.1902507808079725,-3.242081343556172,0.2339478396144661,0.001186601484573438,,**
2019,2007,764.8911336683586,920.6388568434977,-12,1601.7177369379126,1197.9055499159026,264961,50000000,True,1.301167706545693,-1039.5610257448968,2569.3432930816143,-1583.0037441668105,3112.786011503528,0.8308264722725959,0.6385237414769944,0.40607166564050967,0.523132804444821,,
2019,2008,-1028.3669851709399,1171.0247841566159,-11,505.2873725546187,706.1202144340754,264961,50000000,True,0.6029933985920123,-3323.575562117907,1266.8415917760274,-2412.3626054617275,355.6286351198478,-0.8781769601158189,-1.4563624778751467,0.3798476932614196,0.1452924424527272,,
2019,2009,5292.93654698418,3265.810268041135,-10,5969.553057967638,3239.41644319697,264961,50000000,True,0.9919181389370803,-1108.051578376445,11693.924672344805,-1056.3196816818809,11642.192775650241,1.6207115884165968,1.6339166759802568,0.10507950715491413,0.10227634770393525,,
2019,2010,-4920.8277862700015,3156.786995761378,-9,1027.9684470310626,635.5150496142481,264961,50000000,True,0.201317051314376,-11108.130297962303,1266.4747254222993,-6166.4372835139275,-3675.218289026075,-1.5588089386066286,-7.7430546912412215,0.11904160795896057,9.705626705673476e-15,,***
2019,2011,2217.824410443167,1073.3951605464943,-8,3227.3076090540135,1574.563879440969,264961,50000000,True,1.4669004829864487,113.9698957720384,4321.678925114295,-868.3207932611322,5303.969614147466,2.0661770165928575,1.408532508208292,0.0388117681844565,0.1589734479474981,*,
2019,2012,-321.5367942000529,1151.4471176250952,-7,2931.524950601765,998.6505314681309,264961,50000000,True,0.8673003876442774,-2578.3731447452396,1935.2995563451336,-2278.8918358775895,1635.8182474774835,-0.2792458196979425,-0.32197128431640337,0.7800561825497966,0.7474744488857723,,
2019,2013,-1350.8656351804273,711.0386050714658,-6,1482.0739156647605,887.3800430972861,264961,50000000,True,1.2480054342592222,-2744.5013011205,42.77003075964558,-3090.130519651108,388.39924929025347,-1.8998485111010999,-1.5223078834017996,0.05745300262830217,0.12793195368675317,.,
2019,2014,-740.4651469792008,284.20395057715893,-5,715.1344933102575,773.1660332953775,264961,50000000,True,2.7204619489814923,-1297.5048901104324,-183.42540384796928,-2255.8705722381405,774.9402782797391,-2.6054006127482414,-0.9577052212487925,0.009176689275405322,0.3382114231817071,**,
2019,2015,560.9019532009581,438.0417812304481,-4,1311.9447784101985,741.0858895075747,264961,50000000,True,1.6918155328148916,-297.6599380107202,1419.4638444126365,-891.6263902338883,2013.4302966358046,1.2804759208708332,0.7568649749540605,0.2003778079623661,0.44913076097790916,,
2019,2016,-516.9455944420939,361.3101129343711,-3,742.6357756005734,917.3205774135691,264961,50000000,True,2.5388732409496453,-1225.1134157934612,191.22222690927345,-2314.8939261726896,1281.0027372885015,-1.43075318386118,-0.5635386441451555,0.152500964842772,0.5730681533053099,,
2019,2017,2242.611139751193,1528.2816527672974,-2,2978.864948860565,1784.8660052338776,264961,50000000,True,1.1678907497201034,-752.8208996727099,5238.043179175096,-1255.7262305072068,5740.9485100095935,1.4674069636905225,1.256459102910269,0.1422653812752737,0.20894956473184093,,
2019,2018,-3020.711298284841,1784.75313110094,-1,0.0,0.0,264961,50000000,True,0.0,-6518.827435242683,477.404838673001,-3020.711298284841,-3020.711298284841,-1.6925093143954817,-inf,0.09054890567439938,,.,
2019,2019,1182.179581920338,530.8080154309976,0,1149.610029644783,535.6330174131525,264961,50000000,True,1.0090899192210525,141.79587167558293,2222.563292165093,132.3388677905591,2232.020296050117,2.227132122261661,2.2070700339379594,0.02593844494105168,0.027309166923479303,*,*
2019,2020,3673.452776618436,4112.991132197152,1,3633.830468632744,4113.015862796157,264961,50000000,True,1.0000060128014407,-4388.009842487982,11734.915395724855,-4388.058314462032,11734.963867698903,0.8931341348786436,0.8931287646727206,0.37178534497287924,0.3717882204913877,,
2019,2021,993.575955424144,1099.7384124152404,2,976.2464998805759,1099.8182275163304,264961,50000000,True,1.0000725764419873,-1161.9113329097272,3149.0632437580152,-1162.0677705078633,3149.2196813561513,0.9034657189449781,0.9034001533761552,0.36627877441032614,0.36631355862925624,,
2019,2022,2206.2468713162934,1483.4045403103262,3,2204.94026339539,1483.5162793646148,264961,50000000,True,1.000075326083514,-701.226027691946,5113.719770324533,-701.4450362383513,5113.938778870938,1.487286044611101,1.4871740216165485,0.1369392787323425,0.13696885541258,,
2019,2023,1144.5168504924131,1011.5575667099384,4,1155.937354011602,1011.7109613247628,264961,50000000,True,1.0001516420022671,-838.1359802590662,3127.1696812438922,-838.436633704122,3127.4703346889482,1.131440155417868,1.1312686075811125,0.2578698783224171,0.25794205301301154,,
2019,2024,1288.9220191721686,1095.5458782801395,5,1263.1090080367194,1095.687490312494,264961,50000000,True,1.0001292616175754,-858.3479022569047,3436.191940601242,-858.6254618403198,3436.4695001846567,1.1765112212330202,1.1763591631447425,0.23939065103102344,0.23945138306943997,,
2019,2025,1476.0409623490716,1012.5612450593786,6,1476.0409623490718,1012.6781376214808,264961,50000000,True,1.0001154424610585,-508.57907796731047,3460.6610026654535,-508.80818738903076,3460.890112087174,1.4577300578618468,1.4575617933412786,0.14491496348772567,0.14496136722936676,,
2020,2002,-129.79620019775265,30.114821189567884,-18,142.5832166865556,98.03379749523904,289831,50000000,True,3.255333872917003,-188.8212497293057,-70.7711506661996,-321.94244328842115,62.350042892915866,-4.310043861150852,-1.3239944132946204,1.632221695348452e-05,0.18550490013906462,***,
2020,2003,327.17604765822847,28.769064474040338,-17,554.4671032158996,95.4653038090382,289831,50000000,True,3.318331880245219,270.7886812891094,383.56341402734756,140.0640521925136,514.2880431239433,11.372495200650498,3.4271723296736942,5.7325030354004474e-30,0.0006099018807612471,***,***
2020,2004,-405.3490276693931,46.29600779594282,-16,155.0154309208954,105.57269062214151,289831,50000000,True,2.2803843278986453,-496.089202949441,-314.60885238934515,-612.2715012887904,-198.42655404999573,-8.755593559082563,-3.839525404540369,2.030321274867496e-18,0.00012327237400527112,***,***
2020,2005,131.78803633187007,46.335659633621326,-15,256.81866740870134,96.22779582111598,289831,50000000,True,2.076754633083776,40.970143449972284,222.60592921376787,-56.818443477517235,320.3945161412574,2.8442033063503467,1.3695422950023641,0.004452262912163362,0.17082982335758456,**,
2020,2006,310.11849922950694,29.475925640456243,-14,655.2825834725636,96.69543667427605,289831,50000000,True,3.2804885537355206,252.3456849742127,367.8913134848012,120.59544334792588,499.641555111088,10.521077540101528,3.2071678860519377,6.907899599734228e-26,0.0013404874100610628,***,**
2020,2007,-634.8308311075698,33.19469911657776,-13,-121.28321585795479,100.5736913264059,289831,50000000,True,3.029811807397236,-699.8924413760622,-569.7692208390774,-831.9552661073253,-437.7063961078142,-19.124464086210953,-6.312096361734047,1.5798877922693388e-81,2.752807231424002e-10,***,***
2020,2008,37.81824400973471,36.81151327714676,-12,-154.25653984611338,100.37711463760576,289831,50000000,True,2.7267858803273284,-34.33232201347293,109.96881003294236,-158.92090067997256,234.557388699442,1.0273482571881376,0.3767616168911704,0.3042565066956495,0.7063507675485959,,
2020,2009,457.36723587702824,42.10957853791222,-11,440.501070405081,101.20748130757237,289831,50000000,True,2.4034313527135622,374.8324619427203,539.9020098113361,259.0005725141864,655.7338992398701,10.86135866843811,4.519105010498942,1.7610926448007492e-27,6.210158939112519e-06,***,***
2020,2010,-41.04477531112242,38.82773468152191,-10,381.6351692165472,96.32311542566771,289831,50000000,True,2.4807812306265657,-117.14713528690537,35.057584664660524,-229.83808154543112,147.7485309231863,-1.057099407106426,-0.42611552927600815,0.29046622178269793,0.6700236649451794,,
2020,2011,133.0670621291593,31.148245719620554,-9,485.95174308191423,98.00900228071902,289831,50000000,True,3.146533617428807,72.01650051870301,194.11762373961557,-59.03058234104998,325.16470659936857,4.272056388888032,1.3577024460266047,1.9367858197183554e-05,0.17455812034117077,***,
2020,2012,-66.08111769371435,32.80602502675457,-8,450.75874107717294,96.6815373340228,289831,50000000,True,2.9470664993755054,-130.3809267461533,-1.7813086412753876,-255.57693086839902,123.41469548097034,-2.0142982162521266,-0.6834926245060856,0.04397823314080595,0.494295609137513,*,
2020,2013,-9.377898967137327,33.49626188757704,-7,343.49104694087623,97.56009298427753,289831,50000000,True,2.9125665816596755,-75.03057226678833,56.27477433251367,-200.59568121632128,181.83988328204663,-0.27996852301346986,-0.09612433404146753,0.7795016545350056,0.92342182502259,,
2020,2014,-434.6975059150104,29.4368137833621,-6,-83.64609861195788,97.0779703785496,289831,50000000,True,3.2978423240024286,-492.39366093040013,-377.0013508996207,-624.9703278569676,-244.42468397305322,-14.767138492437812,-4.477818234352594,2.386314055414244e-49,7.5409764916030864e-06,***,***
2020,2015,294.74035785553633,24.767734075420645,-5,223.9275661223794,95.0142706283063,289831,50000000,True,3.836211675197123,246.19559906771187,343.28511664336077,108.51238742405599,480.9683282870167,11.900174515683085,3.102064099492528,1.1809992336908034e-32,0.0019217634117182022,***,**
2020,2016,-685.7644348951189,32.08055503436069,-4,-460.48990422203764,95.3488239768428,289831,50000000,True,2.9721687755937207,-748.6423227624659,-622.8865470277719,-872.6481298897309,-498.880739900507,-21.37632700433685,-7.192164583610065,2.21923880522686e-101,6.3772089284278e-13,***,***
2020,2017,-352.8730936653014,58.32359133943167,-3,-792.0361774960329,109.24653379038948,289831,50000000,True,1.8731105420891596,-467.1873326905875,-238.5588546400153,-566.9962998944648,-138.749887436138,-6.050263462200919,-3.2300621486294148,1.4460914383007253e-09,0.0012376331186429402,***,**
2020,2018,1068.8401215685324,113.95816806056223,-2,231.5677814539198,130.6624212293302,289831,50000000,True,1.1465823244884965,845.4821121698304,1292.1981309672344,812.7417759590452,1324.9384671780194,9.37923221967297,8.180164667946675,6.645486725400813e-21,2.8345624672387477e-16,***,***
2020,2019,-216.63043642419805,109.48869235377272,-1,0.0,0.0,289831,50000000,True,0.0,-431.2282734375926,-2.0325994108035275,-216.63043642419805,-216.63043642419805,-1.9785644687785284,-inf,0.04786506339671367,,*,
2020,2020,-251.0258663760119,104.86013979044743,0,-275.7108293319818,128.9944117724327,289831,50000000,True,1.2301567786407228,-456.5517403652889,-45.49999238673493,-503.85491344998,1.8031806979562077,-2.3939112314523148,-1.9460212495008131,0.016669782673673156,0.05165218713686823,*,.
2020,2021,208.86800174605992,94.20908290619666,1,204.58013895382481,118.60352162944879,289831,50000000,True,1.2589393503335715,24.218199249914477,393.51780424220533,-23.5949006476597,441.33090413977953,2.2170686233516186,1.7610607077808624,0.026618402523446046,0.07822812848434658,*,.
2020,2022,525.0571152028731,98.41341614275174,2,536.7921000333021,121.69772188000039,289831,50000000,True,1.236596865039966,332.1668195630797,717.9474108426665,286.52958031807236,763.5846500876738,5.335218873423328,4.314436680422037,9.542937502115922e-08,1.6001038627968745e-05,***,***
2020,2023,229.24547998690093,71.45648331424269,3,253.707576257423,99.42047504891576,289831,50000000,True,1.3913429606057774,89.19077269098526,369.30018728281664,34.38134889102605,424.1096110827758,3.20818306966987,2.3058175881186456,0.0013357644164409832,0.02112082703775046,**,*
2020,2024,700.4870428782875,88.50974145221903,4,683.0366848306227,111.9857680099651,289831,50000000,True,1.2652366414426748,527.0079496319382,873.9661361246368,480.9949375787559,919.9791481778191,7.914236686098981,6.2551434465846985,2.487746339518726e-15,3.9715069974802293e-10,***,***
2020,2025,368.84236302249394,74.01768567716911,5,368.84236302249394,101.11042116442053,289831,50000000,True,1.366030567416244,223.76769909524248,513.9170269497454,170.66593754022972,567.0187885047582,4.983165302292936,3.647916394519825,6.25524681688462e-07,0.00026437563197991004,***,***
2021,2002,-239.27825050515628,231.58835470220905,-19,1877.0216469706893,225.99642259738445,267071,50000000,True,0.9758540013291469,-693.191425721486,214.63492471117343,-682.2312387960299,203.67473778571724,-1.0332050193665194,-1.0587700803186322,0.3015079644431775,0.28970450284041077,,
2021,2003,-527.682668768052,219.29317384063967,-18,1459.9756636730217,162.05376890329174,267071,50000000,True,0.7389822768539809,-957.4972894957058,-97.86804804039832,-845.3080558185038,-210.05728171760023,-2.4062886205090863,-3.256219663011697,0.016115527140762705,0.0011290636439430391,*,**
2021,2004,2145.69623877325,349.9452354364085,-17,3570.5862970536623,371.46983540728803,267071,50000000,True,1.0615084813029008,1459.8035773178894,2831.588900228611,1417.6153613749657,2873.7771161715345,6.131520082270595,5.776232776533954,8.704334485166949e-10,7.639167128305016e-09,***,***
2021,2005,-1445.81254936384,364.4124471193209,-16,2112.609371517051,221.65707372848914,267071,50000000,True,0.6082587888550117,-2160.060945717709,-731.5641530099709,-1880.2604138716786,-1011.3646848560013,-3.9675169187907353,-6.522744909710556,7.262535785745344e-05,6.903221274005226e-11,***,***
2021,2006,127.13100884010612,254.40010742622312,-15,2349.0526056857434,244.94034676890243,267071,50000000,True,0.962815421923263,-371.4932017152912,625.7552193955034,-352.95207082694264,607.2140885071549,0.49972859731191166,0.5190284512826804,0.6172661933688108,0.6037409009748407,,
2021,2007,-659.6696325395008,233.97653012181638,-14,1506.6250136094795,202.65337652017706,267071,50000000,True,0.8661269419401536,-1118.2636315782609,-201.07563350074065,-1056.8702505190477,-262.46901455995373,-2.8193837740736374,-3.255162306529944,0.004811595245587196,0.0011332757989186769,**,**
2021,2008,-488.1469558274473,186.18523167490395,-13,953.3581990297054,187.22375546614288,267071,50000000,True,1.0055779063779466,-853.070009910259,-123.22390174463555,-855.1055165410874,-121.18839511380725,-2.62183499430178,-2.60729176493697,0.008745776320058771,0.009126156061127603,**,**
2021,2009,965.5892232953813,215.8836128387013,-12,2084.2908921886083,216.59650130002387,267071,50000000,True,1.0033021888597686,542.4573421315267,1388.721104459236,541.0600807473345,1390.1183658434281,4.472730517145954,4.45800932840495,7.722707678940854e-06,8.272430291163015e-06,***,***
2021,2010,-561.1856518953244,194.40397309911702,-11,1505.7889901841595,186.93593033022375,267071,50000000,True,0.9615849272530779,-942.2174391695937,-180.1538646210551,-927.5800753425631,-194.79122844808586,-2.8866984709679957,-3.002021339097228,0.0038930712512949364,0.0026819337519251116,**,**
2021,2011,462.10052083768437,180.17957872216144,-10,1946.4118943200929,195.36566558553614,267071,50000000,True,1.0842830634363496,108.94854654224798,815.2524951331208,79.18381629003358,845.0172253853352,2.564666451741724,2.3653108106417235,0.01032750306697391,0.018014944970881748,*,*
2021,2012,824.5141049140522,226.29606874783988,-9,2791.2054798166155,254.42243734839226,267071,50000000,True,1.1242901335236777,380.973810168286,1268.0543996598183,325.84612771120334,1323.182082116901,3.643519348242865,3.2407287403862393,0.0002689354259654892,0.001192245762850559,***,**
2021,2013,-1896.0291091415834,233.1322075342272,-8,809.1896646377237,158.70980093664653,267071,50000000,True,0.6807716643499188,-2352.9682359086687,-1439.089982374498,-2207.1003189774106,-1584.9578993057562,-8.132849292662485,-11.946515577185032,4.193158084038627e-16,6.770478581710054e-33,***,***
2021,2014,203.9794980321891,133.20288333030913,-7,985.312813940411,172.5864358036008,267071,50000000,True,1.2956659156966635,-57.098153295216775,465.057149359595,-134.2899161428685,542.2489122072467,1.5313444644165248,1.181897621805649,0.12568428173919838,0.23724632574667634,,
2021,2015,75.03512718345672,167.94835749897172,-6,1095.7714847064076,180.9729314615736,267071,50000000,True,1.0775510648425461,-254.14365351452784,404.2139078814413,-279.67181848122755,429.742072848141,0.44677499858202624,0.4146207202229528,0.6550375246564584,0.6784195774546535,,
2021,2016,-12.927372915297497,184.9860276433825,-5,1030.552312903424,185.83166104219043,267071,50000000,True,1.0045713366008278,-375.4999870963272,349.6452412657322,-377.1574285579907,351.30268272739573,-0.06988296943279947,-0.06956496456415207,0.9442868084096558,0.9445399235841389,,
2021,2017,1249.4529075173368,268.7457089857392,-4,2265.3496233833644,289.37622432301544,267071,50000000,True,1.0767659339199755,722.711317905288,1776.1944971293856,682.2755078442266,1816.6303071904472,4.649201329512718,4.317745559229629,3.332228280097627e-06,1.576309938171024e-05,***,***
2021,2018,-1326.9306656427696,289.8736458673783,-3,989.3749457956098,199.1286078196855,267071,50000000,True,0.6869496784498648,-1895.083011542831,-758.7783197427082,-1717.2227369693533,-936.638594316186,-4.577617470785396,-6.663686750847617,4.703016969694508e-06,2.6704233522109685e-11,***,***
2021,2019,-233.29305513683585,186.43109000860193,-2,725.1296252293901,165.21092873005165,267071,50000000,True,0.8861769178221767,-598.6979915536956,132.1118812800239,-557.106475447737,90.52036517406538,-1.2513634669307125,-1.4120921474754724,0.2108018997115214,0.1579228305922689,,
2021,2020,-705.7708840340072,147.19585460202754,-1,0.0,0.0,267071,50000000,True,0.0,-994.2747590539811,-417.2670090140332,-705.7708840340072,-705.7708840340072,-4.794774186692929,-inf,1.6285817621387822e-06,,***,
2021,2021,565.1180120396659,155.15468219213537,0,580.1888904428135,155.91716117153777,267071,50000000,True,1.004914314983148,261.0148349430806,869.2211891362513,259.5203761434519,870.7156479358799,3.6422878385317023,3.624476021712141,0.00027022567110452744,0.00028954788069559585,***,***
2021,2022,814.0205723553975,165.30554951780485,1,845.114298381209,166.84161066913381,267071,50000000,True,1.0092922539854812,490.02169530049997,1138.019449410295,487.0110154438952,1141.0301292668996,4.924339048083321,4.8790021211776375,8.464596521710483e-07,1.0662391755972886e-06,***,***
2021,2023,1352.2595365844,181.8548510406352,2,1396.080374050305,183.4286765059449,267071,50000000,True,1.008654294654796,995.824028544755,1708.6950446240448,992.7393306327479,1711.779742536052,7.435927767922119,7.3721272068414745,1.0383656912912288e-13,1.6792666348089375e-13,***,***
2021,2024,1179.756768424314,159.2221535791154,3,1165.338141499418,161.08945705545446,267071,50000000,True,1.011727661222791,867.6813474092478,1491.8321894393803,864.0214325956233,1495.4921042530048,7.409501391011574,7.323612544166606,1.2677514648541537e-13,2.4138297353490574e-13,***,***
2021,2025,1245.7466638791411,212.41628951237595,4,1245.746663879141,213.5153045519653,267071,50000000,True,1.0051738736332898,829.4107364348843,1662.082591323398,827.2566669572891,1664.2366608009931,5.86464751238657,5.834460749748979,4.500878073779293e-09,5.3964809110262715e-09,***,***
2024,2002,-1109.266675462803,90.5728225704889,-22,-296.718558694997,74.75917742750234,275817,50000000,True,0.8254040815534982,-1286.7894077009612,-931.7439432246448,-1255.7946632207077,-962.7386877048984,-12.247235362456646,-14.837866247772906,1.738209047620654e-34,8.336569601469762e-50,***,***
2024,2003,1036.2624164140807,72.55966289506091,-21,815.5157994974709,92.31580941805284,275817,50000000,True,1.2722745081046498,894.0454771397613,1178.4793556884001,855.3234299546971,1217.2014028734643,14.281521923727382,11.225189086750662,2.8530197111556386e-46,3.067296232735829e-29,***,***
2024,2004,-742.1486519117151,101.6884300196047,-20,73.60297517853988,107.31652790648151,275817,50000000,True,1.0553464920816633,-941.4579747501402,-542.83932907329,-952.4890466084189,-531.8082572150113,-7.298260497960633,-6.9155112114551756,2.9151183803574145e-13,4.661791689929658e-12,***,***
2024,2005,278.76130796092957,96.17530189112306,-19,323.08194838443166,92.30932526357131,275817,50000000,True,0.9598028126604864,90.25771625432839,467.26489966753076,97.83503044432982,459.6875854775293,2.8984708389738794,3.0198607471669945,0.003749871779665537,0.002528909282444338,**,**
2024,2006,151.5829511247924,92.50197966613474,-18,580.0981544287023,91.94080830905706,275817,50000000,True,0.9939334124620565,-29.720929020831704,332.8868312704165,-28.621033160959428,331.78693541054423,1.6386995356412613,1.6487015277835013,0.10127585081976419,0.09920879701824177,,.
2024,2007,-245.74819559748119,100.60861316721761,-17,155.2172848054908,106.98436462592583,275817,50000000,True,1.0633718253139155,-442.9410774052277,-48.55531378973467,-455.43755026429585,-36.05884093066655,-2.442615874140247,-2.297047764472383,0.014581247881144451,0.02161604510757915,*,*
2024,2008,-601.487788785039,91.51886312013691,-16,-495.59559256840475,82.3336130594713,275817,50000000,True,0.8996354440219814,-780.8647605005074,-422.11081706957066,-762.8616703816028,-440.11390718847525,-6.572282131558664,-7.305494881544573,4.9549859842218286e-11,2.762480976373791e-13,***,***
2024,2009,773.6157463826265,80.56848264142056,-15,424.31664902792346,91.64346215495354,275817,50000000,True,1.1374604454551225,615.7015204054422,931.5299723598108,593.9945605589176,953.2369322063355,9.601964949814107,8.441581408988823,7.843465061530333e-22,3.1307275949498766e-17,***,***
2024,2010,137.20605609366166,84.80330321490666,-14,536.1527691189062,86.0853143470225,275817,50000000,True,1.0151174669324732,-29.008418207555394,303.4205303948787,-31.521160026502457,305.9332722138258,1.6179329211499827,1.5938381259846943,0.10567705453510347,0.11097229573231902,,
2024,2011,-563.730520300195,70.79674857728075,-13,-26.89369684364749,77.50917551185995,275817,50000000,True,1.0948126442170152,-702.4921475116653,-424.96889308872477,-715.6485043034405,-411.8125362969496,-7.96266116211304,-7.27308111042849,1.6837808705198826e-15,3.5137919045950294e-13,***,***
2024,2012,621.5665019079098,68.67360328097682,-12,599.2914480904498,84.22950395596821,275817,50000000,True,1.2265193601585853,486.96623947719524,756.1667643386244,456.4766741542121,786.6563296616075,9.051025025798946,7.379439183600556,1.416324829063049e-19,1.5895766956443916e-13,***,***
2024,2013,-920.4856863428994,64.46571419790956,-11,-388.36122403560165,72.55053992211457,275817,50000000,True,1.125412800041036,-1046.838486170802,-794.1328865149967,-1062.684744590244,-778.2866280955549,-14.278685930896707,-12.687509801182342,2.971518047383862e-46,6.935603016512623e-37,***,***
2024,2014,110.01892706619651,56.767600823391966,-10,-308.6016985835031,81.45720472610367,275817,50000000,True,1.4349242093130343,-1.245570547651738,221.28342468004476,-49.637194196966675,269.6750483293597,1.9380584254119388,1.3506346975216053,0.05261609489680728,0.17681248028492724,.,
2024,2015,125.12523716384214,72.69168404877124,-9,-151.83321493403227,85.4628230439575,275817,50000000,True,1.1756891336651065,-17.350463571749486,267.6009378994338,-42.38189600231456,292.6323703299988,1.7213143264075643,1.46408967908168,0.08519380117997422,0.14316944689093442,.,
2024,2016,331.8733457278264,100.36711250271603,-8,116.30749791818698,108.02018130650876,275817,50000000,True,1.0762507619573656,135.153805222503,528.5928862331498,120.15379036706923,543.5929010885836,3.3065945353249613,3.0723272421301644,0.0009443747857846795,0.0021239673773286644,***,**
2024,2017,134.80312675050993,119.7149790427062,-7,240.18011844412968,117.22286290674847,275817,50000000,True,0.9791829213362789,-99.83823217319423,369.4444856742141,-94.95368454671708,364.559938047737,1.126033916795168,1.1499729950952202,0.2601511634120243,0.2501549940256654,,
2024,2018,-980.2072959616207,99.22944674007685,-6,-663.4288836395216,81.49541908051509,275817,50000000,True,0.8212826107353541,-1174.6970115721713,-785.7175803510701,-1139.9383173594304,-820.4762745638111,-9.8781896721564,-12.027759437536048,5.1759503002138656e-23,2.53959355699506e-33,***,***
2024,2019,-99.32990897641787,66.9083075587663,-5,-791.7976185701011,103.52624869852556,275817,50000000,True,1.547285419043029,-230.4701917915998,31.810373838764065,-302.241356425528,103.58153847269224,-1.4845676508731793,-0.9594659347280352,0.13765839004969294,0.337324072844024,,
2024,2020,-413.0885884658501,66.68103519485315,-4,-1213.586728055067,83.98376093608931,275817,50000000,True,1.2594849598641458,-543.7834174477623,-282.3937594839379,-577.6967599005851,-248.48041703111502,-6.194993632878314,-4.918672179734911,5.82873863800637e-10,8.713325350293178e-07,***,***
2024,2021,487.263297803632,71.54921547942776,-3,-730.2505520802356,78.2976098945887,275817,50000000,True,1.0943182167678873,347.0268354639536,627.4997601433104,333.79998241023816,640.7266131970258,6.810183655245426,6.223220586932727,9.747422832804268e-12,4.87051834452381e-10,***,***
2024,2022,282.57818520857154,61.58188430240312,-2,-442.6670131836648,71.18664215652872,275817,50000000,True,1.1559672615238699,161.8776919758614,403.27867844128167,143.05236658177526,422.10400383536785,4.588657661414632,3.969539462013458,4.4610531684763975e-06,7.201168040958998e-05,***,***
2024,2023,447.3830016175226,70.54010785780325,-1,0.0,0.0,275817,50000000,True,0.0,309.1243902162282,585.641613018817,447.3830016175226,447.3830016175226,6.34225003623995,inf,2.2643341851269803e-10,,***,
2024,2024,-399.71272395170786,68.52127354555219,0,-410.4935943019446,68.78898403862674,275817,50000000,True,1.0039069690217677,-534.0144201009902,-265.41102780242556,-534.5391326674162,-264.88631523599946,-5.833410607670379,-5.810708350151809,5.4305707280454565e-09,6.220905712986592e-09,***,***
2024,2025,-372.04844791270284,73.28970385376984,1,-372.0484479127027,73.39325357040501,275817,50000000,True,1.0014128821811283,-515.6962674660917,-228.40062835931397,-515.8992249106966,-228.19767091470902,-5.076408122142598,-5.069245874974088,3.8463665707144144e-07,3.99395006325827e-07,***,***
2025,2002,-143.68221023575927,241.4873636853059,-23,1130.7979595202842,214.43968535376916,267802,50000000,True,0.8879954714036967,-616.9974430589589,329.6330225874403,-563.9839935291468,276.61957305762826,-0.5949885246293825,-0.6700355393579381,0.5518511416442867,0.5028351350338464,,
2025,2003,279.14661229916845,220.54972093672632,-22,1515.221471991374,209.58971762485936,267802,50000000,True,0.9503059751546397,-153.13084073681512,711.424065335152,-131.64923424555587,689.9424588438928,1.2656856291341807,1.3318716941964093,0.20562565538084862,0.18290235385815626,,
2025,2004,849.8905521905177,217.8545157196839,-21,2335.9773175159858,216.4033326829943,267802,50000000,True,0.9933387516347981,422.8957013799373,1276.8854030010982,425.74002013184895,1274.0410842491865,3.9011840052197146,3.9273450258527602,9.572335435121191e-05,8.588872789080343e-05,***,***
2025,2005,-435.69052335440415,237.39929414526893,-20,1883.0032332541548,228.78010781386112,267802,50000000,True,0.9636932941926375,-900.9931398791311,29.612093170322908,-884.099534669572,12.718487960763639,-1.835264611561133,-1.9044073696690815,0.06646649182597979,0.05685715014757582,.,.
2025,2006,1105.0352149177513,290.20283869711955,-19,3089.241194697267,281.97755728711996,267802,50000000,True,0.9716567851406024,536.2376510713971,1673.8327787641056,552.3592026349962,1657.7112272005065,3.8078029142611536,3.9188764721178275,0.00014020694295788208,8.896269116051672e-05,***,***
2025,2007,-1201.2926728461935,330.8468261069937,-18,1710.9633822838218,305.7704407481207,267802,50000000,True,0.9242054528558074,-1849.752452015901,-552.8328936764858,-1800.60273671251,-601.9826089798769,-3.6309632677500834,-3.928740364526478,0.00028236537402549685,8.539197245160261e-05,***,***
2025,2008,-283.4434310328679,306.8122552768862,-17,1361.749527640286,241.282562800839,267802,50000000,True,0.7864176174549834,-884.7954513755649,317.90858930982904,-756.3572541225124,189.47039205677652,-0.923833471961774,-1.1747364904559208,0.35557302510936256,0.24010015563655626,,
2025,2009,236.51832211043688,243.73038505163635,-16,1767.7206978973827,221.09541330385952,267802,50000000,True,0.9071311041379538,-241.19323259077032,714.2298768116441,-196.82868796512776,669.8653321860015,0.9704096682911671,1.0697568012656196,0.3318423313669704,0.2847287915379791,,
2025,2010,460.2277658421717,244.35259850596276,-15,2203.1167471626595,249.0566663466335,267802,50000000,True,1.0192511471923469,-18.703327229515253,939.1588589138587,-27.923300197229935,948.3788318815734,1.8834576290824308,1.8478837470731793,0.059638376771083336,0.06461916222254574,.,.
2025,2011,280.05458677377567,284.72380095910324,-14,2462.2584664114347,276.39852888484086,267802,50000000,True,0.9707601821617358,-278.0040631060667,838.1132366536181,-261.68652984051243,821.7957033880638,0.983600899645203,1.0132274867875946,0.32531178263145477,0.3109515142566932,,
2025,2012,-713.1688435707729,258.8271461830139,-13,1781.193081851877,197.17375971923957,267802,50000000,True,0.7617970627386206,-1220.47005008948,-205.86763705206567,-1099.6294126204825,-326.70827452106334,-2.755386573966623,-3.6169561537309582,0.0058622826662365285,0.0002980877742782151,**,***
2025,2013,-1626.517725909478,219.6841685271641,-12,70.63211528942102,186.71387757778936,267802,50000000,True,0.8499195860565713,-2057.09869622272,-1195.9367555962363,-1992.4769259619452,-1260.5585258570109,-7.403891399249181,-8.711284597642361,1.3225059337383543e-13,3.0045027637528195e-18,***,***
2025,2014,398.3855135428302,189.69717722519962,-11,438.9470298814822,168.84420226415872,267802,50000000,True,0.8900722969837067,26.57904618143897,770.1919809042215,67.45087710507914,729.3201499805813,2.100113029462139,2.359485894099884,0.03571889942119855,0.018300276591988185,*,*
2025,2015,77.06906731364785,148.280047383518,-10,551.248663817616,151.3488628288759,267802,50000000,True,1.020696078127225,-213.5598255580474,367.6979601853431,-219.57470383094892,373.7128384582446,0.5197534575526068,0.5092147101282601,0.6032354225015408,0.6106017332512141,,
2025,2016,1161.7670456613896,214.75234957893932,-9,1650.2112920849954,233.24297919758394,267802,50000000,True,1.086102106239577,740.8524404866686,1582.6816508361107,704.6108064341252,1618.923284888654,5.4097989984242,4.980930399955309,6.309552544075736e-08,6.327929734836465e-07,***,***
2025,2017,843.1662254725339,292.68686414417414,-8,2479.4920549447925,297.59465951332584,267802,50000000,True,1.0167680752721933,269.4999717499527,1416.8324791951152,259.88069282641527,1426.4517581186526,2.8807791833705254,2.8332706872207103,0.003966934537345098,0.004607435211799128,**,**
2025,2018,-96.61482739020425,300.862388484136,-7,2425.535441437005,296.9498691092311,267802,50000000,True,0.9869956514185182,-686.3051088191107,493.0754540387022,-678.6365708442971,485.4069160638886,-0.32112630587355256,-0.3253573664808221,0.7481146759635686,0.7449106182780549,,
2025,2019,-760.3214665416897,328.234645875489,-6,1639.733609080898,285.5708440667338,267802,50000000,True,0.8700204187922957,-1403.6613724576482,-116.98156062573128,-1320.040320912488,-200.60261217089146,-2.3163961394559993,-2.6624618105762,0.020536649352229663,0.0077571371342834905,*,**
2025,2020,-262.8615793033942,295.94453332995266,-5,1354.8551325406734,277.8589863844131,267802,50000000,True,0.9388887277556982,-842.9128646301015,317.189706023313,-807.4651926168438,281.7420340100554,-0.8882123158204317,-0.9460251141193244,0.37442655519871976,0.3441357769590267,,
2025,2021,-388.05402200570325,258.86230434611474,-4,985.8407185068013,199.80758604252082,267802,50000000,True,0.7718682198523809,-895.4241385240881,119.31609451268162,-779.676890649044,3.5688466376375914,-1.4990750506757882,-1.9421385828820428,0.13385416321510715,0.05212032578201959,,.
2025,2022,459.0026245414763,304.39951171409757,-3,1456.1718512624607,282.8943971887496,267802,50000000,True,0.9293523356714636,-137.62041841815494,1055.6256675011075,-95.47039394847297,1013.4756430314255,1.5078954035004735,1.6225228534138332,0.13158129925830303,0.10469144386751197,,
2025,2023,-460.57831481326144,290.1374937791457,-2,1013.0311022926411,176.1919949541082,267802,50000000,True,0.6072706862499699,-1029.247802620387,108.09117299386406,-805.9146249233136,-115.24200470320937,-1.5874484500919286,-2.614070604815082,0.11241111347102503,0.008947054519825902,,**
2025,2024,-1013.0311022926414,176.0840314015814,-1,0.0,0.0,267802,50000000,True,0.0,-1358.155803839741,-667.9064007455419,-1013.0311022926414,-1013.0311022926414,-5.753111705980304,-inf,8.761554882107612e-09,,***,
2025,2025,528.7236758155066,162.56509744201074,0,528.7236758155063,162.70557400762237,267802,50000000,True,1.000864125004826,210.09608482916553,847.3512668018476,209.82075076056674,847.6266008704464,3.2523812560940994,3.249573218620876,0.0011444240242750342,0.001155783206261447,**,**
