covariate_set,group,time,event_time,att_no_covariate_recomputed,spatial_hac_se,hac_n_units,hac_n_pairs_used,hac_truncated,hac_cutoff_km,hac_kernel,anticipation,ps_n_control,ps_share_trimmed
baseline,2002,2002,0,-162.18577682583742,25.17539292640774,276246,50000000,True,35,bartlett,0,,
baseline,2002,2003,1,318.617215708824,20.574243050030937,276246,50000000,True,35,bartlett,0,,
baseline,2002,2004,2,-346.0016414871454,25.558176888326845,276246,50000000,True,35,bartlett,0,,
baseline,2002,2005,3,-54.25024561828461,22.843927411593967,276246,50000000,True,35,bartlett,0,,
baseline,2002,2006,4,289.00759289657697,22.906442838839613,276246,50000000,True,35,bartlett,0,,
baseline,2002,2007,5,-558.1561210101399,31.01192152650438,276246,50000000,True,35,bartlett,0,,
baseline,2002,2008,6,-548.074528596696,33.79534211138926,276246,50000000,True,35,bartlett,0,,
baseline,2002,2009,7,-56.89645892516829,23.755253861722554,276246,50000000,True,35,bartlett,0,,
baseline,2002,2010,8,31.004548939415386,23.224849072881277,276246,50000000,True,35,bartlett,0,,
baseline,2002,2011,9,42.95436223664463,24.070391635173824,276246,50000000,True,35,bartlett,0,,
baseline,2002,2012,10,81.91763931065502,24.846213932274935,276246,50000000,True,35,bartlett,0,,
baseline,2002,2013,11,-5.623531063406393,23.636239817784727,276246,50000000,True,35,bartlett,0,,
baseline,2002,2014,12,-372.64084828330334,28.096796338757656,276246,50000000,True,35,bartlett,0,,
baseline,2002,2015,13,16.47985896132787,23.678299624854372,276246,50000000,True,35,bartlett,0,,
baseline,2002,2016,14,-507.49573401817463,68.63610901574845,276246,50000000,True,35,bartlett,0,,
baseline,2002,2017,15,-1348.1090281738964,56.320064969396434,276246,50000000,True,35,bartlett,0,,
baseline,2002,2018,16,-946.2085539553459,38.80539947417196,276246,50000000,True,35,bartlett,0,,
baseline,2002,2019,17,-748.1856650434969,74.86758841031424,276246,50000000,True,35,bartlett,0,,
baseline,2002,2020,18,-1111.995093840008,50.71261689839713,276246,50000000,True,35,bartlett,0,,
baseline,2002,2021,19,-700.6422168370148,33.77534670834694,276246,50000000,True,35,bartlett,0,,
baseline,2002,2022,20,-492.2890102325623,31.929800178880765,276246,50000000,True,35,bartlett,0,,
baseline,2002,2023,21,-1.5846241172876603,63.51752071602625,276246,50000000,True,35,bartlett,0,,
baseline,2002,2024,22,-55.534535370226166,46.59937857178464,276246,50000000,True,35,bartlett,0,,
baseline,2002,2025,23,-42.51003403048247,42.20740370801327,276246,50000000,True,35,bartlett,0,,
baseline,2003,2002,-1,0.0,0.0,265045,50000000,True,35,bartlett,0,,
baseline,2003,2003,0,224.04121998337962,138.9092812566609,265045,50000000,True,35,bartlett,0,,
baseline,2003,2004,1,287.7798383390852,255.47247263150513,265045,50000000,True,35,bartlett,0,,
baseline,2003,2005,2,564.5308502764228,312.23607678962594,265045,50000000,True,35,bartlett,0,,
baseline,2003,2006,3,336.8231150179578,196.66984608199328,265045,50000000,True,35,bartlett,0,,
baseline,2003,2007,4,-697.0039664199387,146.75332582255163,265045,50000000,True,35,bartlett,0,,
baseline,2003,2008,5,-315.24530906025313,207.2561458753074,265045,50000000,True,35,bartlett,0,,
baseline,2003,2009,6,278.4673869058048,207.3895488571796,265045,50000000,True,35,bartlett,0,,
baseline,2003,2010,7,194.71892557250925,217.60466020461402,265045,50000000,True,35,bartlett,0,,
baseline,2003,2011,8,393.9275721432068,267.40731140941847,265045,50000000,True,35,bartlett,0,,
baseline,2003,2012,9,3911.264877123397,804.1378121681395,265045,50000000,True,35,bartlett,0,,
baseline,2003,2013,10,-1.0372412221610148,147.46331100926858,265045,50000000,True,35,bartlett,0,,
baseline,2003,2014,11,185.93675283603048,358.09489737039223,265045,50000000,True,35,bartlett,0,,
baseline,2003,2015,12,-75.83432089182699,148.4188621087817,265045,50000000,True,35,bartlett,0,,
baseline,2003,2016,13,-830.9577908513693,162.49895742026976,265045,50000000,True,35,bartlett,0,,
baseline,2003,2017,14,-1446.8227868856138,196.43265274498037,265045,50000000,True,35,bartlett,0,,
baseline,2003,2018,15,-1003.1737673524472,171.83154228327973,265045,50000000,True,35,bartlett,0,,
baseline,2003,2019,16,-602.4132911828856,235.67684380569932,265045,50000000,True,35,bartlett,0,,
baseline,2003,2020,17,-1336.6273765180856,158.5305397716921,265045,50000000,True,35,bartlett,0,,
baseline,2003,2021,18,-749.350575327177,165.35628037509906,265045,50000000,True,35,bartlett,0,,
baseline,2003,2022,19,-679.317947351263,144.58645136327505,265045,50000000,True,35,bartlett,0,,
baseline,2003,2023,20,170.52960499682877,393.2919367005928,265045,50000000,True,35,bartlett,0,,
baseline,2003,2024,21,-184.5618284494761,169.75700798772763,265045,50000000,True,35,bartlett,0,,
baseline,2003,2025,22,-225.15710946511098,152.92378878716815,265045,50000000,True,35,bartlett,0,,
baseline,2004,2002,-2,-661.8156172417284,140.53289390017713,264993,50000000,True,35,bartlett,0,,
baseline,2004,2003,-1,0.0,0.0,264993,50000000,True,35,bartlett,0,,
baseline,2004,2004,0,75.52287888099238,629.238054799786,264993,50000000,True,35,bartlett,0,,
baseline,2004,2005,1,-65.23727723501042,272.4088433824123,264993,50000000,True,35,bartlett,0,,
baseline,2004,2006,2,364.76446755046913,337.72536310624474,264993,50000000,True,35,bartlett,0,,
baseline,2004,2007,3,-413.8339872699846,349.4275011290608,264993,50000000,True,35,bartlett,0,,
baseline,2004,2008,4,-197.09613888330375,491.45409060129595,264993,50000000,True,35,bartlett,0,,
baseline,2004,2009,5,296.1574304437356,409.8175362063677,264993,50000000,True,35,bartlett,0,,
baseline,2004,2010,6,-207.41755726179957,289.4746556972577,264993,50000000,True,35,bartlett,0,,
baseline,2004,2011,7,222.6013758870023,359.70582776080954,264993,50000000,True,35,bartlett,0,,
baseline,2004,2012,8,965.2958969707013,593.730181271528,264993,50000000,True,35,bartlett,0,,
baseline,2004,2013,9,-365.0624307486551,205.40064489263142,264993,50000000,True,35,bartlett,0,,
baseline,2004,2014,10,934.0410699653405,1139.062461969207,264993,50000000,True,35,bartlett,0,,
baseline,2004,2015,11,-372.10417094535376,266.69228027985656,264993,50000000,True,35,bartlett,0,,
baseline,2004,2016,12,-752.0762540173996,476.8586647787852,264993,50000000,True,35,bartlett,0,,
baseline,2004,2017,13,-828.3804646851524,759.9460742355197,264993,50000000,True,35,bartlett,0,,
baseline,2004,2018,14,-969.9594770543756,224.83956663824915,264993,50000000,True,35,bartlett,0,,
baseline,2004,2019,15,-115.6696454823774,886.6830278044966,264993,50000000,True,35,bartlett,0,,
baseline,2004,2020,16,-1641.7254690318737,250.7238773199017,264993,50000000,True,35,bartlett,0,,
baseline,2004,2021,17,-1054.6072882457734,278.92934509926573,264993,50000000,True,35,bartlett,0,,
baseline,2004,2022,18,-887.5888921380161,262.1526369122262,264993,50000000,True,35,bartlett,0,,
baseline,2004,2023,19,-465.7587767567155,328.7116682532263,264993,50000000,True,35,bartlett,0,,
baseline,2004,2024,20,-729.2727589224475,207.7746479921501,264993,50000000,True,35,bartlett,0,,
baseline,2004,2025,21,-436.263318678246,403.2875498745964,264993,50000000,True,35,bartlett,0,,
baseline,2005,2002,-3,641.9915676672573,237.68784629118684,266056,50000000,True,35,bartlett,0,,
baseline,2005,2003,-2,640.1861826300318,130.21956134105952,266056,50000000,True,35,bartlett,0,,
baseline,2005,2004,-1,0.0,0.0,266056,50000000,True,35,bartlett,0,,
baseline,2005,2005,0,651.415310733168,167.806930182277,266056,50000000,True,35,bartlett,0,,
baseline,2005,2006,1,633.2048194275899,151.04327213990112,266056,50000000,True,35,bartlett,0,,
baseline,2005,2007,2,-105.48723119108733,129.40365183256074,266056,50000000,True,35,bartlett,0,,
baseline,2005,2008,3,-375.5348902869956,117.46565365298963,266056,50000000,True,35,bartlett,0,,
baseline,2005,2009,4,239.61396391210002,118.11882938332164,266056,50000000,True,35,bartlett,0,,
baseline,2005,2010,5,414.1608783177493,117.84867546672317,266056,50000000,True,35,bartlett,0,,
baseline,2005,2011,6,193.4806080913629,113.7742205383731,266056,50000000,True,35,bartlett,0,,
baseline,2005,2012,7,533.6947791437271,133.50367845865154,266056,50000000,True,35,bartlett,0,,
baseline,2005,2013,8,32.653421248504685,114.92912770265283,266056,50000000,True,35,bartlett,0,,
baseline,2005,2014,9,-21.921493005562965,221.03908956549589,266056,50000000,True,35,bartlett,0,,
baseline,2005,2015,10,31.977999814703082,123.80863031411893,266056,50000000,True,35,bartlett,0,,
baseline,2005,2016,11,-437.01809633836496,142.4446480425263,266056,50000000,True,35,bartlett,0,,
baseline,2005,2017,12,-942.7438220137773,294.93764425538825,266056,50000000,True,35,bartlett,0,,
baseline,2005,2018,13,-514.5554919056887,153.02310784165206,266056,50000000,True,35,bartlett,0,,
baseline,2005,2019,14,-688.1540524328879,134.59189478926754,266056,50000000,True,35,bartlett,0,,
baseline,2005,2020,15,-1093.3237418639203,140.32109192315903,266056,50000000,True,35,bartlett,0,,
baseline,2005,2021,16,-510.8965981387382,138.68927191112724,266056,50000000,True,35,bartlett,0,,
baseline,2005,2022,17,-527.9482922289088,112.8602204707614,266056,50000000,True,35,bartlett,0,,
baseline,2005,2023,18,-170.65801327821399,119.06998119772433,266056,50000000,True,35,bartlett,0,,
baseline,2005,2024,19,-110.5649162151496,128.77936909374324,266056,50000000,True,35,bartlett,0,,
baseline,2005,2025,20,-43.35138943849125,126.08767745006159,266056,50000000,True,35,bartlett,0,,
baseline,2006,2002,-4,533.9054519045749,407.05538174041294,265725,50000000,True,35,bartlett,0,,
baseline,2006,2003,-3,-465.1027015683877,375.82219248349594,265725,50000000,True,35,bartlett,0,,
baseline,2006,2004,-2,674.2913617255667,423.83098925277835,265725,50000000,True,35,bartlett,0,,
baseline,2006,2005,-1,0.0,0.0,265725,50000000,True,35,bartlett,0,,
baseline,2006,2006,0,334.35273501426474,413.1890722555085,265725,50000000,True,35,bartlett,0,,
baseline,2006,2007,1,-450.5756638576353,381.73977490417417,265725,50000000,True,35,bartlett,0,,
baseline,2006,2008,2,-806.5298031222011,487.3477925394162,265725,50000000,True,35,bartlett,0,,
baseline,2006,2009,3,416.08021035105116,357.30418266903996,265725,50000000,True,35,bartlett,0,,
baseline,2006,2010,4,601.4391021240647,674.6298218150997,265725,50000000,True,35,bartlett,0,,
baseline,2006,2011,5,-13.56597563734151,385.66291265787845,265725,50000000,True,35,bartlett,0,,
baseline,2006,2012,6,299.91639980528794,449.78038704543485,265725,50000000,True,35,bartlett,0,,
baseline,2006,2013,7,-717.9302499515969,388.93546524776895,265725,50000000,True,35,bartlett,0,,
baseline,2006,2014,8,-953.078078327361,393.54667943283823,265725,50000000,True,35,bartlett,0,,
baseline,2006,2015,9,-761.7700434679348,401.94766521401795,265725,50000000,True,35,bartlett,0,,
baseline,2006,2016,10,-1016.4772945071808,395.16333003287144,265725,50000000,True,35,bartlett,0,,
baseline,2006,2017,11,99.4402889602245,684.2958065945105,265725,50000000,True,35,bartlett,0,,
baseline,2006,2018,12,-1207.9405104495565,395.3631841747301,265725,50000000,True,35,bartlett,0,,
baseline,2006,2019,13,-1569.8382887052082,281.3764175942897,265725,50000000,True,35,bartlett,0,,
baseline,2006,2020,14,-2241.7346544039065,348.6833049294665,265725,50000000,True,35,bartlett,0,,
baseline,2006,2021,15,-1536.0273129847296,376.84031001148315,265725,50000000,True,35,bartlett,0,,
baseline,2006,2022,16,-1802.8715461657662,325.6072986887996,265725,50000000,True,35,bartlett,0,,
baseline,2006,2023,17,-770.1999563653676,373.3963223501954,265725,50000000,True,35,bartlett,0,,
baseline,2006,2024,18,-690.4988433217449,410.6126722591829,265725,50000000,True,35,bartlett,0,,
baseline,2006,2025,19,-953.718855675363,338.2301581407315,265725,50000000,True,35,bartlett,0,,
baseline,2007,2002,-5,-372.5657226521099,62.29508131901833,269159,50000000,True,35,bartlett,0,,
baseline,2007,2003,-4,5.650064593462602,50.652902429406694,269159,50000000,True,35,bartlett,0,,
baseline,2007,2004,-3,-574.941790628431,59.54891375414204,269159,50000000,True,35,bartlett,0,,
baseline,2007,2005,-2,-302.14857513891417,48.40764602207838,269159,50000000,True,35,bartlett,0,,
baseline,2007,2006,-1,0.0,0.0,269159,50000000,True,35,bartlett,0,,
baseline,2007,2007,0,-723.5184657831875,53.205932158376896,269159,50000000,True,35,bartlett,0,,
baseline,2007,2008,1,-541.9865961318801,66.99104660494265,269159,50000000,True,35,bartlett,0,,
baseline,2007,2009,2,-183.91095315594626,56.16249362135762,269159,50000000,True,35,bartlett,0,,
baseline,2007,2010,3,-10.249989268233833,61.671249096969994,269159,50000000,True,35,bartlett,0,,
baseline,2007,2011,4,-207.19986713639463,49.13299765453198,269159,50000000,True,35,bartlett,0,,
baseline,2007,2012,5,-5.644727277991052,62.53886490068199,269159,50000000,True,35,bartlett,0,,
baseline,2007,2013,6,-393.6090807587417,48.977161709352565,269159,50000000,True,35,bartlett,0,,
baseline,2007,2014,7,-724.0639153741334,50.76953825886566,269159,50000000,True,35,bartlett,0,,
baseline,2007,2015,8,-500.60145413594535,44.79749668588982,269159,50000000,True,35,bartlett,0,,
baseline,2007,2016,9,-1075.1979995188194,58.27587852671106,269159,50000000,True,35,bartlett,0,,
baseline,2007,2017,10,-1542.1719805485134,79.44985394439536,269159,50000000,True,35,bartlett,0,,
baseline,2007,2018,11,-1379.2028340320173,57.05048446925313,269159,50000000,True,35,bartlett,0,,
baseline,2007,2019,12,-1057.8500334000944,90.07243956210296,269159,50000000,True,35,bartlett,0,,
baseline,2007,2020,13,-1592.9837159053272,70.12618594943788,269159,50000000,True,35,bartlett,0,,
baseline,2007,2021,14,-1042.6463859709872,59.38862893038942,269159,50000000,True,35,bartlett,0,,
baseline,2007,2022,15,-829.340318785093,63.06966962927256,269159,50000000,True,35,bartlett,0,,
baseline,2007,2023,16,-664.3736845907722,48.56447363057838,269159,50000000,True,35,bartlett,0,,
baseline,2007,2024,17,-589.5550367450589,52.003851202135166,269159,50000000,True,35,bartlett,0,,
baseline,2007,2025,18,-560.6742971022671,55.471294434027556,269159,50000000,True,35,bartlett,0,,
baseline,2008,2002,-6,1284.0188110839222,192.84606266254428,267614,50000000,True,35,bartlett,0,,
baseline,2008,2003,-5,1489.7304929750612,210.5555783169865,267614,50000000,True,35,bartlett,0,,
baseline,2008,2004,-4,973.9047803521806,176.12244554004963,267614,50000000,True,35,bartlett,0,,
baseline,2008,2005,-3,893.9531986952136,133.55918696022576,267614,50000000,True,35,bartlett,0,,
baseline,2008,2006,-2,1102.8606453900843,118.2129269994035,267614,50000000,True,35,bartlett,0,,
baseline,2008,2007,-1,0.0,0.0,267614,50000000,True,35,bartlett,0,,
baseline,2008,2008,0,-128.31092122936886,111.47204136130522,267614,50000000,True,35,bartlett,0,,
baseline,2008,2009,1,902.0374097435583,124.09372276498637,267614,50000000,True,35,bartlett,0,,
baseline,2008,2010,2,645.8892304768813,133.84056446186332,267614,50000000,True,35,bartlett,0,,
baseline,2008,2011,3,757.0511487162071,147.41471651876674,267614,50000000,True,35,bartlett,0,,
baseline,2008,2012,4,517.6781461946271,107.71338714465195,267614,50000000,True,35,bartlett,0,,
baseline,2008,2013,5,37.29058971332165,102.10683805786766,267614,50000000,True,35,bartlett,0,,
baseline,2008,2014,6,-237.84772505284135,102.48699846684129,267614,50000000,True,35,bartlett,0,,
baseline,2008,2015,7,28.252502379273437,106.19426740800665,267614,50000000,True,35,bartlett,0,,
baseline,2008,2016,8,-396.44961473576546,115.0111035793379,267614,50000000,True,35,bartlett,0,,
baseline,2008,2017,9,470.5157211760961,238.58758818631722,267614,50000000,True,35,bartlett,0,,
baseline,2008,2018,10,-291.77068026284087,137.8965268886373,267614,50000000,True,35,bartlett,0,,
baseline,2008,2019,11,-250.53439338007752,142.3904275672789,267614,50000000,True,35,bartlett,0,,
baseline,2008,2020,12,-290.06464730375245,163.47240172247214,267614,50000000,True,35,bartlett,0,,
baseline,2008,2021,13,-353.0610082057634,120.37523663166573,267614,50000000,True,35,bartlett,0,,
baseline,2008,2022,14,-325.4923861745655,108.44967703218768,267614,50000000,True,35,bartlett,0,,
baseline,2008,2023,15,241.207849230615,123.90712524066335,267614,50000000,True,35,bartlett,0,,
baseline,2008,2024,16,4.043207112874427,113.42195052788718,267614,50000000,True,35,bartlett,0,,
baseline,2008,2025,17,162.07176914787115,125.40409967717568,267614,50000000,True,35,bartlett,0,,
baseline,2009,2002,-7,452.98130944472496,61.705702677326705,279346,50000000,True,35,bartlett,0,,
baseline,2009,2003,-6,755.2434580637431,54.02240923430877,279346,50000000,True,35,bartlett,0,,
baseline,2009,2004,-5,449.77278343103944,66.59067374766332,279346,50000000,True,35,bartlett,0,,
baseline,2009,2005,-4,552.9863335774968,53.35658973139355,279346,50000000,True,35,bartlett,0,,
baseline,2009,2006,-3,767.1189381276562,51.510431353631354,279346,50000000,True,35,bartlett,0,,
baseline,2009,2007,-2,-40.447740532075805,52.43698566650723,279346,50000000,True,35,bartlett,0,,
baseline,2009,2008,-1,0.0,0.0,279346,50000000,True,35,bartlett,0,,
baseline,2009,2009,0,707.9626054697992,59.287459057363954,279346,50000000,True,35,bartlett,0,,
baseline,2009,2010,1,772.7438864960449,66.01581421498025,279346,50000000,True,35,bartlett,0,,
baseline,2009,2011,2,586.6113693466865,53.69594842679525,279346,50000000,True,35,bartlett,0,,
baseline,2009,2012,3,674.1331747650686,54.47975297274595,279346,50000000,True,35,bartlett,0,,
baseline,2009,2013,4,438.8487618122639,51.65278151288241,279346,50000000,True,35,bartlett,0,,
baseline,2009,2014,5,128.63898418294934,52.275892688892625,279346,50000000,True,35,bartlett,0,,
baseline,2009,2015,6,383.6240782851452,47.47891722631026,279346,50000000,True,35,bartlett,0,,
baseline,2009,2016,7,104.83595753597012,67.47403189511951,279346,50000000,True,35,bartlett,0,,
baseline,2009,2017,8,-680.7904026649412,70.3847842621637,279346,50000000,True,35,bartlett,0,,
baseline,2009,2018,9,-388.0575391379808,60.59944079755008,279346,50000000,True,35,bartlett,0,,
baseline,2009,2019,10,-202.88038653902805,88.90752077456638,279346,50000000,True,35,bartlett,0,,
baseline,2009,2020,11,-536.0020935662783,65.28221911674673,279346,50000000,True,35,bartlett,0,,
baseline,2009,2021,12,-170.96880729090566,60.611076490715035,279346,50000000,True,35,bartlett,0,,
baseline,2009,2022,13,36.02622222867036,55.699186651998474,279346,50000000,True,35,bartlett,0,,
baseline,2009,2023,14,344.4393361887662,54.45798748046492,279346,50000000,True,35,bartlett,0,,
baseline,2009,2024,15,319.4874311954441,54.36668013967985,279346,50000000,True,35,bartlett,0,,
baseline,2009,2025,16,301.1440388930208,57.64775180233685,279346,50000000,True,35,bartlett,0,,
baseline,2010,2002,-8,-608.0957710693264,174.1595891644055,266070,50000000,True,35,bartlett,0,,
baseline,2010,2003,-7,-687.9565040162441,132.54777482850386,266070,50000000,True,35,bartlett,0,,
baseline,2010,2004,-6,-553.3121161464946,167.38914247228755,266070,50000000,True,35,bartlett,0,,
baseline,2010,2005,-5,-731.0297122667721,145.4152199959427,266070,50000000,True,35,bartlett,0,,
baseline,2010,2006,-4,240.7147431204482,179.52821057299138,266070,50000000,True,35,bartlett,0,,
baseline,2010,2007,-3,-1338.6203099369322,143.79768312552628,266070,50000000,True,35,bartlett,0,,
baseline,2010,2008,-2,-1081.997256532526,152.278376976256,266070,50000000,True,35,bartlett,0,,
baseline,2010,2009,-1,0.0,0.0,266070,50000000,True,35,bartlett,0,,
baseline,2010,2010,0,-452.2202585186919,161.4855816322095,266070,50000000,True,35,bartlett,0,,
baseline,2010,2011,1,-229.074305744966,169.59373077105585,266070,50000000,True,35,bartlett,0,,
baseline,2010,2012,2,-237.08613800659413,150.0942482644902,266070,50000000,True,35,bartlett,0,,
baseline,2010,2013,3,-784.2167398566021,155.7304086353725,266070,50000000,True,35,bartlett,0,,
baseline,2010,2014,4,-1234.876721797834,183.87285851012084,266070,50000000,True,35,bartlett,0,,
baseline,2010,2015,5,-1027.8453816687427,142.35962780346557,266070,50000000,True,35,bartlett,0,,
baseline,2010,2016,6,-1346.6908413752703,214.5584637955926,266070,50000000,True,35,bartlett,0,,
baseline,2010,2017,7,-1840.7351676594922,209.85226387952437,266070,50000000,True,35,bartlett,0,,
baseline,2010,2018,8,-2056.6367244692965,143.85668213742562,266070,50000000,True,35,bartlett,0,,
baseline,2010,2019,9,-1794.9854141633848,153.37706699690037,266070,50000000,True,35,bartlett,0,,
baseline,2010,2020,10,-2250.7591591908567,142.26832203149033,266070,50000000,True,35,bartlett,0,,
baseline,2010,2021,11,-1669.282291371605,189.32379572959005,266070,50000000,True,35,bartlett,0,,
baseline,2010,2022,12,-1495.7907676193513,159.93757764714272,266070,50000000,True,35,bartlett,0,,
baseline,2010,2023,13,-1095.2622560570542,168.2747494366597,266070,50000000,True,35,bartlett,0,,
baseline,2010,2024,14,-527.5090901503185,253.53508641396957,266070,50000000,True,35,bartlett,0,,
baseline,2010,2025,15,-1145.2375219275375,172.610640313948,266070,50000000,True,35,bartlett,0,,
baseline,2011,2002,-9,-324.5002612621453,133.5432871038008,277147,50000000,True,35,bartlett,0,,
baseline,2011,2003,-8,-46.53950861170944,131.00253902194856,277147,50000000,True,35,bartlett,0,,
baseline,2011,2004,-7,986.3479785027098,155.46844025337128,277147,50000000,True,35,bartlett,0,,
baseline,2011,2005,-6,177.72413696665052,139.21879558316527,277147,50000000,True,35,bartlett,0,,
baseline,2011,2006,-5,698.1935636717022,133.4650805859475,277147,50000000,True,35,bartlett,0,,
baseline,2011,2007,-4,325.66982105927593,152.6639521088926,277147,50000000,True,35,bartlett,0,,
baseline,2011,2008,-3,-808.7633936305353,127.48528445346028,277147,50000000,True,35,bartlett,0,,
baseline,2011,2009,-2,595.995020213842,128.65728494818686,277147,50000000,True,35,bartlett,0,,
baseline,2011,2010,-1,0.0,0.0,277147,50000000,True,35,bartlett,0,,
baseline,2011,2011,0,-769.1818588920078,111.1115438645851,277147,50000000,True,35,bartlett,0,,
baseline,2011,2012,1,-402.44681599048863,129.76286597401574,277147,50000000,True,35,bartlett,0,,
baseline,2011,2013,2,-1381.8639319298504,118.7880725980043,277147,50000000,True,35,bartlett,0,,
baseline,2011,2014,3,-1034.402211987427,154.10850114460553,277147,50000000,True,35,bartlett,0,,
baseline,2011,2015,4,-1074.6601202152222,124.23723941847842,277147,50000000,True,35,bartlett,0,,
baseline,2011,2016,5,-1318.872725017638,139.13579425503255,277147,50000000,True,35,bartlett,0,,
baseline,2011,2017,6,-42.51045619762249,165.38594635534616,277147,50000000,True,35,bartlett,0,,
baseline,2011,2018,7,-967.2744724956036,146.4118702798008,277147,50000000,True,35,bartlett,0,,
baseline,2011,2019,8,-1289.7537998911193,148.18863379962758,277147,50000000,True,35,bartlett,0,,
baseline,2011,2020,9,-1845.4683693486404,129.5957960476213,277147,50000000,True,35,bartlett,0,,
baseline,2011,2021,10,-1175.0615457628005,132.4576304086968,277147,50000000,True,35,bartlett,0,,
baseline,2011,2022,11,-1398.0486775168536,124.6982914990997,277147,50000000,True,35,bartlett,0,,
baseline,2011,2023,12,-1184.114061823592,117.91512350781717,277147,50000000,True,35,bartlett,0,,
baseline,2011,2024,13,-1212.306149528893,132.17878415740103,277147,50000000,True,35,bartlett,0,,
baseline,2011,2025,14,-985.1840617451087,131.8192624380365,277147,50000000,True,35,bartlett,0,,
baseline,2012,2002,-10,-686.7942595199769,132.40181032793726,265849,50000000,True,35,bartlett,0,,
baseline,2012,2003,-9,1070.5759062484258,302.5267387749553,265849,50000000,True,35,bartlett,0,,
baseline,2012,2004,-8,-89.99831947593702,206.05989622327752,265849,50000000,True,35,bartlett,0,,
baseline,2012,2005,-7,621.0081461360174,333.78402065745126,265849,50000000,True,35,bartlett,0,,
baseline,2012,2006,-6,143.00979446221646,166.19467308873172,265849,50000000,True,35,bartlett,0,,
baseline,2012,2007,-5,-450.3881731107498,192.17423913721382,265849,50000000,True,35,bartlett,0,,
baseline,2012,2008,-4,-200.17131039535997,183.05754065451652,265849,50000000,True,35,bartlett,0,,
baseline,2012,2009,-3,544.016621230295,345.3223192573539,265849,50000000,True,35,bartlett,0,,
baseline,2012,2010,-2,519.7569467705664,227.57157933481702,265849,50000000,True,35,bartlett,0,,
baseline,2012,2011,-1,0.0,0.0,265849,50000000,True,35,bartlett,0,,
baseline,2012,2012,0,-79.19009154484539,164.07459442305785,265849,50000000,True,35,bartlett,0,,
baseline,2012,2013,1,-518.6878987037359,128.54937629349232,265849,50000000,True,35,bartlett,0,,
baseline,2012,2014,2,-695.3181107820486,156.27620208553512,265849,50000000,True,35,bartlett,0,,
baseline,2012,2015,3,74.30737199672816,224.37986492764836,265849,50000000,True,35,bartlett,0,,
baseline,2012,2016,4,-602.0790430507453,280.65915468227183,265849,50000000,True,35,bartlett,0,,
baseline,2012,2017,5,-688.6172605712097,314.5170660412912,265849,50000000,True,35,bartlett,0,,
baseline,2012,2018,6,140.50482329663123,423.914287247104,265849,50000000,True,35,bartlett,0,,
baseline,2012,2019,7,-235.56309913502685,382.15898696141375,265849,50000000,True,35,bartlett,0,,
baseline,2012,2020,8,-1156.45526153371,211.3896833846561,265849,50000000,True,35,bartlett,0,,
baseline,2012,2021,9,-399.79419651384666,265.1462076560893,265849,50000000,True,35,bartlett,0,,
baseline,2012,2022,10,-818.5154476225651,163.9963737259314,265849,50000000,True,35,bartlett,0,,
baseline,2012,2023,11,-145.75286071674736,200.78203845825072,265849,50000000,True,35,bartlett,0,,
baseline,2012,2024,12,-218.42953171200412,210.69415241687147,265849,50000000,True,35,bartlett,0,,
baseline,2012,2025,13,-219.05329868419474,249.34883853742548,265849,50000000,True,35,bartlett,0,,
baseline,2013,2002,-11,-584.4240244531007,169.0422584022206,266682,50000000,True,35,bartlett,0,,
baseline,2013,2003,-10,386.5714496720007,219.23645193560984,266682,50000000,True,35,bartlett,0,,
baseline,2013,2004,-9,-755.6088552062663,189.16154778161524,266682,50000000,True,35,bartlett,0,,
baseline,2013,2005,-8,-273.3305419058039,162.1484007775134,266682,50000000,True,35,bartlett,0,,
baseline,2013,2006,-7,232.53163849448157,238.38852826909576,266682,50000000,True,35,bartlett,0,,
baseline,2013,2007,-6,-747.7919156564251,186.2640730353758,266682,50000000,True,35,bartlett,0,,
baseline,2013,2008,-5,-380.3050317880055,188.38868036396664,266682,50000000,True,35,bartlett,0,,
baseline,2013,2009,-4,-70.29657171695182,184.75545738589398,266682,50000000,True,35,bartlett,0,,
baseline,2013,2010,-3,-376.2277899375925,165.1975306472456,266682,50000000,True,35,bartlett,0,,
baseline,2013,2011,-2,-131.03685602626138,199.17301882314953,266682,50000000,True,35,bartlett,0,,
baseline,2013,2012,-1,0.0,0.0,266682,50000000,True,35,bartlett,0,,
baseline,2013,2013,0,-617.3550831554062,174.55992381998013,266682,50000000,True,35,bartlett,0,,
baseline,2013,2014,1,-412.16615161818095,267.74958794446076,266682,50000000,True,35,bartlett,0,,
baseline,2013,2015,2,-327.98866884056423,161.54201400111768,266682,50000000,True,35,bartlett,0,,
baseline,2013,2016,3,23943.452925258905,2619.6589224340005,266682,50000000,True,35,bartlett,0,,
baseline,2013,2017,4,-971.9403420096703,230.88131727011182,266682,50000000,True,35,bartlett,0,,
baseline,2013,2018,5,-1211.4657189304237,201.91554509879882,266682,50000000,True,35,bartlett,0,,
baseline,2013,2019,6,833.3022280820845,706.5871186631138,266682,50000000,True,35,bartlett,0,,
baseline,2013,2020,7,-1673.546667811948,181.52642457168557,266682,50000000,True,35,bartlett,0,,
baseline,2013,2021,8,-889.9935785196298,232.91776177323374,266682,50000000,True,35,bartlett,0,,
baseline,2013,2022,9,-907.786009748534,178.1339944570171,266682,50000000,True,35,bartlett,0,,
baseline,2013,2023,10,-607.561078616257,183.84943430491293,266682,50000000,True,35,bartlett,0,,
baseline,2013,2024,11,-894.7202869640548,159.50284738446234,266682,50000000,True,35,bartlett,0,,
baseline,2013,2025,12,-572.9560600040967,179.0728944835741,266682,50000000,True,35,bartlett,0,,
baseline,2014,2002,-12,7.230151788476007,230.45302934831253,265320,50000000,True,35,bartlett,0,,
baseline,2014,2003,-11,82.54560717001283,181.700909601242,265320,50000000,True,35,bartlett,0,,
baseline,2014,2004,-10,158.49677802655407,287.89248651159556,265320,50000000,True,35,bartlett,0,,
baseline,2014,2005,-9,14.391446267053233,210.77448199881107,265320,50000000,True,35,bartlett,0,,
baseline,2014,2006,-8,412.98830823544824,227.82651851126477,265320,50000000,True,35,bartlett,0,,
baseline,2014,2007,-7,1765.2132308326836,538.90024318548,265320,50000000,True,35,bartlett,0,,
baseline,2014,2008,-6,606.6829758530424,711.269863368365,265320,50000000,True,35,bartlett,0,,
baseline,2014,2009,-5,817.1193579090758,288.032716631515,265320,50000000,True,35,bartlett,0,,
baseline,2014,2010,-4,117.04920773058012,201.74840629602596,265320,50000000,True,35,bartlett,0,,
baseline,2014,2011,-3,190.76743160198674,323.8150128395117,265320,50000000,True,35,bartlett,0,,
baseline,2014,2012,-2,684.7729034775658,273.67338293963707,265320,50000000,True,35,bartlett,0,,
baseline,2014,2013,-1,0.0,0.0,265320,50000000,True,35,bartlett,0,,
baseline,2014,2014,0,-352.8125003955472,189.33421571350362,265320,50000000,True,35,bartlett,0,,
baseline,2014,2015,1,308.8669384449856,346.2598549396157,265320,50000000,True,35,bartlett,0,,
baseline,2014,2016,2,-301.95082628862366,384.63632906773665,265320,50000000,True,35,bartlett,0,,
baseline,2014,2017,3,-1025.4011868791874,439.7805858199929,265320,50000000,True,35,bartlett,0,,
baseline,2014,2018,4,-1182.3712009789751,192.87898811705205,265320,50000000,True,35,bartlett,0,,
baseline,2014,2019,5,52.65510233374039,589.3198007690899,265320,50000000,True,35,bartlett,0,,
baseline,2014,2020,6,-1261.995693103798,212.98890151547317,265320,50000000,True,35,bartlett,0,,
baseline,2014,2021,7,-335.0278372404806,311.1590099214974,265320,50000000,True,35,bartlett,0,,
baseline,2014,2022,8,-465.3395342942125,258.71533439292847,265320,50000000,True,35,bartlett,0,,
baseline,2014,2023,9,-521.324041174337,181.86020696424026,265320,50000000,True,35,bartlett,0,,
baseline,2014,2024,10,-514.7743223598641,182.1387707582591,265320,50000000,True,35,bartlett,0,,
baseline,2014,2025,11,110.26965633616345,399.61978460327225,265320,50000000,True,35,bartlett,0,,
baseline,2018,2002,-16,469.08666871227535,114.7268897211519,276842,50000000,True,35,bartlett,0,,
baseline,2018,2003,-15,765.1229968899618,116.66629653189547,276842,50000000,True,35,bartlett,0,,
baseline,2018,2004,-14,888.9199846558007,138.4381727628427,276842,50000000,True,35,bartlett,0,,
baseline,2018,2005,-13,761.8497054325951,123.74014918952392,276842,50000000,True,35,bartlett,0,,
baseline,2018,2006,-12,1562.85694069558,146.24300431430214,276842,50000000,True,35,bartlett,0,,
baseline,2018,2007,-11,445.19092302674096,128.76680749804484,276842,50000000,True,35,bartlett,0,,
baseline,2018,2008,-10,351.5790519369547,122.13502464196621,276842,50000000,True,35,bartlett,0,,
baseline,2018,2009,-9,1128.1291992897054,128.4474268271009,276842,50000000,True,35,bartlett,0,,
baseline,2018,2010,-8,1246.251108409027,131.13064137369287,276842,50000000,True,35,bartlett,0,,
baseline,2018,2011,-7,904.7406757652712,118.43005559990937,276842,50000000,True,35,bartlett,0,,
baseline,2018,2012,-6,1076.8923002490092,118.20050790423018,276842,50000000,True,35,bartlett,0,,
baseline,2018,2013,-5,352.24805246121423,111.18816364390982,276842,50000000,True,35,bartlett,0,,
baseline,2018,2014,-4,346.3789879875412,123.23020114976158,276842,50000000,True,35,bartlett,0,,
baseline,2018,2015,-3,471.97478078260235,111.00907988786372,276842,50000000,True,35,bartlett,0,,
baseline,2018,2016,-2,8.74241660232883,107.45098666698324,276842,50000000,True,35,bartlett,0,,
baseline,2018,2017,-1,0.0,0.0,276842,50000000,True,35,bartlett,0,,
baseline,2018,2018,0,-276.7216391800648,106.96684114434568,276842,50000000,True,35,bartlett,0,,
baseline,2018,2019,1,-117.11663041863665,128.90621715282757,276842,50000000,True,35,bartlett,0,,
baseline,2018,2020,2,-532.2257249104697,114.51156124576713,276842,50000000,True,35,bartlett,0,,
baseline,2018,2021,3,72.4110061189649,123.1240999211933,276842,50000000,True,35,bartlett,0,,
baseline,2018,2022,4,178.29397784576508,113.461483223269,276842,50000000,True,35,bartlett,0,,
baseline,2018,2023,5,491.8332202175899,116.3221803242711,276842,50000000,True,35,bartlett,0,,
baseline,2018,2024,6,406.9365148718805,126.3319142096246,276842,50000000,True,35,bartlett,0,,
baseline,2018,2025,7,238.58581289395158,109.4554620410219,276842,50000000,True,35,bartlett,0,,
baseline,2019,2002,-17,1727.806671969249,1247.5026123458963,264961,50000000,True,35,bartlett,0,,
baseline,2019,2003,-16,1148.118210529121,455.2902524422915,264961,50000000,True,35,bartlett,0,,
baseline,2019,2004,-15,3059.601065375644,2779.0749562031297,264961,50000000,True,35,bartlett,0,,
baseline,2019,2005,-14,2659.7620531804805,1205.2963322879016,264961,50000000,True,35,bartlett,0,,
baseline,2019,2006,-13,1023.5874465076861,538.6322737062472,264961,50000000,True,35,bartlett,0,,
baseline,2019,2007,-12,1601.7177369379126,1197.9055499159026,264961,50000000,True,35,bartlett,0,,
baseline,2019,2008,-11,505.2873725546187,706.1202144340754,264961,50000000,True,35,bartlett,0,,
baseline,2019,2009,-10,5969.553057967638,3239.41644319697,264961,50000000,True,35,bartlett,0,,
baseline,2019,2010,-9,1027.9684470310626,635.5150496142481,264961,50000000,True,35,bartlett,0,,
baseline,2019,2011,-8,3227.3076090540135,1574.563879440969,264961,50000000,True,35,bartlett,0,,
baseline,2019,2012,-7,2931.524950601765,998.6505314681309,264961,50000000,True,35,bartlett,0,,
baseline,2019,2013,-6,1482.0739156647605,887.3800430972861,264961,50000000,True,35,bartlett,0,,
baseline,2019,2014,-5,715.1344933102575,773.1660332953775,264961,50000000,True,35,bartlett,0,,
baseline,2019,2015,-4,1311.9447784101985,741.0858895075747,264961,50000000,True,35,bartlett,0,,
baseline,2019,2016,-3,742.6357756005734,917.3205774135691,264961,50000000,True,35,bartlett,0,,
baseline,2019,2017,-2,2978.864948860565,1784.8660052338776,264961,50000000,True,35,bartlett,0,,
baseline,2019,2018,-1,0.0,0.0,264961,50000000,True,35,bartlett,0,,
baseline,2019,2019,0,1149.610029644783,535.6330174131525,264961,50000000,True,35,bartlett,0,,
baseline,2019,2020,1,3633.830468632744,4113.015862796157,264961,50000000,True,35,bartlett,0,,
baseline,2019,2021,2,976.2464998805759,1099.8182275163304,264961,50000000,True,35,bartlett,0,,
baseline,2019,2022,3,2204.94026339539,1483.5162793646148,264961,50000000,True,35,bartlett,0,,
baseline,2019,2023,4,1155.937354011602,1011.7109613247628,264961,50000000,True,35,bartlett,0,,
baseline,2019,2024,5,1263.1090080367194,1095.687490312494,264961,50000000,True,35,bartlett,0,,
baseline,2019,2025,6,1476.0409623490718,1012.6781376214808,264961,50000000,True,35,bartlett,0,,
baseline,2020,2002,-18,142.5832166865556,98.03379749523904,289831,50000000,True,35,bartlett,0,,
baseline,2020,2003,-17,554.4671032158996,95.4653038090382,289831,50000000,True,35,bartlett,0,,
baseline,2020,2004,-16,155.0154309208954,105.57269062214151,289831,50000000,True,35,bartlett,0,,
baseline,2020,2005,-15,256.81866740870134,96.22779582111598,289831,50000000,True,35,bartlett,0,,
baseline,2020,2006,-14,655.2825834725636,96.69543667427605,289831,50000000,True,35,bartlett,0,,
baseline,2020,2007,-13,-121.28321585795479,100.5736913264059,289831,50000000,True,35,bartlett,0,,
baseline,2020,2008,-12,-154.25653984611338,100.37711463760576,289831,50000000,True,35,bartlett,0,,
baseline,2020,2009,-11,440.501070405081,101.20748130757237,289831,50000000,True,35,bartlett,0,,
baseline,2020,2010,-10,381.6351692165472,96.32311542566771,289831,50000000,True,35,bartlett,0,,
baseline,2020,2011,-9,485.95174308191423,98.00900228071902,289831,50000000,True,35,bartlett,0,,
baseline,2020,2012,-8,450.75874107717294,96.6815373340228,289831,50000000,True,35,bartlett,0,,
baseline,2020,2013,-7,343.49104694087623,97.56009298427753,289831,50000000,True,35,bartlett,0,,
baseline,2020,2014,-6,-83.64609861195788,97.0779703785496,289831,50000000,True,35,bartlett,0,,
baseline,2020,2015,-5,223.9275661223794,95.0142706283063,289831,50000000,True,35,bartlett,0,,
baseline,2020,2016,-4,-460.48990422203764,95.3488239768428,289831,50000000,True,35,bartlett,0,,
baseline,2020,2017,-3,-792.0361774960329,109.24653379038948,289831,50000000,True,35,bartlett,0,,
baseline,2020,2018,-2,231.5677814539198,130.6624212293302,289831,50000000,True,35,bartlett,0,,
baseline,2020,2019,-1,0.0,0.0,289831,50000000,True,35,bartlett,0,,
baseline,2020,2020,0,-275.7108293319818,128.9944117724327,289831,50000000,True,35,bartlett,0,,
baseline,2020,2021,1,204.58013895382481,118.60352162944879,289831,50000000,True,35,bartlett,0,,
baseline,2020,2022,2,536.7921000333021,121.69772188000039,289831,50000000,True,35,bartlett,0,,
baseline,2020,2023,3,253.707576257423,99.42047504891576,289831,50000000,True,35,bartlett,0,,
baseline,2020,2024,4,683.0366848306227,111.9857680099651,289831,50000000,True,35,bartlett,0,,
baseline,2020,2025,5,368.84236302249394,101.11042116442053,289831,50000000,True,35,bartlett,0,,
baseline,2021,2002,-19,1877.0216469706893,225.99642259738445,267071,50000000,True,35,bartlett,0,,
baseline,2021,2003,-18,1459.9756636730217,162.05376890329174,267071,50000000,True,35,bartlett,0,,
baseline,2021,2004,-17,3570.5862970536623,371.46983540728803,267071,50000000,True,35,bartlett,0,,
baseline,2021,2005,-16,2112.609371517051,221.65707372848914,267071,50000000,True,35,bartlett,0,,
baseline,2021,2006,-15,2349.0526056857434,244.94034676890243,267071,50000000,True,35,bartlett,0,,
baseline,2021,2007,-14,1506.6250136094795,202.65337652017706,267071,50000000,True,35,bartlett,0,,
baseline,2021,2008,-13,953.3581990297054,187.22375546614288,267071,50000000,True,35,bartlett,0,,
baseline,2021,2009,-12,2084.2908921886083,216.59650130002387,267071,50000000,True,35,bartlett,0,,
baseline,2021,2010,-11,1505.7889901841595,186.93593033022375,267071,50000000,True,35,bartlett,0,,
baseline,2021,2011,-10,1946.4118943200929,195.36566558553614,267071,50000000,True,35,bartlett,0,,
baseline,2021,2012,-9,2791.2054798166155,254.42243734839226,267071,50000000,True,35,bartlett,0,,
baseline,2021,2013,-8,809.1896646377237,158.70980093664653,267071,50000000,True,35,bartlett,0,,
baseline,2021,2014,-7,985.312813940411,172.5864358036008,267071,50000000,True,35,bartlett,0,,
baseline,2021,2015,-6,1095.7714847064076,180.9729314615736,267071,50000000,True,35,bartlett,0,,
baseline,2021,2016,-5,1030.552312903424,185.83166104219043,267071,50000000,True,35,bartlett,0,,
baseline,2021,2017,-4,2265.3496233833644,289.37622432301544,267071,50000000,True,35,bartlett,0,,
baseline,2021,2018,-3,989.3749457956098,199.1286078196855,267071,50000000,True,35,bartlett,0,,
baseline,2021,2019,-2,725.1296252293901,165.21092873005165,267071,50000000,True,35,bartlett,0,,
baseline,2021,2020,-1,0.0,0.0,267071,50000000,True,35,bartlett,0,,
baseline,2021,2021,0,580.1888904428135,155.91716117153777,267071,50000000,True,35,bartlett,0,,
baseline,2021,2022,1,845.114298381209,166.84161066913381,267071,50000000,True,35,bartlett,0,,
baseline,2021,2023,2,1396.080374050305,183.4286765059449,267071,50000000,True,35,bartlett,0,,
baseline,2021,2024,3,1165.338141499418,161.08945705545446,267071,50000000,True,35,bartlett,0,,
baseline,2021,2025,4,1245.746663879141,213.5153045519653,267071,50000000,True,35,bartlett,0,,
baseline,2024,2002,-22,-296.718558694997,74.75917742750234,275817,50000000,True,35,bartlett,0,,
baseline,2024,2003,-21,815.5157994974709,92.31580941805284,275817,50000000,True,35,bartlett,0,,
baseline,2024,2004,-20,73.60297517853988,107.31652790648151,275817,50000000,True,35,bartlett,0,,
baseline,2024,2005,-19,323.08194838443166,92.30932526357131,275817,50000000,True,35,bartlett,0,,
baseline,2024,2006,-18,580.0981544287023,91.94080830905706,275817,50000000,True,35,bartlett,0,,
baseline,2024,2007,-17,155.2172848054908,106.98436462592583,275817,50000000,True,35,bartlett,0,,
baseline,2024,2008,-16,-495.59559256840475,82.3336130594713,275817,50000000,True,35,bartlett,0,,
baseline,2024,2009,-15,424.31664902792346,91.64346215495354,275817,50000000,True,35,bartlett,0,,
baseline,2024,2010,-14,536.1527691189062,86.0853143470225,275817,50000000,True,35,bartlett,0,,
baseline,2024,2011,-13,-26.89369684364749,77.50917551185995,275817,50000000,True,35,bartlett,0,,
baseline,2024,2012,-12,599.2914480904498,84.22950395596821,275817,50000000,True,35,bartlett,0,,
baseline,2024,2013,-11,-388.36122403560165,72.55053992211457,275817,50000000,True,35,bartlett,0,,
baseline,2024,2014,-10,-308.6016985835031,81.45720472610367,275817,50000000,True,35,bartlett,0,,
baseline,2024,2015,-9,-151.83321493403227,85.4628230439575,275817,50000000,True,35,bartlett,0,,
baseline,2024,2016,-8,116.30749791818698,108.02018130650876,275817,50000000,True,35,bartlett,0,,
baseline,2024,2017,-7,240.18011844412968,117.22286290674847,275817,50000000,True,35,bartlett,0,,
baseline,2024,2018,-6,-663.4288836395216,81.49541908051509,275817,50000000,True,35,bartlett,0,,
baseline,2024,2019,-5,-791.7976185701011,103.52624869852556,275817,50000000,True,35,bartlett,0,,
baseline,2024,2020,-4,-1213.586728055067,83.98376093608931,275817,50000000,True,35,bartlett,0,,
baseline,2024,2021,-3,-730.2505520802356,78.2976098945887,275817,50000000,True,35,bartlett,0,,
baseline,2024,2022,-2,-442.6670131836648,71.18664215652872,275817,50000000,True,35,bartlett,0,,
baseline,2024,2023,-1,0.0,0.0,275817,50000000,True,35,bartlett,0,,
baseline,2024,2024,0,-410.4935943019446,68.78898403862674,275817,50000000,True,35,bartlett,0,,
baseline,2024,2025,1,-372.0484479127027,73.39325357040501,275817,50000000,True,35,bartlett,0,,
baseline,2025,2002,-23,1130.7979595202842,214.43968535376916,267802,50000000,True,35,bartlett,0,,
baseline,2025,2003,-22,1515.221471991374,209.58971762485936,267802,50000000,True,35,bartlett,0,,
baseline,2025,2004,-21,2335.9773175159858,216.4033326829943,267802,50000000,True,35,bartlett,0,,
baseline,2025,2005,-20,1883.0032332541548,228.78010781386112,267802,50000000,True,35,bartlett,0,,
baseline,2025,2006,-19,3089.241194697267,281.97755728711996,267802,50000000,True,35,bartlett,0,,
baseline,2025,2007,-18,1710.9633822838218,305.7704407481207,267802,50000000,True,35,bartlett,0,,
baseline,2025,2008,-17,1361.749527640286,241.282562800839,267802,50000000,True,35,bartlett,0,,
baseline,2025,2009,-16,1767.7206978973827,221.09541330385952,267802,50000000,True,35,bartlett,0,,
baseline,2025,2010,-15,2203.1167471626595,249.0566663466335,267802,50000000,True,35,bartlett,0,,
baseline,2025,2011,-14,2462.2584664114347,276.39852888484086,267802,50000000,True,35,bartlett,0,,
baseline,2025,2012,-13,1781.193081851877,197.17375971923957,267802,50000000,True,35,bartlett,0,,
baseline,2025,2013,-12,70.63211528942102,186.71387757778936,267802,50000000,True,35,bartlett,0,,
baseline,2025,2014,-11,438.9470298814822,168.84420226415872,267802,50000000,True,35,bartlett,0,,
baseline,2025,2015,-10,551.248663817616,151.3488628288759,267802,50000000,True,35,bartlett,0,,
baseline,2025,2016,-9,1650.2112920849954,233.24297919758394,267802,50000000,True,35,bartlett,0,,
baseline,2025,2017,-8,2479.4920549447925,297.59465951332584,267802,50000000,True,35,bartlett,0,,
baseline,2025,2018,-7,2425.535441437005,296.9498691092311,267802,50000000,True,35,bartlett,0,,
baseline,2025,2019,-6,1639.733609080898,285.5708440667338,267802,50000000,True,35,bartlett,0,,
baseline,2025,2020,-5,1354.8551325406734,277.8589863844131,267802,50000000,True,35,bartlett,0,,
baseline,2025,2021,-4,985.8407185068013,199.80758604252082,267802,50000000,True,35,bartlett,0,,
baseline,2025,2022,-3,1456.1718512624607,282.8943971887496,267802,50000000,True,35,bartlett,0,,
baseline,2025,2023,-2,1013.0311022926411,176.1919949541082,267802,50000000,True,35,bartlett,0,,
baseline,2025,2024,-1,0.0,0.0,267802,50000000,True,35,bartlett,0,,
baseline,2025,2025,0,528.7236758155063,162.70557400762237,267802,50000000,True,35,bartlett,0,,
anticipation1,2003,2002,-1,-5219.249379799365,1775.0005166354722,265045,50000000,True,35,bartlett,1,,
anticipation1,2003,2003,0,-4995.208159815986,1780.1151327629584,265045,50000000,True,35,bartlett,1,,
anticipation1,2003,2004,1,-4931.469541460279,1804.088306107386,265045,50000000,True,35,bartlett,1,,
anticipation1,2003,2005,2,-4654.718529522943,1771.1183208357845,265045,50000000,True,35,bartlett,1,,
anticipation1,2003,2006,3,-4882.4262647814085,1791.5952786936475,265045,50000000,True,35,bartlett,1,,
anticipation1,2003,2007,4,-5916.253346219303,1777.3603658548511,265045,50000000,True,35,bartlett,1,,
anticipation1,2003,2008,5,-5534.494688859619,1764.327539061923,265045,50000000,True,35,bartlett,1,,
anticipation1,2003,2009,6,-4940.7819928935605,1775.3073304607099,265045,50000000,True,35,bartlett,1,,
anticipation1,2003,2010,7,-5024.530454226856,1783.8721508278877,265045,50000000,True,35,bartlett,1,,
anticipation1,2003,2011,8,-4825.321807656159,1802.2663603896908,265045,50000000,True,35,bartlett,1,,
anticipation1,2003,2012,9,-1307.9845026759683,1542.7776512542534,265045,50000000,True,35,bartlett,1,,
anticipation1,2003,2013,10,-5220.286621021526,1782.0028991946324,265045,50000000,True,35,bartlett,1,,
anticipation1,2003,2014,11,-5033.312626963335,1821.5587245700392,265045,50000000,True,35,bartlett,1,,
anticipation1,2003,2015,12,-5295.083700691192,1782.3765397318043,265045,50000000,True,35,bartlett,1,,
anticipation1,2003,2016,13,-6050.207170650734,1785.1353129387987,265045,50000000,True,35,bartlett,1,,
anticipation1,2003,2017,14,-6666.0721666849795,1790.3839219568183,265045,50000000,True,35,bartlett,1,,
anticipation1,2003,2018,15,-6222.423147151812,1787.1000758408925,265045,50000000,True,35,bartlett,1,,
anticipation1,2003,2019,16,-5821.662670982252,1792.137928815295,265045,50000000,True,35,bartlett,1,,
anticipation1,2003,2020,17,-6555.876756317451,1784.0703795768202,265045,50000000,True,35,bartlett,1,,
anticipation1,2003,2021,18,-5968.599955126542,1786.0293221737645,265045,50000000,True,35,bartlett,1,,
anticipation1,2003,2022,19,-5898.5673271506275,1780.7971292798604,265045,50000000,True,35,bartlett,1,,
anticipation1,2003,2023,20,-5048.719774802536,1817.7392943589332,265045,50000000,True,35,bartlett,1,,
anticipation1,2003,2024,21,-5403.8112082488415,1783.3084193059901,265045,50000000,True,35,bartlett,1,,
anticipation1,2003,2025,22,-5444.4064892644765,1767.1872122089512,265045,50000000,True,35,bartlett,1,,
anticipation1,2004,2002,-2,0.0,0.0,264993,50000000,True,35,bartlett,1,,
anticipation1,2004,2003,-1,661.8156172417284,140.53289390017713,264993,50000000,True,35,bartlett,1,,
anticipation1,2004,2004,0,737.3384961227209,616.4143975250174,264993,50000000,True,35,bartlett,1,,
anticipation1,2004,2005,1,596.578340006718,204.04778261076825,264993,50000000,True,35,bartlett,1,,
anticipation1,2004,2006,2,1026.5800847921976,273.11607841686043,264993,50000000,True,35,bartlett,1,,
anticipation1,2004,2007,3,247.9816299717437,288.3934247199244,264993,50000000,True,35,bartlett,1,,
anticipation1,2004,2008,4,464.7194783584246,444.2034439964306,264993,50000000,True,35,bartlett,1,,
anticipation1,2004,2009,5,957.9730476854637,388.29304270047544,264993,50000000,True,35,bartlett,1,,
anticipation1,2004,2010,6,454.39805997992875,215.81716072162766,264993,50000000,True,35,bartlett,1,,
anticipation1,2004,2011,7,884.4169931287305,330.05003871677707,264993,50000000,True,35,bartlett,1,,
anticipation1,2004,2012,8,1627.11151421243,587.4505267017867,264993,50000000,True,35,bartlett,1,,
anticipation1,2004,2013,9,296.75318649307326,134.68956512104762,264993,50000000,True,35,bartlett,1,,
anticipation1,2004,2014,10,1595.8566872070685,1263.9733216344707,264993,50000000,True,35,bartlett,1,,
anticipation1,2004,2015,11,289.71144629637456,208.78321609872845,264993,50000000,True,35,bartlett,1,,
anticipation1,2004,2016,12,-90.26063677567134,444.1491454788043,264993,50000000,True,35,bartlett,1,,
anticipation1,2004,2017,13,-166.56484744342401,728.2911534688924,264993,50000000,True,35,bartlett,1,,
anticipation1,2004,2018,14,-308.14385981264735,301.1747750978152,264993,50000000,True,35,bartlett,1,,
anticipation1,2004,2019,15,546.1459717593507,848.7904385733258,264993,50000000,True,35,bartlett,1,,
anticipation1,2004,2020,16,-979.9098517901454,167.62121003267032,264993,50000000,True,35,bartlett,1,,
anticipation1,2004,2021,17,-392.79167100404527,203.1450949943967,264993,50000000,True,35,bartlett,1,,
anticipation1,2004,2022,18,-225.77327489628794,180.13626825428022,264993,50000000,True,35,bartlett,1,,
anticipation1,2004,2023,19,196.05684048501297,266.4872547878411,264993,50000000,True,35,bartlett,1,,
anticipation1,2004,2024,20,-67.4571416807191,94.74905641759142,264993,50000000,True,35,bartlett,1,,
anticipation1,2004,2025,21,225.55229856348242,355.6671132950588,264993,50000000,True,35,bartlett,1,,
anticipation1,2005,2002,-3,1.805385037225392,262.11935827452254,266056,50000000,True,35,bartlett,1,,
anticipation1,2005,2003,-2,0.0,0.0,266056,50000000,True,35,bartlett,1,,
anticipation1,2005,2004,-1,-640.1861826300318,130.21956134105952,266056,50000000,True,35,bartlett,1,,
anticipation1,2005,2005,0,11.22912810313619,133.35273962697082,266056,50000000,True,35,bartlett,1,,
anticipation1,2005,2006,1,-6.98136320244204,179.38024733028226,266056,50000000,True,35,bartlett,1,,
anticipation1,2005,2007,2,-745.673413821119,127.98320569365465,266056,50000000,True,35,bartlett,1,,
anticipation1,2005,2008,3,-1015.7210729170274,155.55099845782345,266056,50000000,True,35,bartlett,1,,
anticipation1,2005,2009,4,-400.57221871793166,153.61914695689077,266056,50000000,True,35,bartlett,1,,
anticipation1,2005,2010,5,-226.02530431228257,158.152549263219,266056,50000000,True,35,bartlett,1,,
anticipation1,2005,2011,6,-446.70557453866877,149.39346340951298,266056,50000000,True,35,bartlett,1,,
anticipation1,2005,2012,7,-106.49140348630468,168.26299668934246,266056,50000000,True,35,bartlett,1,,
anticipation1,2005,2013,8,-607.532761381527,150.68003700537656,266056,50000000,True,35,bartlett,1,,
anticipation1,2005,2014,9,-662.1076756355947,243.31746479714934,266056,50000000,True,35,bartlett,1,,
anticipation1,2005,2015,10,-608.2081828153287,155.34305277066454,266056,50000000,True,35,bartlett,1,,
anticipation1,2005,2016,11,-1077.2042789683967,174.15410211573666,266056,50000000,True,35,bartlett,1,,
anticipation1,2005,2017,12,-1582.9300046438093,310.7726465449051,266056,50000000,True,35,bartlett,1,,
anticipation1,2005,2018,13,-1154.7416745357204,189.30192694005373,266056,50000000,True,35,bartlett,1,,
anticipation1,2005,2019,14,-1328.3402350629196,166.00213987720323,266056,50000000,True,35,bartlett,1,,
anticipation1,2005,2020,15,-1733.509924493952,169.1742691716746,266056,50000000,True,35,bartlett,1,,
anticipation1,2005,2021,16,-1151.08278076877,171.065725141026,266056,50000000,True,35,bartlett,1,,
anticipation1,2005,2022,17,-1168.1344748589404,148.9241824833588,266056,50000000,True,35,bartlett,1,,
anticipation1,2005,2023,18,-810.8441959082459,153.85483092823515,266056,50000000,True,35,bartlett,1,,
anticipation1,2005,2024,19,-750.7510988451813,161.02237933047886,266056,50000000,True,35,bartlett,1,,
anticipation1,2005,2025,20,-683.5375720685231,145.08733020828112,266056,50000000,True,35,bartlett,1,,
anticipation1,2006,2002,-4,-140.3859098209914,466.0237806005897,265725,50000000,True,35,bartlett,1,,
anticipation1,2006,2003,-3,-1139.3940632939543,442.5970652785515,265725,50000000,True,35,bartlett,1,,
anticipation1,2006,2004,-2,0.0,0.0,265725,50000000,True,35,bartlett,1,,
anticipation1,2006,2005,-1,-674.2913617255667,423.83098925277835,265725,50000000,True,35,bartlett,1,,
anticipation1,2006,2006,0,-339.9386267113018,463.4682845045406,265725,50000000,True,35,bartlett,1,,
anticipation1,2006,2007,1,-1124.867025583202,493.7742815268443,265725,50000000,True,35,bartlett,1,,
anticipation1,2006,2008,2,-1480.8211648477677,551.4573259638779,265725,50000000,True,35,bartlett,1,,
anticipation1,2006,2009,3,-258.2111513745154,472.68357459834033,265725,50000000,True,35,bartlett,1,,
anticipation1,2006,2010,4,-72.85225960150183,706.4889362698489,265725,50000000,True,35,bartlett,1,,
anticipation1,2006,2011,5,-687.857337362908,473.70811220730945,265725,50000000,True,35,bartlett,1,,
anticipation1,2006,2012,6,-374.37496192027834,524.9101592540666,265725,50000000,True,35,bartlett,1,,
anticipation1,2006,2013,7,-1392.2216116771635,476.7799937850688,265725,50000000,True,35,bartlett,1,,
anticipation1,2006,2014,8,-1627.3694400529275,450.36959673065576,265725,50000000,True,35,bartlett,1,,
anticipation1,2006,2015,9,-1436.0614051935017,484.1785882243779,265725,50000000,True,35,bartlett,1,,
anticipation1,2006,2016,10,-1690.7686562327478,501.629466730282,265725,50000000,True,35,bartlett,1,,
anticipation1,2006,2017,11,-574.8510727653427,725.0715048038768,265725,50000000,True,35,bartlett,1,,
anticipation1,2006,2018,12,-1882.231872175123,481.6922333113201,265725,50000000,True,35,bartlett,1,,
anticipation1,2006,2019,13,-2244.1296504307747,425.59010547305957,265725,50000000,True,35,bartlett,1,,
anticipation1,2006,2020,14,-2916.0260161294727,446.9349809351341,265725,50000000,True,35,bartlett,1,,
anticipation1,2006,2021,15,-2210.318674710296,446.90648380539534,265725,50000000,True,35,bartlett,1,,
anticipation1,2006,2022,16,-2477.162907891333,427.1409612279805,265725,50000000,True,35,bartlett,1,,
anticipation1,2006,2023,17,-1444.4913180909339,469.4692888513304,265725,50000000,True,35,bartlett,1,,
anticipation1,2006,2024,18,-1364.790205047311,498.00265936335234,265725,50000000,True,35,bartlett,1,,
anticipation1,2006,2025,19,-1628.0102174009296,437.6130632834501,265725,50000000,True,35,bartlett,1,,
anticipation1,2007,2002,-5,-70.41714751319576,55.96988207562722,269159,50000000,True,35,bartlett,1,,
anticipation1,2007,2003,-4,307.7986397323767,53.39369154277978,269159,50000000,True,35,bartlett,1,,
anticipation1,2007,2004,-3,-272.7932154895168,52.67650611286248,269159,50000000,True,35,bartlett,1,,
anticipation1,2007,2005,-2,0.0,0.0,269159,50000000,True,35,bartlett,1,,
anticipation1,2007,2006,-1,302.14857513891417,48.40764602207838,269159,50000000,True,35,bartlett,1,,
anticipation1,2007,2007,0,-421.3698906442733,50.8032614068989,269159,50000000,True,35,bartlett,1,,
anticipation1,2007,2008,1,-239.83802099296577,69.48835945712744,269159,50000000,True,35,bartlett,1,,
anticipation1,2007,2009,2,118.23762198296787,55.1499635695384,269159,50000000,True,35,bartlett,1,,
anticipation1,2007,2010,3,291.8985858706804,60.245731440877194,269159,50000000,True,35,bartlett,1,,
anticipation1,2007,2011,4,94.94870800251952,48.37498210330071,269159,50000000,True,35,bartlett,1,,
anticipation1,2007,2012,5,296.5038478609231,61.0737914641575,269159,50000000,True,35,bartlett,1,,
anticipation1,2007,2013,6,-91.46050561982761,46.083181048915115,269159,50000000,True,35,bartlett,1,,
anticipation1,2007,2014,7,-421.91534023521933,46.93772897240846,269159,50000000,True,35,bartlett,1,,
anticipation1,2007,2015,8,-198.45287899703112,41.27485532524725,269159,50000000,True,35,bartlett,1,,
anticipation1,2007,2016,9,-773.0494243799052,53.11128097277644,269159,50000000,True,35,bartlett,1,,
anticipation1,2007,2017,10,-1240.023405409599,75.20616393028908,269159,50000000,True,35,bartlett,1,,
anticipation1,2007,2018,11,-1077.0542588931032,52.504314285734864,269159,50000000,True,35,bartlett,1,,
anticipation1,2007,2019,12,-755.7014582611804,88.85724856163843,269159,50000000,True,35,bartlett,1,,
anticipation1,2007,2020,13,-1290.835140766413,63.499078146143354,269159,50000000,True,35,bartlett,1,,
anticipation1,2007,2021,14,-740.4978108320731,55.53469596320935,269159,50000000,True,35,bartlett,1,,
anticipation1,2007,2022,15,-527.1917436461789,60.34837276442917,269159,50000000,True,35,bartlett,1,,
anticipation1,2007,2023,16,-362.2251094518581,45.98843632465824,269159,50000000,True,35,bartlett,1,,
anticipation1,2007,2024,17,-287.40646160614483,49.462077384092765,269159,50000000,True,35,bartlett,1,,
anticipation1,2007,2025,18,-258.525721963353,51.95519025900698,269159,50000000,True,35,bartlett,1,,
anticipation1,2008,2002,-6,181.15816569383765,195.5733245593841,267614,50000000,True,35,bartlett,1,,
anticipation1,2008,2003,-5,386.8698475849771,213.11017270638243,267614,50000000,True,35,bartlett,1,,
anticipation1,2008,2004,-4,-128.95586503790372,180.5195806855028,267614,50000000,True,35,bartlett,1,,
anticipation1,2008,2005,-3,-208.90744669487054,143.24632653809084,267614,50000000,True,35,bartlett,1,,
anticipation1,2008,2006,-2,0.0,0.0,267614,50000000,True,35,bartlett,1,,
anticipation1,2008,2007,-1,-1102.8606453900843,118.2129269994035,267614,50000000,True,35,bartlett,1,,
anticipation1,2008,2008,0,-1231.1715666194534,116.30309942426518,267614,50000000,True,35,bartlett,1,,
anticipation1,2008,2009,1,-200.8232356465258,128.8644531324057,267614,50000000,True,35,bartlett,1,,
anticipation1,2008,2010,2,-456.9714149132029,145.7965803689098,267614,50000000,True,35,bartlett,1,,
anticipation1,2008,2011,3,-345.8094966738774,147.92482086677958,267614,50000000,True,35,bartlett,1,,
anticipation1,2008,2012,4,-585.1824991954574,118.09150251997185,267614,50000000,True,35,bartlett,1,,
anticipation1,2008,2013,5,-1065.5700556767624,114.46206120634,267614,50000000,True,35,bartlett,1,,
anticipation1,2008,2014,6,-1340.7083704429258,113.93924625138249,267614,50000000,True,35,bartlett,1,,
anticipation1,2008,2015,7,-1074.6081430108109,116.5912456294232,267614,50000000,True,35,bartlett,1,,
anticipation1,2008,2016,8,-1499.3102601258497,126.22468397258031,267614,50000000,True,35,bartlett,1,,
anticipation1,2008,2017,9,-632.344924213988,228.99210179598046,267614,50000000,True,35,bartlett,1,,
anticipation1,2008,2018,10,-1394.6313256529252,144.14526585302576,267614,50000000,True,35,bartlett,1,,
anticipation1,2008,2019,11,-1353.3950387701616,144.94283988534593,267614,50000000,True,35,bartlett,1,,
anticipation1,2008,2020,12,-1392.925292693837,167.69525954942867,267614,50000000,True,35,bartlett,1,,
anticipation1,2008,2021,13,-1455.9216535958478,131.16139430156352,267614,50000000,True,35,bartlett,1,,
anticipation1,2008,2022,14,-1428.3530315646499,122.53432029201639,267614,50000000,True,35,bartlett,1,,
anticipation1,2008,2023,15,-861.6527961594691,131.15156986090662,267614,50000000,True,35,bartlett,1,,
anticipation1,2008,2024,16,-1098.81743827721,120.71800602737707,267614,50000000,True,35,bartlett,1,,
anticipation1,2008,2025,17,-940.7888762422133,135.49303404435545,267614,50000000,True,35,bartlett,1,,
anticipation1,2009,2002,-7,493.42904997680074,61.77913031780032,279346,50000000,True,35,bartlett,1,,
anticipation1,2009,2003,-6,795.6911985958188,53.19732701787333,279346,50000000,True,35,bartlett,1,,
anticipation1,2009,2004,-5,490.2205239631152,65.29071267486363,279346,50000000,True,35,bartlett,1,,
anticipation1,2009,2005,-4,593.4340741095726,52.11196243938968,279346,50000000,True,35,bartlett,1,,
anticipation1,2009,2006,-3,807.5666786597318,50.90467938593124,279346,50000000,True,35,bartlett,1,,
anticipation1,2009,2007,-2,0.0,0.0,279346,50000000,True,35,bartlett,1,,
anticipation1,2009,2008,-1,40.447740532075805,52.43698566650723,279346,50000000,True,35,bartlett,1,,
anticipation1,2009,2009,0,748.4103460018749,58.78474182549807,279346,50000000,True,35,bartlett,1,,
anticipation1,2009,2010,1,813.1916270281207,67.20038956279167,279346,50000000,True,35,bartlett,1,,
anticipation1,2009,2011,2,627.0591098787625,53.344282584037785,279346,50000000,True,35,bartlett,1,,
anticipation1,2009,2012,3,714.5809152971445,55.889831585403655,279346,50000000,True,35,bartlett,1,,
anticipation1,2009,2013,4,479.2965023443397,51.3934596158596,279346,50000000,True,35,bartlett,1,,
anticipation1,2009,2014,5,169.08672471502518,52.450777726591525,279346,50000000,True,35,bartlett,1,,
anticipation1,2009,2015,6,424.071818817221,50.65248667047522,279346,50000000,True,35,bartlett,1,,
anticipation1,2009,2016,7,145.28369806804582,68.66644580485439,279346,50000000,True,35,bartlett,1,,
anticipation1,2009,2017,8,-640.3426621328655,71.85567993226222,279346,50000000,True,35,bartlett,1,,
anticipation1,2009,2018,9,-347.60979860590504,61.037150925508335,279346,50000000,True,35,bartlett,1,,
anticipation1,2009,2019,10,-162.43264600695224,88.60035420413591,279346,50000000,True,35,bartlett,1,,
anticipation1,2009,2020,11,-495.5543530342028,66.10979419223588,279346,50000000,True,35,bartlett,1,,
anticipation1,2009,2021,12,-130.5210667588298,61.006398556133554,279346,50000000,True,35,bartlett,1,,
anticipation1,2009,2022,13,76.47396276074625,55.851497453762065,279346,50000000,True,35,bartlett,1,,
anticipation1,2009,2023,14,384.88707672084195,55.35899355911273,279346,50000000,True,35,bartlett,1,,
anticipation1,2009,2024,15,359.93517172751973,54.662780728835564,279346,50000000,True,35,bartlett,1,,
anticipation1,2009,2025,16,341.5917794250967,59.16479736688293,279346,50000000,True,35,bartlett,1,,
anticipation1,2010,2002,-8,473.9014854631997,172.1625824876129,266070,50000000,True,35,bartlett,1,,
anticipation1,2010,2003,-7,394.04075251628217,113.08394513307958,266070,50000000,True,35,bartlett,1,,
anticipation1,2010,2004,-6,528.6851403860317,149.38505516046644,266070,50000000,True,35,bartlett,1,,
anticipation1,2010,2005,-5,350.9675442657541,128.58290712411625,266070,50000000,True,35,bartlett,1,,
anticipation1,2010,2006,-4,1322.7119996529746,184.30511904368353,266070,50000000,True,35,bartlett,1,,
anticipation1,2010,2007,-3,-256.62305340440633,118.02806008027227,266070,50000000,True,35,bartlett,1,,
anticipation1,2010,2008,-2,0.0,0.0,266070,50000000,True,35,bartlett,1,,
anticipation1,2010,2009,-1,1081.997256532526,152.278376976256,266070,50000000,True,35,bartlett,1,,
anticipation1,2010,2010,0,629.7769980138343,152.00637279152215,266070,50000000,True,35,bartlett,1,,
anticipation1,2010,2011,1,852.92295078756,166.66233481742185,266070,50000000,True,35,bartlett,1,,
anticipation1,2010,2012,2,844.9111185259319,144.69016597056333,266070,50000000,True,35,bartlett,1,,
anticipation1,2010,2013,3,297.78051667592405,136.5229941885279,266070,50000000,True,35,bartlett,1,,
anticipation1,2010,2014,4,-152.87946526530814,170.82481436760537,266070,50000000,True,35,bartlett,1,,
anticipation1,2010,2015,5,54.151874863783746,129.79170994761162,266070,50000000,True,35,bartlett,1,,
anticipation1,2010,2016,6,-264.69358484274426,190.44123223697042,266070,50000000,True,35,bartlett,1,,
anticipation1,2010,2017,7,-758.7379111269662,206.4345505975061,266070,50000000,True,35,bartlett,1,,
anticipation1,2010,2018,8,-974.6394679367702,123.70824477027435,266070,50000000,True,35,bartlett,1,,
anticipation1,2010,2019,9,-712.9881576308587,138.39710000639903,266070,50000000,True,35,bartlett,1,,
anticipation1,2010,2020,10,-1168.7619026583307,130.17872416623143,266070,50000000,True,35,bartlett,1,,
anticipation1,2010,2021,11,-587.2850348390785,174.10523512974706,266070,50000000,True,35,bartlett,1,,
anticipation1,2010,2022,12,-413.79351108682533,144.91931999221657,266070,50000000,True,35,bartlett,1,,
anticipation1,2010,2023,13,-13.264999524528207,152.76478547378375,266070,50000000,True,35,bartlett,1,,
anticipation1,2010,2024,14,554.4881663822077,252.73686564221273,266070,50000000,True,35,bartlett,1,,
anticipation1,2010,2025,15,-63.24026539501108,155.80096090240545,266070,50000000,True,35,bartlett,1,,
anticipation1,2011,2002,-9,-920.4952814759873,133.65910089725924,277147,50000000,True,35,bartlett,1,,
anticipation1,2011,2003,-8,-642.5345288255518,132.42889565893665,277147,50000000,True,35,bartlett,1,,
anticipation1,2011,2004,-7,390.3529582888677,155.82936375438572,277147,50000000,True,35,bartlett,1,,
anticipation1,2011,2005,-6,-418.27088324719153,145.2884905947848,277147,50000000,True,35,bartlett,1,,
anticipation1,2011,2006,-5,102.19854345786018,135.94655395614438,277147,50000000,True,35,bartlett,1,,
anticipation1,2011,2007,-4,-270.3251991545662,155.86645146223313,277147,50000000,True,35,bartlett,1,,
anticipation1,2011,2008,-3,-1404.7584138443774,126.78356727805765,277147,50000000,True,35,bartlett,1,,
anticipation1,2011,2009,-2,0.0,0.0,277147,50000000,True,35,bartlett,1,,
anticipation1,2011,2010,-1,-595.995020213842,128.65728494818686,277147,50000000,True,35,bartlett,1,,
anticipation1,2011,2011,0,-1365.1768791058498,119.48683395938545,277147,50000000,True,35,bartlett,1,,
anticipation1,2011,2012,1,-998.4418362043309,136.5683897335265,277147,50000000,True,35,bartlett,1,,
anticipation1,2011,2013,2,-1977.8589521436925,126.1969477134899,277147,50000000,True,35,bartlett,1,,
anticipation1,2011,2014,3,-1630.3972322012692,159.05750902238944,277147,50000000,True,35,bartlett,1,,
anticipation1,2011,2015,4,-1670.6551404290644,130.93688263392778,277147,50000000,True,35,bartlett,1,,
anticipation1,2011,2016,5,-1914.8677452314805,146.10115676251604,277147,50000000,True,35,bartlett,1,,
anticipation1,2011,2017,6,-638.5054764114648,168.69233216512137,277147,50000000,True,35,bartlett,1,,
anticipation1,2011,2018,7,-1563.2694927094458,150.40597158286326,277147,50000000,True,35,bartlett,1,,
anticipation1,2011,2019,8,-1885.7488201049612,152.81009618781744,277147,50000000,True,35,bartlett,1,,
anticipation1,2011,2020,9,-2441.4633895624825,136.9304001701003,277147,50000000,True,35,bartlett,1,,
anticipation1,2011,2021,10,-1771.0565659766426,138.41295580615946,277147,50000000,True,35,bartlett,1,,
anticipation1,2011,2022,11,-1994.0436977306958,133.01403794123007,277147,50000000,True,35,bartlett,1,,
anticipation1,2011,2023,12,-1780.109082037434,126.98027219865361,277147,50000000,True,35,bartlett,1,,
anticipation1,2011,2024,13,-1808.3011697427353,139.78497906366252,277147,50000000,True,35,bartlett,1,,
anticipation1,2011,2025,14,-1581.179081958951,137.92076556769487,277147,50000000,True,35,bartlett,1,,
anticipation1,2012,2002,-10,-1206.5512062905432,195.08381331625145,265849,50000000,True,35,bartlett,1,,
anticipation1,2012,2003,-9,550.8189594778595,307.27064923027586,265849,50000000,True,35,bartlett,1,,
anticipation1,2012,2004,-8,-609.7552662465035,241.1474134033242,265849,50000000,True,35,bartlett,1,,
anticipation1,2012,2005,-7,101.25119936545073,363.0612653355384,265849,50000000,True,35,bartlett,1,,
anticipation1,2012,2006,-6,-376.7471523083501,219.80130671652506,265849,50000000,True,35,bartlett,1,,
anticipation1,2012,2007,-5,-970.1451198813163,222.45538295552416,265849,50000000,True,35,bartlett,1,,
anticipation1,2012,2008,-4,-719.9282571659264,205.07810121775375,265849,50000000,True,35,bartlett,1,,
anticipation1,2012,2009,-3,24.259674459728487,362.3621893960648,265849,50000000,True,35,bartlett,1,,
anticipation1,2012,2010,-2,0.0,0.0,265849,50000000,True,35,bartlett,1,,
anticipation1,2012,2011,-1,-519.7569467705664,227.57157933481702,265849,50000000,True,35,bartlett,1,,
anticipation1,2012,2012,0,-598.9470383154118,183.22917811298606,265849,50000000,True,35,bartlett,1,,
anticipation1,2012,2013,1,-1038.4448454743024,199.155417847992,265849,50000000,True,35,bartlett,1,,
anticipation1,2012,2014,2,-1215.0750575526151,202.1355223962813,265849,50000000,True,35,bartlett,1,,
anticipation1,2012,2015,3,-445.44957477383826,255.86723742404325,265849,50000000,True,35,bartlett,1,,
anticipation1,2012,2016,4,-1121.8359898213118,305.7810796837132,265849,50000000,True,35,bartlett,1,,
anticipation1,2012,2017,5,-1208.374207341776,300.7472525714436,265849,50000000,True,35,bartlett,1,,
anticipation1,2012,2018,6,-379.2521234739354,420.843182101299,265849,50000000,True,35,bartlett,1,,
anticipation1,2012,2019,7,-755.320045905593,332.2514888232741,265849,50000000,True,35,bartlett,1,,
anticipation1,2012,2020,8,-1676.2122083042764,243.23794970672063,265849,50000000,True,35,bartlett,1,,
anticipation1,2012,2021,9,-919.551143284413,298.4886837915535,265849,50000000,True,35,bartlett,1,,
anticipation1,2012,2022,10,-1338.2723943931317,216.81984735330343,265849,50000000,True,35,bartlett,1,,
anticipation1,2012,2023,11,-665.5098074873138,245.13676500892538,265849,50000000,True,35,bartlett,1,,
anticipation1,2012,2024,12,-738.1864784825707,256.3262168046038,265849,50000000,True,35,bartlett,1,,
anticipation1,2012,2025,13,-738.8102454547611,290.67903701110015,265849,50000000,True,35,bartlett,1,,
anticipation1,2013,2002,-11,-453.38716842683937,162.8222881576665,266682,50000000,True,35,bartlett,1,,
anticipation1,2013,2003,-10,517.6083056982619,236.50058701667498,266682,50000000,True,35,bartlett,1,,
anticipation1,2013,2004,-9,-624.5719991800048,204.0995613854899,266682,50000000,True,35,bartlett,1,,
anticipation1,2013,2005,-8,-142.29368587954258,180.46167458131427,266682,50000000,True,35,bartlett,1,,
anticipation1,2013,2006,-7,363.5684945207429,255.97583417683404,266682,50000000,True,35,bartlett,1,,
anticipation1,2013,2007,-6,-616.7550596301637,194.85311052324593,266682,50000000,True,35,bartlett,1,,
anticipation1,2013,2008,-5,-249.2681757617441,223.94417453400573,266682,50000000,True,35,bartlett,1,,
anticipation1,2013,2009,-4,60.7402843093095,225.94448700599307,266682,50000000,True,35,bartlett,1,,
anticipation1,2013,2010,-3,-245.19093391133103,185.4299828476337,266682,50000000,True,35,bartlett,1,,
anticipation1,2013,2011,-2,0.0,0.0,266682,50000000,True,35,bartlett,1,,
anticipation1,2013,2012,-1,131.03685602626138,199.17301882314953,266682,50000000,True,35,bartlett,1,,
anticipation1,2013,2013,0,-486.3182271291449,195.7738512376876,266682,50000000,True,35,bartlett,1,,
anticipation1,2013,2014,1,-281.12929559191963,276.7225832192122,266682,50000000,True,35,bartlett,1,,
anticipation1,2013,2015,2,-196.95181281430285,191.04166237024026,266682,50000000,True,35,bartlett,1,,
anticipation1,2013,2016,3,24074.489781285163,2620.5068382237887,266682,50000000,True,35,bartlett,1,,
anticipation1,2013,2017,4,-840.9034859834089,251.48255479795628,266682,50000000,True,35,bartlett,1,,
anticipation1,2013,2018,5,-1080.4288629041623,222.87950314704545,266682,50000000,True,35,bartlett,1,,
anticipation1,2013,2019,6,964.3390841083457,715.9351150838644,266682,50000000,True,35,bartlett,1,,
anticipation1,2013,2020,7,-1542.509811785687,196.7067131537011,266682,50000000,True,35,bartlett,1,,
anticipation1,2013,2021,8,-758.9567224933685,249.7169908455236,266682,50000000,True,35,bartlett,1,,
anticipation1,2013,2022,9,-776.7491537222724,196.33332398512766,266682,50000000,True,35,bartlett,1,,
anticipation1,2013,2023,10,-476.5242225899956,206.8354504059726,266682,50000000,True,35,bartlett,1,,
anticipation1,2013,2024,11,-763.6834309377934,184.03810034067254,266682,50000000,True,35,bartlett,1,,
anticipation1,2013,2025,12,-441.9192039778353,191.6374576549961,266682,50000000,True,35,bartlett,1,,
anticipation1,2014,2002,-12,-677.5427516890899,264.19513573656076,265320,50000000,True,35,bartlett,1,,
anticipation1,2014,2003,-11,-602.2272963075529,240.19735457994182,265320,50000000,True,35,bartlett,1,,
anticipation1,2014,2004,-10,-526.2761254510118,321.6223066989893,265320,50000000,True,35,bartlett,1,,
anticipation1,2014,2005,-9,-670.3814572105126,250.39531840654806,265320,50000000,True,35,bartlett,1,,
anticipation1,2014,2006,-8,-271.7845952421175,253.66863253102517,265320,50000000,True,35,bartlett,1,,
anticipation1,2014,2007,-7,1080.440327355118,535.5699933773337,265320,50000000,True,35,bartlett,1,,
anticipation1,2014,2008,-6,-78.08992762452311,677.68013399806,265320,50000000,True,35,bartlett,1,,
anticipation1,2014,2009,-5,132.34645443151027,293.40507681471036,265320,50000000,True,35,bartlett,1,,
anticipation1,2014,2010,-4,-567.7236957469856,237.82772697553887,265320,50000000,True,35,bartlett,1,,
anticipation1,2014,2011,-3,-494.0054718755792,288.2782571959396,265320,50000000,True,35,bartlett,1,,
anticipation1,2014,2012,-2,0.0,0.0,265320,50000000,True,35,bartlett,1,,
anticipation1,2014,2013,-1,-684.7729034775658,273.67338293963707,265320,50000000,True,35,bartlett,1,,
anticipation1,2014,2014,0,-1037.585403873113,264.22691123138037,265320,50000000,True,35,bartlett,1,,
anticipation1,2014,2015,1,-375.90596503258024,349.46299155803825,265320,50000000,True,35,bartlett,1,,
anticipation1,2014,2016,2,-986.7237297661892,405.32190252769595,265320,50000000,True,35,bartlett,1,,
anticipation1,2014,2017,3,-1710.1740903567531,455.4725815181382,265320,50000000,True,35,bartlett,1,,
anticipation1,2014,2018,4,-1867.144104456541,244.0426698756396,265320,50000000,True,35,bartlett,1,,
anticipation1,2014,2019,5,-632.1178011438254,554.7864715051799,265320,50000000,True,35,bartlett,1,,
anticipation1,2014,2020,6,-1946.768596581364,244.7957679947016,265320,50000000,True,35,bartlett,1,,
anticipation1,2014,2021,7,-1019.8007407180462,215.4518502310475,265320,50000000,True,35,bartlett,1,,
anticipation1,2014,2022,8,-1150.1124377717783,285.3287365289962,265320,50000000,True,35,bartlett,1,,
anticipation1,2014,2023,9,-1206.0969446519027,239.24816373035532,265320,50000000,True,35,bartlett,1,,
anticipation1,2014,2024,10,-1199.5472258374298,235.2305443962752,265320,50000000,True,35,bartlett,1,,
anticipation1,2014,2025,11,-574.5032471414022,417.29793224414095,265320,50000000,True,35,bartlett,1,,
anticipation1,2018,2002,-16,460.3442521099467,93.01539832940915,276842,50000000,True,35,bartlett,1,,
anticipation1,2018,2003,-15,756.3805802876329,91.55281705257414,276842,50000000,True,35,bartlett,1,,
anticipation1,2018,2004,-14,880.1775680534721,120.24745953370432,276842,50000000,True,35,bartlett,1,,
anticipation1,2018,2005,-13,753.1072888302665,102.45807702979198,276842,50000000,True,35,bartlett,1,,
anticipation1,2018,2006,-12,1554.1145240932515,127.72054877442615,276842,50000000,True,35,bartlett,1,,
anticipation1,2018,2007,-11,436.44850642441224,109.89172041610803,276842,50000000,True,35,bartlett,1,,
anticipation1,2018,2008,-10,342.83663533462607,100.97032718655109,276842,50000000,True,35,bartlett,1,,
anticipation1,2018,2009,-9,1119.3867826873768,110.22113300070825,276842,50000000,True,35,bartlett,1,,
anticipation1,2018,2010,-8,1237.5086918066984,110.87361711645772,276842,50000000,True,35,bartlett,1,,
anticipation1,2018,2011,-7,895.9982591629423,97.92244587328166,276842,50000000,True,35,bartlett,1,,
anticipation1,2018,2012,-6,1068.1498836466806,96.20027370542587,276842,50000000,True,35,bartlett,1,,
anticipation1,2018,2013,-5,343.5056358588857,86.68925599089766,276842,50000000,True,35,bartlett,1,,
anticipation1,2018,2014,-4,337.6365713852123,102.49856024766584,276842,50000000,True,35,bartlett,1,,
anticipation1,2018,2015,-3,463.2323641802737,85.01600824086493,276842,50000000,True,35,bartlett,1,,
anticipation1,2018,2016,-2,0.0,0.0,276842,50000000,True,35,bartlett,1,,
anticipation1,2018,2017,-1,-8.74241660232883,107.45098666698324,276842,50000000,True,35,bartlett,1,,
anticipation1,2018,2018,0,-285.4640557823936,95.09441040122039,276842,50000000,True,35,bartlett,1,,
anticipation1,2018,2019,1,-125.85904702096533,108.4926077022069,276842,50000000,True,35,bartlett,1,,
anticipation1,2018,2020,2,-540.9681415127983,100.94596795931037,276842,50000000,True,35,bartlett,1,,
anticipation1,2018,2021,3,63.66858951663632,108.55740992619327,276842,50000000,True,35,bartlett,1,,
anticipation1,2018,2022,4,169.55156124343642,95.9815719382236,276842,50000000,True,35,bartlett,1,,
anticipation1,2018,2023,5,483.0908036152611,94.5733249766514,276842,50000000,True,35,bartlett,1,,
anticipation1,2018,2024,6,398.1940982695518,105.60496425998912,276842,50000000,True,35,bartlett,1,,
anticipation1,2018,2025,7,229.8433962916228,86.99063333549117,276842,50000000,True,35,bartlett,1,,
anticipation1,2019,2002,-17,-1251.0582768913162,2138.592235682784,264961,50000000,True,35,bartlett,1,,
anticipation1,2019,2003,-16,-1830.7467383314442,1595.245201189914,264961,50000000,True,35,bartlett,1,,
anticipation1,2019,2004,-15,80.7361165150786,2808.180668665189,264961,50000000,True,35,bartlett,1,,
anticipation1,2019,2005,-14,-319.1028956800849,2158.1744680689962,264961,50000000,True,35,bartlett,1,,
anticipation1,2019,2006,-13,-1955.277502352879,1535.203779948055,264961,50000000,True,35,bartlett,1,,
anticipation1,2019,2007,-12,-1377.1472119226526,1719.8260422679703,264961,50000000,True,35,bartlett,1,,
anticipation1,2019,2008,-11,-2473.5775763059464,1402.959797336083,264961,50000000,True,35,bartlett,1,,
anticipation1,2019,2009,-10,2990.6881091070727,3269.899229798935,264961,50000000,True,35,bartlett,1,,
anticipation1,2019,2010,-9,-1950.8965018295034,1538.868652184448,264961,50000000,True,35,bartlett,1,,
anticipation1,2019,2011,-8,248.44266019344832,1648.0051763277972,264961,50000000,True,35,bartlett,1,,
anticipation1,2019,2012,-7,-47.33999825880073,1705.6259086808163,264961,50000000,True,35,bartlett,1,,
anticipation1,2019,2013,-6,-1496.7910331958049,1510.858349789704,264961,50000000,True,35,bartlett,1,,
anticipation1,2019,2014,-5,-2263.730455550308,1592.6440660435285,264961,50000000,True,35,bartlett,1,,
anticipation1,2019,2015,-4,-1666.9201704503669,1452.0660089219223,264961,50000000,True,35,bartlett,1,,
anticipation1,2019,2016,-3,-2236.2291732599915,1528.518065576788,264961,50000000,True,35,bartlett,1,,
anticipation1,2019,2017,-2,0.0,0.0,264961,50000000,True,35,bartlett,1,,
anticipation1,2019,2018,-1,-2978.864948860565,1784.8660052338776,264961,50000000,True,35,bartlett,1,,
anticipation1,2019,2019,0,-1829.2549192157821,1728.3669498071247,264961,50000000,True,35,bartlett,1,,
anticipation1,2019,2020,1,654.9655197721784,4080.9612807612716,264961,50000000,True,35,bartlett,1,,
anticipation1,2019,2021,2,-2002.6184489799894,1461.3179300758977,264961,50000000,True,35,bartlett,1,,
anticipation1,2019,2022,3,-773.9246854651755,1682.121183902182,264961,50000000,True,35,bartlett,1,,
anticipation1,2019,2023,4,-1822.9275948489628,1664.8256130364935,264961,50000000,True,35,bartlett,1,,
anticipation1,2019,2024,5,-1715.755940823846,1698.5558625465133,264961,50000000,True,35,bartlett,1,,
anticipation1,2019,2025,6,-1502.823986511493,1557.7668179841605,264961,50000000,True,35,bartlett,1,,
anticipation1,2020,2002,-18,-88.98456476736442,118.92218316319375,289831,50000000,True,35,bartlett,1,,
anticipation1,2020,2003,-17,322.8993217619794,119.16524065286775,289831,50000000,True,35,bartlett,1,,
anticipation1,2020,2004,-16,-76.55235053302465,124.70525005535636,289831,50000000,True,35,bartlett,1,,
anticipation1,2020,2005,-15,25.250885954781324,118.37251064481542,289831,50000000,True,35,bartlett,1,,
anticipation1,2020,2006,-14,423.7148020186437,119.65767235055442,289831,50000000,True,35,bartlett,1,,
anticipation1,2020,2007,-13,-352.85099731187483,120.21590261423782,289831,50000000,True,35,bartlett,1,,
anticipation1,2020,2008,-12,-385.82432130003326,119.36164345510213,289831,50000000,True,35,bartlett,1,,
anticipation1,2020,2009,-11,208.93328895116133,122.1811327090778,289831,50000000,True,35,bartlett,1,,
anticipation1,2020,2010,-10,150.0673877626275,118.41058607734033,289831,50000000,True,35,bartlett,1,,
anticipation1,2020,2011,-9,254.38396162799415,119.85734391879075,289831,50000000,True,35,bartlett,1,,
anticipation1,2020,2012,-8,219.19095962325298,118.83950524531667,289831,50000000,True,35,bartlett,1,,
anticipation1,2020,2013,-7,111.92326548695644,119.6826476366443,289831,50000000,True,35,bartlett,1,,
anticipation1,2020,2014,-6,-315.21388006587745,117.49433891196544,289831,50000000,True,35,bartlett,1,,
anticipation1,2020,2015,-5,-7.640215331540503,117.63269146374661,289831,50000000,True,35,bartlett,1,,
anticipation1,2020,2016,-4,-692.0576856759577,118.42110957115526,289831,50000000,True,35,bartlett,1,,
anticipation1,2020,2017,-3,-1023.6039589499528,115.45133971101156,289831,50000000,True,35,bartlett,1,,
anticipation1,2020,2018,-2,0.0,0.0,289831,50000000,True,35,bartlett,1,,
anticipation1,2020,2019,-1,-231.5677814539198,130.6624212293302,289831,50000000,True,35,bartlett,1,,
anticipation1,2020,2020,0,-507.27861078590183,135.7103721600286,289831,50000000,True,35,bartlett,1,,
anticipation1,2020,2021,1,-26.98764250009509,132.84940310552423,289831,50000000,True,35,bartlett,1,,
anticipation1,2020,2022,2,305.22431857938216,137.8804783371869,289831,50000000,True,35,bartlett,1,,
anticipation1,2020,2023,3,22.139794803502923,119.81371649100511,289831,50000000,True,35,bartlett,1,,
anticipation1,2020,2024,4,451.4689033767029,131.4737842767006,289831,50000000,True,35,bartlett,1,,
anticipation1,2020,2025,5,137.27458156857404,121.10898451666073,289831,50000000,True,35,bartlett,1,,
anticipation1,2021,2002,-19,1151.8920217412992,232.46960894673717,267071,50000000,True,35,bartlett,1,,
anticipation1,2021,2003,-18,734.8460384436314,175.97544995634004,267071,50000000,True,35,bartlett,1,,
anticipation1,2021,2004,-17,2845.456671824272,371.6976653741796,267071,50000000,True,35,bartlett,1,,
anticipation1,2021,2005,-16,1387.4797462876609,226.91611045754215,267071,50000000,True,35,bartlett,1,,
anticipation1,2021,2006,-15,1623.922980456353,251.19872240027462,267071,50000000,True,35,bartlett,1,,
anticipation1,2021,2007,-14,781.4953883800893,203.6989156623252,267071,50000000,True,35,bartlett,1,,
anticipation1,2021,2008,-13,228.22857380031525,194.05482432541385,267071,50000000,True,35,bartlett,1,,
anticipation1,2021,2009,-12,1359.1612669592175,215.42682005986532,267071,50000000,True,35,bartlett,1,,
anticipation1,2021,2010,-11,780.6593649547692,185.13913716344945,267071,50000000,True,35,bartlett,1,,
anticipation1,2021,2011,-10,1221.2822690907028,197.81701649610523,267071,50000000,True,35,bartlett,1,,
anticipation1,2021,2012,-9,2066.0758545872254,246.31153561354958,267071,50000000,True,35,bartlett,1,,
anticipation1,2021,2013,-8,84.06003940833352,157.03668812139466,267071,50000000,True,35,bartlett,1,,
anticipation1,2021,2014,-7,260.1831887110208,180.8269082213492,267071,50000000,True,35,bartlett,1,,
anticipation1,2021,2015,-6,370.6418594770173,187.09031464166947,267071,50000000,True,35,bartlett,1,,
anticipation1,2021,2016,-5,305.4226876740341,195.6579306837972,267071,50000000,True,35,bartlett,1,,
anticipation1,2021,2017,-4,1540.2199981539743,291.64230803095865,267071,50000000,True,35,bartlett,1,,
anticipation1,2021,2018,-3,264.2453205662196,199.73412991667843,267071,50000000,True,35,bartlett,1,,
anticipation1,2021,2019,-2,0.0,0.0,267071,50000000,True,35,bartlett,1,,
anticipation1,2021,2020,-1,-725.1296252293901,165.21092873005165,267071,50000000,True,35,bartlett,1,,
anticipation1,2021,2021,0,-144.94073478657657,180.65912717811707,267071,50000000,True,35,bartlett,1,,
anticipation1,2021,2022,1,119.98467315181873,187.56944628777012,267071,50000000,True,35,bartlett,1,,
anticipation1,2021,2023,2,670.9507488209149,193.7620083965097,267071,50000000,True,35,bartlett,1,,
anticipation1,2021,2024,3,440.2085162700278,175.43377232652983,267071,50000000,True,35,bartlett,1,,
anticipation1,2021,2025,4,520.6170386497507,224.78206531919488,267071,50000000,True,35,bartlett,1,,
anticipation1,2024,2002,-22,145.94845448866778,68.27146981358791,275817,50000000,True,35,bartlett,1,,
anticipation1,2024,2003,-21,1258.1828126811351,87.85411312715433,275817,50000000,True,35,bartlett,1,,
anticipation1,2024,2004,-20,516.2699883622046,102.95470189669996,275817,50000000,True,35,bartlett,1,,
anticipation1,2024,2005,-19,765.7489615680965,87.64904886257993,275817,50000000,True,35,bartlett,1,,
anticipation1,2024,2006,-18,1022.7651676123671,86.80880685404198,275817,50000000,True,35,bartlett,1,,
anticipation1,2024,2007,-17,597.8842979891554,103.65221984195996,275817,50000000,True,35,bartlett,1,,
anticipation1,2024,2008,-16,-52.92857938473991,76.65409683808541,275817,50000000,True,35,bartlett,1,,
anticipation1,2024,2009,-15,866.9836622115881,87.7351925107745,275817,50000000,True,35,bartlett,1,,
anticipation1,2024,2010,-14,978.819782302571,82.07576118129359,275817,50000000,True,35,bartlett,1,,
anticipation1,2024,2011,-13,415.773316340017,70.96709494626279,275817,50000000,True,35,bartlett,1,,
anticipation1,2024,2012,-12,1041.9584612741146,79.76471398601618,275817,50000000,True,35,bartlett,1,,
anticipation1,2024,2013,-11,54.305789148063354,66.45331173210549,275817,50000000,True,35,bartlett,1,,
anticipation1,2024,2014,-10,134.06531460016163,76.40931244445447,275817,50000000,True,35,bartlett,1,,
anticipation1,2024,2015,-9,290.8337982496324,79.41111245562622,275817,50000000,True,35,bartlett,1,,
anticipation1,2024,2016,-8,558.9745111018517,101.49994683158083,275817,50000000,True,35,bartlett,1,,
anticipation1,2024,2017,-7,682.8471316277943,111.18402802722728,275817,50000000,True,35,bartlett,1,,
anticipation1,2024,2018,-6,-220.76187045585712,73.33748242824691,275817,50000000,True,35,bartlett,1,,
anticipation1,2024,2019,-5,-349.13060538643623,99.17068379308103,275817,50000000,True,35,bartlett,1,,
anticipation1,2024,2020,-4,-770.9197148714022,74.82894337308613,275817,50000000,True,35,bartlett,1,,
anticipation1,2024,2021,-3,-287.5835388965707,62.49639337469886,275817,50000000,True,35,bartlett,1,,
anticipation1,2024,2022,-2,0.0,0.0,275817,50000000,True,35,bartlett,1,,
anticipation1,2024,2023,-1,442.6670131836648,71.18664215652872,275817,50000000,True,35,bartlett,1,,
anticipation1,2024,2024,0,32.17341888172018,63.35387898559282,275817,50000000,True,35,bartlett,1,,
anticipation1,2024,2025,1,70.61856527096205,67.7529400978719,275817,50000000,True,35,bartlett,1,,
anticipation1,2025,2002,-23,117.7668572276429,238.148928209732,267802,50000000,True,35,bartlett,1,,
anticipation1,2025,2003,-22,502.1903696987328,237.02923984106764,267802,50000000,True,35,bartlett,1,,
anticipation1,2025,2004,-21,1322.9462152233443,244.50868373770777,267802,50000000,True,35,bartlett,1,,
anticipation1,2025,2005,-20,869.9721309615138,251.44498787365,267802,50000000,True,35,bartlett,1,,
anticipation1,2025,2006,-19,2076.210092404626,296.673060242382,267802,50000000,True,35,bartlett,1,,
anticipation1,2025,2007,-18,697.9322799911808,322.11147308178096,267802,50000000,True,35,bartlett,1,,
anticipation1,2025,2008,-17,348.71842534764465,263.0285995539564,267802,50000000,True,35,bartlett,1,,
anticipation1,2025,2009,-16,754.6895956047416,248.5443931716751,267802,50000000,True,35,bartlett,1,,
anticipation1,2025,2010,-15,1190.0856448700188,270.84960824338333,267802,50000000,True,35,bartlett,1,,
anticipation1,2025,2011,-14,1449.2273641187933,294.9194556473051,267802,50000000,True,35,bartlett,1,,
anticipation1,2025,2012,-13,768.161979559236,224.6325106013935,267802,50000000,True,35,bartlett,1,,
anticipation1,2025,2013,-12,-942.3989870032201,223.8715646465667,267802,50000000,True,35,bartlett,1,,
anticipation1,2025,2014,-11,-574.084072411159,205.73350544507304,267802,50000000,True,35,bartlett,1,,
anticipation1,2025,2015,-10,-461.78243847502506,187.25429343007647,267802,50000000,True,35,bartlett,1,,
anticipation1,2025,2016,-9,637.1801897923547,250.60039795646438,267802,50000000,True,35,bartlett,1,,
anticipation1,2025,2017,-8,1466.460952652152,305.5292511136621,267802,50000000,True,35,bartlett,1,,
anticipation1,2025,2018,-7,1412.5043391443646,309.54523859557395,267802,50000000,True,35,bartlett,1,,
anticipation1,2025,2019,-6,626.7025067882566,299.4636309274866,267802,50000000,True,35,bartlett,1,,
anticipation1,2025,2020,-5,341.8240302480327,291.4603623341979,267802,50000000,True,35,bartlett,1,,
anticipation1,2025,2021,-4,-27.190383785839913,218.29824499739956,267802,50000000,True,35,bartlett,1,,
anticipation1,2025,2022,-3,443.14074896981924,290.36752251277545,267802,50000000,True,35,bartlett,1,,
anticipation1,2025,2023,-2,0.0,0.0,267802,50000000,True,35,bartlett,1,,
anticipation1,2025,2024,-1,-1013.0311022926411,176.1919949541082,267802,50000000,True,35,bartlett,1,,
anticipation1,2025,2025,0,-484.30742647713487,197.99738930122962,267802,50000000,True,35,bartlett,1,,
dr_geography,2002,2002,0,-140.88779539848798,22.45741096498916,276246,50000000,True,35,bartlett,0,264952.0,0.03743764615596244
dr_geography,2002,2003,1,92.95383918550442,16.394158250286686,276246,50000000,True,35,bartlett,0,264952.0,0.03743764615596244
dr_geography,2002,2004,2,-268.07533922491916,22.49655270399544,276246,50000000,True,35,bartlett,0,264952.0,0.03743764615596244
dr_geography,2002,2005,3,-156.42474724383436,20.434751782521435,276246,50000000,True,35,bartlett,0,264952.0,0.03743764615596244
dr_geography,2002,2006,4,47.22871050379506,20.34030830531846,276246,50000000,True,35,bartlett,0,264952.0,0.03743764615596244
dr_geography,2002,2007,5,-545.2622964139229,29.992062858129913,276246,50000000,True,35,bartlett,0,264952.0,0.03743764615596244
dr_geography,2002,2008,6,-403.5003358992838,29.081587631904352,276246,50000000,True,35,bartlett,0,264952.0,0.03743764615596244
dr_geography,2002,2009,7,-142.54686510235692,20.731857950478478,276246,50000000,True,35,bartlett,0,264952.0,0.03743764615596244
dr_geography,2002,2010,8,-146.85153683239113,21.580040097798573,276246,50000000,True,35,bartlett,0,264952.0,0.03743764615596244
dr_geography,2002,2011,9,-240.80182195359785,23.36527814184697,276246,50000000,True,35,bartlett,0,264952.0,0.03743764615596244
dr_geography,2002,2012,10,-173.22501920085494,23.4445087695599,276246,50000000,True,35,bartlett,0,264952.0,0.03743764615596244
dr_geography,2002,2013,11,-229.49379037134568,21.926288525677048,276246,50000000,True,35,bartlett,0,264952.0,0.03743764615596244
dr_geography,2002,2014,12,-522.4246049077456,27.61097851662458,276246,50000000,True,35,bartlett,0,264952.0,0.03743764615596244
dr_geography,2002,2015,13,-267.52268741659464,23.03232634468038,276246,50000000,True,35,bartlett,0,264952.0,0.03743764615596244
dr_geography,2002,2016,14,-507.488085717235,67.99924103445757,276246,50000000,True,35,bartlett,0,264952.0,0.03743764615596244
dr_geography,2002,2017,15,-1171.467700017465,51.75383370553696,276246,50000000,True,35,bartlett,0,264952.0,0.03743764615596244
dr_geography,2002,2018,16,-888.0486537132466,36.609737844557486,276246,50000000,True,35,bartlett,0,264952.0,0.03743764615596244
dr_geography,2002,2019,17,-771.3055124482296,74.2307359435056,276246,50000000,True,35,bartlett,0,264952.0,0.03743764615596244
dr_geography,2002,2020,18,-1086.3932769863318,48.018343544240146,276246,50000000,True,35,bartlett,0,264952.0,0.03743764615596244
dr_geography,2002,2021,19,-772.8725149756877,31.811063633734125,276246,50000000,True,35,bartlett,0,264952.0,0.03743764615596244
dr_geography,2002,2022,20,-604.7540730663993,30.338057361572414,276246,50000000,True,35,bartlett,0,264952.0,0.03743764615596244
dr_geography,2002,2023,21,-207.63193649168844,62.90878771419251,276246,50000000,True,35,bartlett,0,264952.0,0.03743764615596244
dr_geography,2002,2024,22,-384.54123797732206,46.43200305760605,276246,50000000,True,35,bartlett,0,264952.0,0.03743764615596244
dr_geography,2002,2025,23,-383.6963710017729,42.29444150898382,276246,50000000,True,35,bartlett,0,264952.0,0.03743764615596244
dr_geography,2003,2002,-1,0.0,0.0,265045,50000000,True,35,bartlett,0,264952.0,0.9987322907430813
dr_geography,2003,2003,0,4613.58775975792,198.664266857157,265045,50000000,True,35,bartlett,0,264952.0,0.9987322907430813
dr_geography,2003,2004,1,-782.6978713763882,260.5418623941057,265045,50000000,True,35,bartlett,0,264952.0,0.9987322907430813
dr_geography,2003,2005,2,11.671361022530535,317.48938115152134,265045,50000000,True,35,bartlett,0,264952.0,0.9987322907430813
dr_geography,2003,2006,3,1399.2709579572734,197.91735499287975,265045,50000000,True,35,bartlett,0,264952.0,0.9987322907430813
dr_geography,2003,2007,4,-8171.3406198089115,268.6197368725482,265045,50000000,True,35,bartlett,0,264952.0,0.9987322907430813
dr_geography,2003,2008,5,-2844.7268851115264,244.56517925267488,265045,50000000,True,35,bartlett,0,264952.0,0.9987322907430813
dr_geography,2003,2009,6,1638.887385509013,223.0809515999394,265045,50000000,True,35,bartlett,0,264952.0,0.9987322907430813
dr_geography,2003,2010,7,-306.596652225264,218.18411519242727,265045,50000000,True,35,bartlett,0,264952.0,0.9987322907430813
dr_geography,2003,2011,8,-1990.8828659745652,275.99640912215546,265045,50000000,True,35,bartlett,0,264952.0,0.9987322907430813
dr_geography,2003,2012,9,2824.5506720251883,804.271600294428,265045,50000000,True,35,bartlett,0,264952.0,0.9987322907430813
dr_geography,2003,2013,10,-360.28822093742735,152.79797416521316,265045,50000000,True,35,bartlett,0,264952.0,0.9987322907430813
dr_geography,2003,2014,11,-3515.162346209257,396.4787891390971,265045,50000000,True,35,bartlett,0,264952.0,0.9987322907430813
dr_geography,2003,2015,12,-807.7531573298306,149.8045555343632,265045,50000000,True,35,bartlett,0,264952.0,0.9987322907430813
dr_geography,2003,2016,13,75.72818235198712,175.4096612017146,265045,50000000,True,35,bartlett,0,264952.0,0.9987322907430813
dr_geography,2003,2017,14,-9500.109651884371,264.11642864325313,265045,50000000,True,35,bartlett,0,264952.0,0.9987322907430813
dr_geography,2003,2018,15,-4991.4976084834225,200.7656616200362,265045,50000000,True,35,bartlett,0,264952.0,0.9987322907430813
dr_geography,2003,2019,16,-201.50962241859648,238.73419957978533,265045,50000000,True,35,bartlett,0,264952.0,0.9987322907430813
dr_geography,2003,2020,17,-6949.976708034115,202.2486393574813,265045,50000000,True,35,bartlett,0,264952.0,0.9987322907430813
dr_geography,2003,2021,18,-3913.684348291171,166.25339385589632,265045,50000000,True,35,bartlett,0,264952.0,0.9987322907430813
dr_geography,2003,2022,19,-1500.4773087195526,148.95532065356724,265045,50000000,True,35,bartlett,0,264952.0,0.9987322907430813
dr_geography,2003,2023,20,1946.545975260977,396.5510977807917,265045,50000000,True,35,bartlett,0,264952.0,0.9987322907430813
dr_geography,2003,2024,21,-1026.667078471833,175.35484270512887,265045,50000000,True,35,bartlett,0,264952.0,0.9987322907430813
dr_geography,2003,2025,22,-2246.468296615596,159.8084443024031,265045,50000000,True,35,bartlett,0,264952.0,0.9987322907430813
dr_geography,2004,2002,-2,-3845.912251962111,367.48546040206253,264993,50000000,True,35,bartlett,0,264952.0,0.9993433788817063
dr_geography,2004,2003,-1,0.0,0.0,264993,50000000,True,35,bartlett,0,264952.0,0.9993433788817063
dr_geography,2004,2004,0,-3934.9888105233163,718.541073631872,264993,50000000,True,35,bartlett,0,264952.0,0.9993433788817063
dr_geography,2004,2005,1,-3909.994447054331,535.9295761159553,264993,50000000,True,35,bartlett,0,264952.0,0.9993433788817063
dr_geography,2004,2006,2,-1948.4437271606018,409.8501990380418,264993,50000000,True,35,bartlett,0,264952.0,0.9993433788817063
dr_geography,2004,2007,3,-9526.006369821862,843.6616657574409,264993,50000000,True,35,bartlett,0,264952.0,0.9993433788817063
dr_geography,2004,2008,4,-4930.167729813827,731.5811319831732,264993,50000000,True,35,bartlett,0,264952.0,0.9993433788817063
dr_geography,2004,2009,5,-2817.0914220035534,419.4447112773915,264993,50000000,True,35,bartlett,0,264952.0,0.9993433788817063
dr_geography,2004,2010,6,-4147.75997517683,372.63594840776335,264993,50000000,True,35,bartlett,0,264952.0,0.9993433788817063
dr_geography,2004,2011,7,-4728.911643539041,663.2374838359153,264993,50000000,True,35,bartlett,0,264952.0,0.9993433788817063
dr_geography,2004,2012,8,-3843.8288260893123,692.0859145173938,264993,50000000,True,35,bartlett,0,264952.0,0.9993433788817063
dr_geography,2004,2013,9,-3710.635361573165,446.98244474591456,264993,50000000,True,35,bartlett,0,264952.0,0.9993433788817063
dr_geography,2004,2014,10,-5055.7625554259,1407.6876306221307,264993,50000000,True,35,bartlett,0,264952.0,0.9993433788817063
dr_geography,2004,2015,11,-4779.538363252857,431.5907330191367,264993,50000000,True,35,bartlett,0,264952.0,0.9993433788817063
dr_geography,2004,2016,12,-4054.061292613296,562.1485489002331,264993,50000000,True,35,bartlett,0,264952.0,0.9993433788817063
dr_geography,2004,2017,13,-12885.541874174916,1225.2514372629373,264993,50000000,True,35,bartlett,0,264952.0,0.9993433788817063
dr_geography,2004,2018,14,-9006.152516489661,743.7177149366568,264993,50000000,True,35,bartlett,0,264952.0,0.9993433788817063
dr_geography,2004,2019,15,-3784.1512106249425,913.3182676136398,264993,50000000,True,35,bartlett,0,264952.0,0.9993433788817063
dr_geography,2004,2020,16,-11472.367027969778,797.1086115609056,264993,50000000,True,35,bartlett,0,264952.0,0.9993433788817063
dr_geography,2004,2021,17,-8096.285392724264,604.7932402334529,264993,50000000,True,35,bartlett,0,264952.0,0.9993433788817063
dr_geography,2004,2022,18,-5311.604907261667,438.91860389887535,264993,50000000,True,35,bartlett,0,264952.0,0.9993433788817063
dr_geography,2004,2023,19,-3224.0939262752227,352.64129255078416,264993,50000000,True,35,bartlett,0,264952.0,0.9993433788817063
dr_geography,2004,2024,20,-5169.434192814353,420.54237491092056,264993,50000000,True,35,bartlett,0,264952.0,0.9993433788817063
dr_geography,2004,2025,21,-5792.752324330549,588.8246665115315,264993,50000000,True,35,bartlett,0,264952.0,0.9993433788817063
dr_geography,2005,2002,-3,1269.5558812454676,235.0936468045765,266056,50000000,True,35,bartlett,0,264952.0,0.9863600144330517
dr_geography,2005,2003,-2,3340.1124542101193,153.12163696684806,266056,50000000,True,35,bartlett,0,264952.0,0.9863600144330517
dr_geography,2005,2004,-1,0.0,0.0,266056,50000000,True,35,bartlett,0,264952.0,0.9863600144330517
dr_geography,2005,2005,0,971.874520719806,173.64400334604338,266056,50000000,True,35,bartlett,0,264952.0,0.9863600144330517
dr_geography,2005,2006,1,1502.9436972549088,153.8199230014006,266056,50000000,True,35,bartlett,0,264952.0,0.9863600144330517
dr_geography,2005,2007,2,-3054.790181741086,149.16744327227644,266056,50000000,True,35,bartlett,0,264952.0,0.9863600144330517
dr_geography,2005,2008,3,-589.0492719318574,122.10757599403281,266056,50000000,True,35,bartlett,0,264952.0,0.9863600144330517
dr_geography,2005,2009,4,1314.1152147626271,129.47142304917193,266056,50000000,True,35,bartlett,0,264952.0,0.9863600144330517
dr_geography,2005,2010,5,364.41577985121813,117.02478328736755,266056,50000000,True,35,bartlett,0,264952.0,0.9863600144330517
dr_geography,2005,2011,6,-595.2066978861031,110.33233484133301,266056,50000000,True,35,bartlett,0,264952.0,0.9863600144330517
dr_geography,2005,2012,7,-40.3303588729246,132.96223492047363,266056,50000000,True,35,bartlett,0,264952.0,0.9863600144330517
dr_geography,2005,2013,8,425.7616594050713,114.15967307057792,266056,50000000,True,35,bartlett,0,264952.0,0.9863600144330517
dr_geography,2005,2014,9,-1454.9299617880984,223.67767107982087,266056,50000000,True,35,bartlett,0,264952.0,0.9863600144330517
dr_geography,2005,2015,10,-363.28754042780434,123.20813705027842,266056,50000000,True,35,bartlett,0,264952.0,0.9863600144330517
dr_geography,2005,2016,11,614.9803775302578,148.66699968229187,266056,50000000,True,35,bartlett,0,264952.0,0.9863600144330517
dr_geography,2005,2017,12,-5501.341666433578,309.1517818816042,266056,50000000,True,35,bartlett,0,264952.0,0.9863600144330517
dr_geography,2005,2018,13,-2429.609513665259,159.45355658322197,266056,50000000,True,35,bartlett,0,264952.0,0.9863600144330517
dr_geography,2005,2019,14,-315.2163285492676,135.63776467952772,266056,50000000,True,35,bartlett,0,264952.0,0.9863600144330517
dr_geography,2005,2020,15,-4024.7423535408047,153.29820049896244,266056,50000000,True,35,bartlett,0,264952.0,0.9863600144330517
dr_geography,2005,2021,16,-2295.7956727218725,140.95858540754688,266056,50000000,True,35,bartlett,0,264952.0,0.9863600144330517
dr_geography,2005,2022,17,-731.5253314768978,112.79055057566801,266056,50000000,True,35,bartlett,0,264952.0,0.9863600144330517
dr_geography,2005,2023,18,788.5104870708445,129.95006595503398,266056,50000000,True,35,bartlett,0,264952.0,0.9863600144330517
dr_geography,2005,2024,19,-169.14525388273023,127.32978724845809,266056,50000000,True,35,bartlett,0,264952.0,0.9863600144330517
dr_geography,2005,2025,20,-1069.4476144458295,124.78522960031626,266056,50000000,True,35,bartlett,0,264952.0,0.9863600144330517
dr_geography,2006,2002,-4,686.0339375672853,407.66800504939704,265725,50000000,True,35,bartlett,0,264952.0,0.9946636560353749
dr_geography,2006,2003,-3,115.29716640585647,380.937511030506,265725,50000000,True,35,bartlett,0,264952.0,0.9946636560353749
dr_geography,2006,2004,-2,612.1300830152926,425.10801955332556,265725,50000000,True,35,bartlett,0,264952.0,0.9946636560353749
dr_geography,2006,2005,-1,0.0,0.0,265725,50000000,True,35,bartlett,0,264952.0,0.9946636560353749
dr_geography,2006,2006,0,306.27822870610163,414.51451205865493,265725,50000000,True,35,bartlett,0,264952.0,0.9946636560353749
dr_geography,2006,2007,1,-1557.091802034479,400.8851516139456,265725,50000000,True,35,bartlett,0,264952.0,0.9946636560353749
dr_geography,2006,2008,2,-506.9806200111686,489.85474625607634,265725,50000000,True,35,bartlett,0,264952.0,0.9946636560353749
dr_geography,2006,2009,3,450.74696862873196,357.99770315065985,265725,50000000,True,35,bartlett,0,264952.0,0.9946636560353749
dr_geography,2006,2010,4,319.6130167726531,674.6605787520576,265725,50000000,True,35,bartlett,0,264952.0,0.9946636560353749
dr_geography,2006,2011,5,-386.5539443343796,385.1331018971346,265725,50000000,True,35,bartlett,0,264952.0,0.9946636560353749
dr_geography,2006,2012,6,-229.19047703527963,450.77934892949,265725,50000000,True,35,bartlett,0,264952.0,0.9946636560353749
dr_geography,2006,2013,7,-509.2445628927669,388.9201490168999,265725,50000000,True,35,bartlett,0,264952.0,0.9946636560353749
dr_geography,2006,2014,8,-1333.8597180843205,399.0278261813668,265725,50000000,True,35,bartlett,0,264952.0,0.9946636560353749
dr_geography,2006,2015,9,-1237.48552459945,404.9942497481782,265725,50000000,True,35,bartlett,0,264952.0,0.9946636560353749
dr_geography,2006,2016,10,-615.8916068007657,393.4722374160948,265725,50000000,True,35,bartlett,0,264952.0,0.9946636560353749
dr_geography,2006,2017,11,-1833.1680259627035,695.8774690750802,265725,50000000,True,35,bartlett,0,264952.0,0.9946636560353749
dr_geography,2006,2018,12,-1950.8511704576729,400.5701276762054,265725,50000000,True,35,bartlett,0,264952.0,0.9946636560353749
dr_geography,2006,2019,13,-1572.1327171966768,281.5039167559005,265725,50000000,True,35,bartlett,0,264952.0,0.9946636560353749
dr_geography,2006,2020,14,-3523.4812637866917,358.3301722793355,265725,50000000,True,35,bartlett,0,264952.0,0.9946636560353749
dr_geography,2006,2021,15,-2507.0838292728977,381.8477717593909,265725,50000000,True,35,bartlett,0,264952.0,0.9946636560353749
dr_geography,2006,2022,16,-1972.0865385616594,327.9545035726099,265725,50000000,True,35,bartlett,0,264952.0,0.9946636560353749
dr_geography,2006,2023,17,-753.2016795630819,376.8502978766612,265725,50000000,True,35,bartlett,0,264952.0,0.9946636560353749
dr_geography,2006,2024,18,-963.560754475743,410.9103245517439,265725,50000000,True,35,bartlett,0,264952.0,0.9946636560353749
dr_geography,2006,2025,19,-1709.310428686176,341.0611702937454,265725,50000000,True,35,bartlett,0,264952.0,0.9946636560353749
dr_geography,2007,2002,-5,-249.56075067338148,68.13525573264748,269159,50000000,True,35,bartlett,0,264952.0,0.9462548159266456
dr_geography,2007,2003,-4,800.5584929741815,87.56372621303555,269159,50000000,True,35,bartlett,0,264952.0,0.9462548159266456
dr_geography,2007,2004,-3,-704.8505320198138,80.3233593439056,269159,50000000,True,35,bartlett,0,264952.0,0.9462548159266456
dr_geography,2007,2005,-2,-693.534996569932,100.73727070585687,269159,50000000,True,35,bartlett,0,264952.0,0.9462548159266456
dr_geography,2007,2006,-1,0.0,0.0,269159,50000000,True,35,bartlett,0,264952.0,0.9462548159266456
dr_geography,2007,2007,0,-2263.04003167313,177.75023714714663,269159,50000000,True,35,bartlett,0,264952.0,0.9462548159266456
dr_geography,2007,2008,1,-999.197790022836,99.3084145210103,269159,50000000,True,35,bartlett,0,264952.0,0.9462548159266456
dr_geography,2007,2009,2,-89.88105493314919,77.4977509912931,269159,50000000,True,35,bartlett,0,264952.0,0.9462548159266456
dr_geography,2007,2010,3,-377.9915905653817,71.54315401527603,269159,50000000,True,35,bartlett,0,264952.0,0.9462548159266456
dr_geography,2007,2011,4,-871.9207977337661,84.02024438031265,269159,50000000,True,35,bartlett,0,264952.0,0.9462548159266456
dr_geography,2007,2012,5,-535.7971006081038,75.27988486475502,269159,50000000,True,35,bartlett,0,264952.0,0.9462548159266456
dr_geography,2007,2013,6,-589.498988140811,60.69724441638115,269159,50000000,True,35,bartlett,0,264952.0,0.9462548159266456
dr_geography,2007,2014,7,-1491.5277557142074,107.22572911249107,269159,50000000,True,35,bartlett,0,264952.0,0.9462548159266456
dr_geography,2007,2015,8,-879.0210489093766,60.98797201906998,269159,50000000,True,35,bartlett,0,264952.0,0.9462548159266456
dr_geography,2007,2016,9,-534.9180139809177,63.203476876621025,269159,50000000,True,35,bartlett,0,264952.0,0.9462548159266456
dr_geography,2007,2017,10,-3119.0883998669365,202.45441499274025,269159,50000000,True,35,bartlett,0,264952.0,0.9462548159266456
dr_geography,2007,2018,11,-2014.591316790594,119.598910036675,269159,50000000,True,35,bartlett,0,264952.0,0.9462548159266456
dr_geography,2007,2019,12,-753.401773633739,86.4256466483246,269159,50000000,True,35,bartlett,0,264952.0,0.9462548159266456
dr_geography,2007,2020,13,-2519.8733047187907,160.78755654207603,269159,50000000,True,35,bartlett,0,264952.0,0.9462548159266456
dr_geography,2007,2021,14,-1784.26133777275,112.93377014801108,269159,50000000,True,35,bartlett,0,264952.0,0.9462548159266456
dr_geography,2007,2022,15,-1040.8537747608825,79.57049178120455,269159,50000000,True,35,bartlett,0,264952.0,0.9462548159266456
dr_geography,2007,2023,16,-412.17977788799027,58.01800084794285,269159,50000000,True,35,bartlett,0,264952.0,0.9462548159266456
dr_geography,2007,2024,17,-934.9870394732741,66.63018917336437,269159,50000000,True,35,bartlett,0,264952.0,0.9462548159266456
dr_geography,2007,2025,18,-1387.7696175985643,84.1062420341411,269159,50000000,True,35,bartlett,0,264952.0,0.9462548159266456
dr_geography,2008,2002,-6,2469.1424403647025,203.21527172392035,267614,50000000,True,35,bartlett,0,264952.0,0.9581673604519942
dr_geography,2008,2003,-5,3284.1570115243444,247.44602357493392,267614,50000000,True,35,bartlett,0,264952.0,0.9581673604519942
dr_geography,2008,2004,-4,1840.2199479656283,183.89066826913773,267614,50000000,True,35,bartlett,0,264952.0,0.9581673604519942
dr_geography,2008,2005,-3,1921.0795459875058,167.7318128845406,267614,50000000,True,35,bartlett,0,264952.0,0.9581673604519942
dr_geography,2008,2006,-2,2169.6165033243037,152.66000163077808,267614,50000000,True,35,bartlett,0,264952.0,0.9581673604519942
dr_geography,2008,2007,-1,0.0,0.0,267614,50000000,True,35,bartlett,0,264952.0,0.9581673604519942
dr_geography,2008,2008,0,974.5968236434512,131.9967889543352,267614,50000000,True,35,bartlett,0,264952.0,0.9581673604519942
dr_geography,2008,2009,1,2059.525496185374,161.95426532004097,267614,50000000,True,35,bartlett,0,264952.0,0.9581673604519942
dr_geography,2008,2010,2,1334.3416537072053,153.14507678215878,267614,50000000,True,35,bartlett,0,264952.0,0.9581673604519942
dr_geography,2008,2011,3,1417.6346152386068,157.64670919828293,267614,50000000,True,35,bartlett,0,264952.0,0.9581673604519942
dr_geography,2008,2012,4,955.2251944092945,127.05198075320496,267614,50000000,True,35,bartlett,0,264952.0,0.9581673604519942
dr_geography,2008,2013,5,1183.1292635036064,132.30780055570418,267614,50000000,True,35,bartlett,0,264952.0,0.9581673604519942
dr_geography,2008,2014,6,214.5712226423592,108.72582629680927,267614,50000000,True,35,bartlett,0,264952.0,0.9581673604519942
dr_geography,2008,2015,7,565.7017822927091,127.62625730377162,267614,50000000,True,35,bartlett,0,264952.0,0.9581673604519942
dr_geography,2008,2016,8,1038.5090901778676,147.51527903578838,267614,50000000,True,35,bartlett,0,264952.0,0.9581673604519942
dr_geography,2008,2017,9,-680.7854983325867,241.09339886693115,267614,50000000,True,35,bartlett,0,264952.0,0.9581673604519942
dr_geography,2008,2018,10,-138.32885272083635,141.41038032739147,267614,50000000,True,35,bartlett,0,264952.0,0.9581673604519942
dr_geography,2008,2019,11,636.6159500637591,158.5781036565325,267614,50000000,True,35,bartlett,0,264952.0,0.9581673604519942
dr_geography,2008,2020,12,-544.3913063192042,164.92931736600954,267614,50000000,True,35,bartlett,0,264952.0,0.9581673604519942
dr_geography,2008,2021,13,-397.25288566632616,126.84101820544879,267614,50000000,True,35,bartlett,0,264952.0,0.9581673604519942
dr_geography,2008,2022,14,408.7093227826475,128.68528031114124,267614,50000000,True,35,bartlett,0,264952.0,0.9581673604519942
dr_geography,2008,2023,15,1296.0866065093917,160.58415479006962,267614,50000000,True,35,bartlett,0,264952.0,0.9581673604519942
dr_geography,2008,2024,16,968.1793239126596,135.7068189769965,267614,50000000,True,35,bartlett,0,264952.0,0.9581673604519942
dr_geography,2008,2025,17,475.0315363834759,136.52969014492453,267614,50000000,True,35,bartlett,0,264952.0,0.9581673604519942
dr_geography,2009,2002,-7,457.8119613415932,60.043805713831404,279346,50000000,True,35,bartlett,0,264952.0,0.013860946639651185
dr_geography,2009,2003,-6,722.5050629346538,52.05663658206916,279346,50000000,True,35,bartlett,0,264952.0,0.013860946639651185
dr_geography,2009,2004,-5,463.7212946137375,65.02320775990685,279346,50000000,True,35,bartlett,0,264952.0,0.013860946639651185
dr_geography,2009,2005,-4,370.43507445645434,50.67207035987457,279346,50000000,True,35,bartlett,0,264952.0,0.013860946639651185
dr_geography,2009,2006,-3,601.1877691861262,48.750881407358946,279346,50000000,True,35,bartlett,0,264952.0,0.013860946639651185
dr_geography,2009,2007,-2,-403.5034714206385,78.3701635011843,279346,50000000,True,35,bartlett,0,264952.0,0.013860946639651185
dr_geography,2009,2008,-1,0.0,0.0,279346,50000000,True,35,bartlett,0,264952.0,0.013860946639651185
dr_geography,2009,2009,0,582.7017983907916,59.51628481864036,279346,50000000,True,35,bartlett,0,264952.0,0.013860946639651185
dr_geography,2009,2010,1,566.8237964105158,65.11499706181979,279346,50000000,True,35,bartlett,0,264952.0,0.013860946639651185
dr_geography,2009,2011,2,239.76007771000724,50.62536670321988,279346,50000000,True,35,bartlett,0,264952.0,0.013860946639651185
dr_geography,2009,2012,3,369.7763538948976,52.602446285999584,279346,50000000,True,35,bartlett,0,264952.0,0.013860946639651185
dr_geography,2009,2013,4,235.3331218703962,48.540470640902114,279346,50000000,True,35,bartlett,0,264952.0,0.013860946639651185
dr_geography,2009,2014,5,-137.76998430260824,50.412170075584086,279346,50000000,True,35,bartlett,0,264952.0,0.013860946639651185
dr_geography,2009,2015,6,86.24579897486737,45.43363942327505,279346,50000000,True,35,bartlett,0,264952.0,0.013860946639651185
dr_geography,2009,2016,7,111.63478544627934,68.13488830516413,279346,50000000,True,35,bartlett,0,264952.0,0.013860946639651185
dr_geography,2009,2017,8,-966.7699643264405,74.78419983738509,279346,50000000,True,35,bartlett,0,264952.0,0.013860946639651185
dr_geography,2009,2018,9,-600.65559029533,63.33731651151642,279346,50000000,True,35,bartlett,0,264952.0,0.013860946639651185
dr_geography,2009,2019,10,-187.2403711453996,87.23435998981145,279346,50000000,True,35,bartlett,0,264952.0,0.013860946639651185
dr_geography,2009,2020,11,-860.1336075782576,67.5398533616742,279346,50000000,True,35,bartlett,0,264952.0,0.013860946639651185
dr_geography,2009,2021,12,-437.78796412574565,62.112324723850364,279346,50000000,True,35,bartlett,0,264952.0,0.013860946639651185
dr_geography,2009,2022,13,-117.47778175637457,54.786018431406525,279346,50000000,True,35,bartlett,0,264952.0,0.013860946639651185
dr_geography,2009,2023,14,194.55835756567632,54.88613214991141,279346,50000000,True,35,bartlett,0,264952.0,0.013860946639651185
dr_geography,2009,2024,15,-87.061320816429,53.51658153262446,279346,50000000,True,35,bartlett,0,264952.0,0.013860946639651185
dr_geography,2009,2025,16,-126.41154517594511,56.610389187943454,279346,50000000,True,35,bartlett,0,264952.0,0.013860946639651185
dr_geography,2010,2002,-8,-1177.7225133049549,177.48126661950937,266070,50000000,True,35,bartlett,0,264952.0,0.988018190701695
dr_geography,2010,2003,-7,1245.4020841407512,147.12616918006276,266070,50000000,True,35,bartlett,0,264952.0,0.988018190701695
dr_geography,2010,2004,-6,-1740.8898774523307,173.19294119857312,266070,50000000,True,35,bartlett,0,264952.0,0.988018190701695
dr_geography,2010,2005,-5,-1692.4558339339706,151.02309857806793,266070,50000000,True,35,bartlett,0,264952.0,0.988018190701695
dr_geography,2010,2006,-4,261.0983579518231,183.5215602971371,266070,50000000,True,35,bartlett,0,264952.0,0.988018190701695
dr_geography,2010,2007,-3,-6082.51041727214,192.6048970182557,266070,50000000,True,35,bartlett,0,264952.0,0.988018190701695
dr_geography,2010,2008,-2,-3023.334277971555,168.55185853271092,266070,50000000,True,35,bartlett,0,264952.0,0.988018190701695
dr_geography,2010,2009,-1,0.0,0.0,266070,50000000,True,35,bartlett,0,264952.0,0.988018190701695
dr_geography,2010,2010,0,-1413.5975847922057,163.20825108968543,266070,50000000,True,35,bartlett,0,264952.0,0.988018190701695
dr_geography,2010,2011,1,-2329.2960517025876,182.57980278314605,266070,50000000,True,35,bartlett,0,264952.0,0.988018190701695
dr_geography,2010,2012,2,-1615.9987827562827,153.62890160729486,266070,50000000,True,35,bartlett,0,264952.0,0.988018190701695
dr_geography,2010,2013,3,-1626.3163993661224,158.95349972360827,266070,50000000,True,35,bartlett,0,264952.0,0.988018190701695
dr_geography,2010,2014,4,-3967.3964452553164,198.72363514441778,266070,50000000,True,35,bartlett,0,264952.0,0.988018190701695
dr_geography,2010,2015,5,-2227.660674557272,145.8415640001298,266070,50000000,True,35,bartlett,0,264952.0,0.988018190701695
dr_geography,2010,2016,6,-1430.5188814876628,216.52014765167885,266070,50000000,True,35,bartlett,0,264952.0,0.988018190701695
dr_geography,2010,2017,7,-7529.115218568637,261.941416406913,266070,50000000,True,35,bartlett,0,264952.0,0.988018190701695
dr_geography,2010,2018,8,-5159.909775343784,165.14233414528218,266070,50000000,True,35,bartlett,0,264952.0,0.988018190701695
dr_geography,2010,2019,9,-2132.6604225854726,156.70687832855427,266070,50000000,True,35,bartlett,0,264952.0,0.988018190701695
dr_geography,2010,2020,10,-6342.852244851678,176.41788739743575,266070,50000000,True,35,bartlett,0,264952.0,0.988018190701695
dr_geography,2010,2021,11,-4210.323778131352,202.4522714320065,266070,50000000,True,35,bartlett,0,264952.0,0.988018190701695
dr_geography,2010,2022,12,-2580.1474350849576,163.28143463497048,266070,50000000,True,35,bartlett,0,264952.0,0.988018190701695
dr_geography,2010,2023,13,-808.3680758164518,168.06974003832536,266070,50000000,True,35,bartlett,0,264952.0,0.988018190701695
dr_geography,2010,2024,14,-1781.031018889853,254.55733246341447,266070,50000000,True,35,bartlett,0,264952.0,0.988018190701695
dr_geography,2010,2025,15,-3075.562599457265,177.07251021689953,266070,50000000,True,35,bartlett,0,264952.0,0.988018190701695
dr_geography,2011,2002,-9,-6.126544618742855,138.5583377667118,277147,50000000,True,35,bartlett,0,264952.0,0.7450522646826413
dr_geography,2011,2003,-8,670.0901558475455,157.035040694858,277147,50000000,True,35,bartlett,0,264952.0,0.7450522646826413
dr_geography,2011,2004,-7,1025.410200608843,196.948990899769,277147,50000000,True,35,bartlett,0,264952.0,0.7450522646826413
dr_geography,2011,2005,-6,-12.318868558245583,163.95306502193324,277147,50000000,True,35,bartlett,0,264952.0,0.7450522646826413
dr_geography,2011,2006,-5,946.5681815621975,142.00895378948792,277147,50000000,True,35,bartlett,0,264952.0,0.7450522646826413
dr_geography,2011,2007,-4,-311.99926568756814,513.4695497396168,277147,50000000,True,35,bartlett,0,264952.0,0.7450522646826413
dr_geography,2011,2008,-3,-1203.4485305136175,149.9075311042839,277147,50000000,True,35,bartlett,0,264952.0,0.7450522646826413
dr_geography,2011,2009,-2,830.441010867552,147.10119941316236,277147,50000000,True,35,bartlett,0,264952.0,0.7450522646826413
dr_geography,2011,2010,-1,0.0,0.0,277147,50000000,True,35,bartlett,0,264952.0,0.7450522646826413
dr_geography,2011,2011,0,-864.0309154705967,123.31002910735118,277147,50000000,True,35,bartlett,0,264952.0,0.7450522646826413
dr_geography,2011,2012,1,-322.11637966389355,134.59893682299094,277147,50000000,True,35,bartlett,0,264952.0,0.7450522646826413
dr_geography,2011,2013,2,-1447.510971024864,124.42850052265477,277147,50000000,True,35,bartlett,0,264952.0,0.7450522646826413
dr_geography,2011,2014,3,-1160.5136813085305,168.22128504015527,277147,50000000,True,35,bartlett,0,264952.0,0.7450522646826413
dr_geography,2011,2015,4,-965.1766041162293,128.56380795204285,277147,50000000,True,35,bartlett,0,264952.0,0.7450522646826413
dr_geography,2011,2016,5,-473.1480492169602,151.0674342709596,277147,50000000,True,35,bartlett,0,264952.0,0.7450522646826413
dr_geography,2011,2017,6,-22.15198777043406,251.57660608948186,277147,50000000,True,35,bartlett,0,264952.0,0.7450522646826413
dr_geography,2011,2018,7,-662.7096841299212,210.62117677117638,277147,50000000,True,35,bartlett,0,264952.0,0.7450522646826413
dr_geography,2011,2019,8,-443.5732426468718,154.03711073161531,277147,50000000,True,35,bartlett,0,264952.0,0.7450522646826413
dr_geography,2011,2020,9,-1371.3325419815765,222.78783697440113,277147,50000000,True,35,bartlett,0,264952.0,0.7450522646826413
dr_geography,2011,2021,10,-991.6406067361077,198.0745963569718,277147,50000000,True,35,bartlett,0,264952.0,0.7450522646826413
dr_geography,2011,2022,11,-1316.9708927980676,192.4248886104507,277147,50000000,True,35,bartlett,0,264952.0,0.7450522646826413
dr_geography,2011,2023,12,-775.2566396405759,131.97210195292234,277147,50000000,True,35,bartlett,0,264952.0,0.7450522646826413
dr_geography,2011,2024,13,-1102.941505108205,144.69330493178916,277147,50000000,True,35,bartlett,0,264952.0,0.7450522646826413
dr_geography,2011,2025,14,-1137.3337644899425,158.86305399976033,277147,50000000,True,35,bartlett,0,264952.0,0.7450522646826413
dr_geography,2012,2002,-10,60.274003448001665,141.3129288747031,265849,50000000,True,35,bartlett,0,264952.0,0.9971788496477324
dr_geography,2012,2003,-9,3155.0555489686803,322.20741396671133,265849,50000000,True,35,bartlett,0,264952.0,0.9971788496477324
dr_geography,2012,2004,-8,304.63903574276577,206.21494989002144,265849,50000000,True,35,bartlett,0,264952.0,0.9971788496477324
dr_geography,2012,2005,-7,1066.721167362962,334.17114086951534,265849,50000000,True,35,bartlett,0,264952.0,0.9971788496477324
dr_geography,2012,2006,-6,1202.4120517692209,183.35187010400358,265849,50000000,True,35,bartlett,0,264952.0,0.9971788496477324
dr_geography,2012,2007,-5,-2196.881912171951,216.6870678595928,265849,50000000,True,35,bartlett,0,264952.0,0.9971788496477324
dr_geography,2012,2008,-4,-313.4376683914738,185.41259325465643,265849,50000000,True,35,bartlett,0,264952.0,0.9971788496477324
dr_geography,2012,2009,-3,1708.8032956918203,350.4859887457635,265849,50000000,True,35,bartlett,0,264952.0,0.9971788496477324
dr_geography,2012,2010,-2,1127.6661234999478,227.1808172449448,265849,50000000,True,35,bartlett,0,264952.0,0.9971788496477324
dr_geography,2012,2011,-1,0.0,0.0,265849,50000000,True,35,bartlett,0,264952.0,0.9971788496477324
dr_geography,2012,2012,0,462.6950387579906,167.25883929951888,265849,50000000,True,35,bartlett,0,264952.0,0.9971788496477324
dr_geography,2012,2013,1,172.3932550318494,135.14220765468468,265849,50000000,True,35,bartlett,0,264952.0,0.9971788496477324
dr_geography,2012,2014,2,-947.77530824849,157.58566915802115,265849,50000000,True,35,bartlett,0,264952.0,0.9971788496477324
dr_geography,2012,2015,3,663.5010886171483,226.0283822370617,265849,50000000,True,35,bartlett,0,264952.0,0.9971788496477324
dr_geography,2012,2016,4,743.7408059099504,285.02801017297185,265849,50000000,True,35,bartlett,0,264952.0,0.9971788496477324
dr_geography,2012,2017,5,-2000.9260144394657,344.11985533541264,265849,50000000,True,35,bartlett,0,264952.0,0.9971788496477324
dr_geography,2012,2018,6,44.810305938693816,427.7648866682053,265849,50000000,True,35,bartlett,0,264952.0,0.9971788496477324
dr_geography,2012,2019,7,1052.2505184877323,382.76346188428874,265849,50000000,True,35,bartlett,0,264952.0,0.9971788496477324
dr_geography,2012,2020,8,-1781.8269947850379,225.48286543613543,265849,50000000,True,35,bartlett,0,264952.0,0.9971788496477324
dr_geography,2012,2021,9,-376.0671070474133,265.8796591994035,265849,50000000,True,35,bartlett,0,264952.0,0.9971788496477324
dr_geography,2012,2022,10,-133.23698215077417,166.2113245565348,265849,50000000,True,35,bartlett,0,264952.0,0.9971788496477324
dr_geography,2012,2023,11,1279.3503874180747,213.26980117227026,265849,50000000,True,35,bartlett,0,264952.0,0.9971788496477324
dr_geography,2012,2024,12,212.78986257716016,212.52311299884173,265849,50000000,True,35,bartlett,0,264952.0,0.9971788496477324
dr_geography,2012,2025,13,-68.83926837910231,250.12282679551998,265849,50000000,True,35,bartlett,0,264952.0,0.9971788496477324
dr_geography,2013,2002,-11,447.5656470533388,172.8243230615801,266682,50000000,True,35,bartlett,0,264952.0,0.981153583668939
dr_geography,2013,2003,-10,2499.76455892004,227.53368545416248,266682,50000000,True,35,bartlett,0,264952.0,0.981153583668939
dr_geography,2013,2004,-9,-46.832014210150255,190.9028562513497,266682,50000000,True,35,bartlett,0,264952.0,0.981153583668939
dr_geography,2013,2005,-8,420.50811082605907,163.28534181175476,266682,50000000,True,35,bartlett,0,264952.0,0.981153583668939
dr_geography,2013,2006,-7,1327.3784138891137,242.0819355761508,266682,50000000,True,35,bartlett,0,264952.0,0.981153583668939
dr_geography,2013,2007,-6,-2138.897427652865,204.52484450182246,266682,50000000,True,35,bartlett,0,264952.0,0.981153583668939
dr_geography,2013,2008,-5,411.7669457015356,194.8877380958958,266682,50000000,True,35,bartlett,0,264952.0,0.981153583668939
dr_geography,2013,2009,-4,762.77430932262,186.93017152881652,266682,50000000,True,35,bartlett,0,264952.0,0.981153583668939
dr_geography,2013,2010,-3,83.69015824100808,165.52670885019447,266682,50000000,True,35,bartlett,0,264952.0,0.981153583668939
dr_geography,2013,2011,-2,11.768699218726674,202.64393257407457,266682,50000000,True,35,bartlett,0,264952.0,0.981153583668939
dr_geography,2013,2012,-1,0.0,0.0,266682,50000000,True,35,bartlett,0,264952.0,0.981153583668939
dr_geography,2013,2013,0,411.8228278787393,177.32390846135468,266682,50000000,True,35,bartlett,0,264952.0,0.981153583668939
dr_geography,2013,2014,1,-506.7903955265554,270.8243816600684,266682,50000000,True,35,bartlett,0,264952.0,0.981153583668939
dr_geography,2013,2015,2,-149.86103023210504,161.30455127692002,266682,50000000,True,35,bartlett,0,264952.0,0.981153583668939
dr_geography,2013,2016,3,25003.001915361292,2613.4213999875556,266682,50000000,True,35,bartlett,0,264952.0,0.981153583668939
dr_geography,2013,2017,4,-4020.01115415481,262.13743102323747,266682,50000000,True,35,bartlett,0,264952.0,0.981153583668939
dr_geography,2013,2018,5,-2275.278715051246,209.01942960328327,266682,50000000,True,35,bartlett,0,264952.0,0.981153583668939
dr_geography,2013,2019,6,1546.491644181723,705.6455837050263,266682,50000000,True,35,bartlett,0,264952.0,0.981153583668939
dr_geography,2013,2020,7,-3658.535558100748,202.8231921065385,266682,50000000,True,35,bartlett,0,264952.0,0.981153583668939
dr_geography,2013,2021,8,-1798.4040811421746,233.91338447646882,266682,50000000,True,35,bartlett,0,264952.0,0.981153583668939
dr_geography,2013,2022,9,-474.825833221152,177.71848843634092,266682,50000000,True,35,bartlett,0,264952.0,0.981153583668939
dr_geography,2013,2023,10,309.9318541708906,187.2677424479065,266682,50000000,True,35,bartlett,0,264952.0,0.981153583668939
dr_geography,2013,2024,11,-603.1336074355715,159.850918215761,266682,50000000,True,35,bartlett,0,264952.0,0.981153583668939
dr_geography,2013,2025,12,-868.0565395179472,179.10851595683837,266682,50000000,True,35,bartlett,0,264952.0,0.981153583668939
dr_geography,2014,2002,-12,-135.7078862923618,231.59126174087814,265320,50000000,True,35,bartlett,0,264952.0,0.9971883009196442
dr_geography,2014,2003,-11,10.80631570453195,210.5842148141561,265320,50000000,True,35,bartlett,0,264952.0,0.9971883009196442
dr_geography,2014,2004,-10,-132.05822053395084,286.68614124464926,265320,50000000,True,35,bartlett,0,264952.0,0.9971883009196442
dr_geography,2014,2005,-9,-518.315728709788,208.77084130868985,265320,50000000,True,35,bartlett,0,264952.0,0.9971883009196442
dr_geography,2014,2006,-8,64.9155012254485,249.93006990518475,265320,50000000,True,35,bartlett,0,264952.0,0.9971883009196442
dr_geography,2014,2007,-7,711.7883363625623,455.8242702549925,265320,50000000,True,35,bartlett,0,264952.0,0.9971883009196442
dr_geography,2014,2008,-6,805.8951246845261,708.464236753897,265320,50000000,True,35,bartlett,0,264952.0,0.9971883009196442
dr_geography,2014,2009,-5,-186.17877430705065,276.21199483014385,265320,50000000,True,35,bartlett,0,264952.0,0.9971883009196442
dr_geography,2014,2010,-4,-613.0935612219912,202.8252655396186,265320,50000000,True,35,bartlett,0,264952.0,0.9971883009196442
dr_geography,2014,2011,-3,-213.84243775620916,323.2720317004424,265320,50000000,True,35,bartlett,0,264952.0,0.9971883009196442
dr_geography,2014,2012,-2,-395.20113847494014,269.85492412604424,265320,50000000,True,35,bartlett,0,264952.0,0.9971883009196442
dr_geography,2014,2013,-1,0.0,0.0,265320,50000000,True,35,bartlett,0,264952.0,0.9971883009196442
dr_geography,2014,2014,0,-708.186767617543,204.56282732228632,265320,50000000,True,35,bartlett,0,264952.0,0.9971883009196442
dr_geography,2014,2015,1,-639.3748636869046,349.02939942312645,265320,50000000,True,35,bartlett,0,264952.0,0.9971883009196442
dr_geography,2014,2016,2,-708.0283917050465,394.22727301204094,265320,50000000,True,35,bartlett,0,264952.0,0.9971883009196442
dr_geography,2014,2017,3,-4100.317498903406,614.8459913199829,265320,50000000,True,35,bartlett,0,264952.0,0.9971883009196442
dr_geography,2014,2018,4,-2909.6725024271936,336.5275323398627,265320,50000000,True,35,bartlett,0,264952.0,0.9971883009196442
dr_geography,2014,2019,5,-533.8473545160048,590.9656607040888,265320,50000000,True,35,bartlett,0,264952.0,0.9971883009196442
dr_geography,2014,2020,6,-3621.0192023650243,408.0232192219217,265320,50000000,True,35,bartlett,0,264952.0,0.9971883009196442
dr_geography,2014,2021,7,-2038.9625804686436,355.6807211212347,265320,50000000,True,35,bartlett,0,264952.0,0.9971883009196442
dr_geography,2014,2022,8,-1122.2728594013563,267.1254070406121,265320,50000000,True,35,bartlett,0,264952.0,0.9971883009196442
dr_geography,2014,2023,9,-1372.257007275726,194.19771293648841,265320,50000000,True,35,bartlett,0,264952.0,0.9971883009196442
dr_geography,2014,2024,10,-1437.7929526384983,201.8647245797551,265320,50000000,True,35,bartlett,0,264952.0,0.9971883009196442
dr_geography,2014,2025,11,-1115.7968789702577,405.4078088507949,265320,50000000,True,35,bartlett,0,264952.0,0.9971883009196442
dr_geography,2018,2002,-16,1925.5235949050332,183.00186580283489,276842,50000000,True,35,bartlett,0,264952.0,0.3396594447374315
dr_geography,2018,2003,-15,2935.962732707886,235.43062804490808,276842,50000000,True,35,bartlett,0,264952.0,0.3396594447374315
dr_geography,2018,2004,-14,2104.266528021323,192.4597070861596,276842,50000000,True,35,bartlett,0,264952.0,0.3396594447374315
dr_geography,2018,2005,-13,1660.7523135657307,216.288520808941,276842,50000000,True,35,bartlett,0,264952.0,0.3396594447374315
dr_geography,2018,2006,-12,3070.803815701753,216.73284798230793,276842,50000000,True,35,bartlett,0,264952.0,0.3396594447374315
dr_geography,2018,2007,-11,244.2334862737639,149.90140578339523,276842,50000000,True,35,bartlett,0,264952.0,0.3396594447374315
dr_geography,2018,2008,-10,915.0455367157283,190.25886552576955,276842,50000000,True,35,bartlett,0,264952.0,0.3396594447374315
dr_geography,2018,2009,-9,2492.003487429164,216.99825125694286,276842,50000000,True,35,bartlett,0,264952.0,0.3396594447374315
dr_geography,2018,2010,-8,2354.3175488076326,193.80704556712877,276842,50000000,True,35,bartlett,0,264952.0,0.3396594447374315
dr_geography,2018,2011,-7,1754.5622417894303,165.42226211473027,276842,50000000,True,35,bartlett,0,264952.0,0.3396594447374315
dr_geography,2018,2012,-6,2114.703235746698,174.79362704227893,276842,50000000,True,35,bartlett,0,264952.0,0.3396594447374315
dr_geography,2018,2013,-5,1525.3718419121128,186.55050209753003,276842,50000000,True,35,bartlett,0,264952.0,0.3396594447374315
dr_geography,2018,2014,-4,1035.7710399734697,158.34153501331556,276842,50000000,True,35,bartlett,0,264952.0,0.3396594447374315
dr_geography,2018,2015,-3,1667.1785776535182,168.75957745847694,276842,50000000,True,35,bartlett,0,264952.0,0.3396594447374315
dr_geography,2018,2016,-2,1781.8842562537238,177.5290592129032,276842,50000000,True,35,bartlett,0,264952.0,0.3396594447374315
dr_geography,2018,2017,-1,0.0,0.0,276842,50000000,True,35,bartlett,0,264952.0,0.3396594447374315
dr_geography,2018,2018,0,437.6477773248614,137.59593035336744,276842,50000000,True,35,bartlett,0,264952.0,0.3396594447374315
dr_geography,2018,2019,1,1679.2900308393257,170.28473645677954,276842,50000000,True,35,bartlett,0,264952.0,0.3396594447374315
dr_geography,2018,2020,2,-174.94450906460725,133.24552482344157,276842,50000000,True,35,bartlett,0,264952.0,0.3396594447374315
dr_geography,2018,2021,3,871.4680489772361,158.1047227708182,276842,50000000,True,35,bartlett,0,264952.0,0.3396594447374315
dr_geography,2018,2022,4,1396.4541807630294,177.62156805627095,276842,50000000,True,35,bartlett,0,264952.0,0.3396594447374315
dr_geography,2018,2023,5,2160.319672297158,202.4219727818356,276842,50000000,True,35,bartlett,0,264952.0,0.3396594447374315
dr_geography,2018,2024,6,1477.968675003347,185.7418225967906,276842,50000000,True,35,bartlett,0,264952.0,0.3396594447374315
dr_geography,2018,2025,7,980.0902165673338,164.33193867204307,276842,50000000,True,35,bartlett,0,264952.0,0.3396594447374315
dr_geography,2019,2002,-17,4434.717610291234,1070.6121185414127,264961,50000000,True,35,bartlett,0,264952.0,1.0
dr_geography,2019,2003,-16,5411.665677381667,1377.0984615161253,264961,50000000,True,35,bartlett,0,264952.0,1.0
dr_geography,2019,2004,-15,5219.404173158255,2883.7188374944594,264961,50000000,True,35,bartlett,0,264952.0,1.0
dr_geography,2019,2005,-14,4870.422856406829,1833.8457564031692,264961,50000000,True,35,bartlett,0,264952.0,1.0
dr_geography,2019,2006,-13,4038.7598398061514,916.4967765970293,264961,50000000,True,35,bartlett,0,264952.0,1.0
dr_geography,2019,2007,-12,1358.6489374524579,1377.3932997658458,264961,50000000,True,35,bartlett,0,264952.0,1.0
dr_geography,2019,2008,-11,2304.9111912751105,784.9882223005526,264961,50000000,True,35,bartlett,0,264952.0,1.0
dr_geography,2019,2009,-10,8444.38315063227,3517.309958684993,264961,50000000,True,35,bartlett,0,264952.0,1.0
dr_geography,2019,2010,-9,3096.682262287035,634.2535721390041,264961,50000000,True,35,bartlett,0,264952.0,1.0
dr_geography,2019,2011,-8,4935.912547986175,1521.8217089546413,264961,50000000,True,35,bartlett,0,264952.0,1.0
dr_geography,2019,2012,-7,4583.125730624341,1214.769725808518,264961,50000000,True,35,bartlett,0,264952.0,1.0
dr_geography,2019,2013,-6,4039.3603139522706,772.1883835425245,264961,50000000,True,35,bartlett,0,264952.0,1.0
dr_geography,2019,2014,-5,1860.9604233434525,574.8429803762539,264961,50000000,True,35,bartlett,0,264952.0,1.0
dr_geography,2019,2015,-4,3206.4113540274434,623.8762688655803,264961,50000000,True,35,bartlett,0,264952.0,1.0
dr_geography,2019,2016,-3,3260.825925213268,744.087377104129,264961,50000000,True,35,bartlett,0,264952.0,1.0
dr_geography,2019,2017,-2,703.528421797805,2048.9448997837985,264961,50000000,True,35,bartlett,0,264952.0,1.0
dr_geography,2019,2018,-1,0.0,0.0,264961,50000000,True,35,bartlett,0,264952.0,1.0
dr_geography,2019,2019,0,3424.972851396086,1185.5362326016077,264961,50000000,True,35,bartlett,0,264952.0,1.0
dr_geography,2019,2020,1,2857.408719227365,4231.181544737048,264961,50000000,True,35,bartlett,0,264952.0,1.0
dr_geography,2019,2021,2,1425.3894297057407,975.2679839876364,264961,50000000,True,35,bartlett,0,264952.0,1.0
dr_geography,2019,2022,3,4096.683328414023,1247.312310040479,264961,50000000,True,35,bartlett,0,264952.0,1.0
dr_geography,2019,2023,4,3899.82035888488,822.7942260810211,264961,50000000,True,35,bartlett,0,264952.0,1.0
dr_geography,2019,2024,5,3177.796357775456,859.761860727379,264961,50000000,True,35,bartlett,0,264952.0,1.0
dr_geography,2019,2025,6,2856.518597316881,1174.2253615615423,264961,50000000,True,35,bartlett,0,264952.0,1.0
dr_geography,2020,2002,-18,-50.327013091912846,102.73879594928151,289831,50000000,True,35,bartlett,0,264952.0,0.12685323516118013
dr_geography,2020,2003,-17,-381.5708175051576,132.70379566177093,289831,50000000,True,35,bartlett,0,264952.0,0.12685323516118013
dr_geography,2020,2004,-16,203.30798605750928,110.86880721297139,289831,50000000,True,35,bartlett,0,264952.0,0.12685323516118013
dr_geography,2020,2005,-15,-192.16137319715247,114.0139799516402,289831,50000000,True,35,bartlett,0,264952.0,0.12685323516118013
dr_geography,2020,2006,-14,21.470126014952484,169.42551718469525,289831,50000000,True,35,bartlett,0,264952.0,0.12685323516118013
dr_geography,2020,2007,-13,327.93104840836736,291.81117339594726,289831,50000000,True,35,bartlett,0,264952.0,0.12685323516118013
dr_geography,2020,2008,-12,-272.8631967655398,195.2508787013695,289831,50000000,True,35,bartlett,0,264952.0,0.12685323516118013
dr_geography,2020,2009,-11,-109.12863949060136,114.44299130032724,289831,50000000,True,35,bartlett,0,264952.0,0.12685323516118013
dr_geography,2020,2010,-10,-8.376462381729027,122.74436892673214,289831,50000000,True,35,bartlett,0,264952.0,0.12685323516118013
dr_geography,2020,2011,-9,246.56753981184067,105.16464036129963,289831,50000000,True,35,bartlett,0,264952.0,0.12685323516118013
dr_geography,2020,2012,-8,142.18310890391461,111.26740238657476,289831,50000000,True,35,bartlett,0,264952.0,0.12685323516118013
dr_geography,2020,2013,-7,-68.45126356356839,101.86573512453967,289831,50000000,True,35,bartlett,0,264952.0,0.12685323516118013
dr_geography,2020,2014,-6,65.08556161009733,108.47521431934551,289831,50000000,True,35,bartlett,0,264952.0,0.12685323516118013
dr_geography,2020,2015,-5,1.8742970046869516,95.23877816941558,289831,50000000,True,35,bartlett,0,264952.0,0.12685323516118013
dr_geography,2020,2016,-4,-686.5212430243482,100.14086331555524,289831,50000000,True,35,bartlett,0,264952.0,0.12685323516118013
dr_geography,2020,2017,-3,250.60312017381625,165.66528935515498,289831,50000000,True,35,bartlett,0,264952.0,0.12685323516118013
dr_geography,2020,2018,-2,708.4538375398184,143.9880791634206,289831,50000000,True,35,bartlett,0,264952.0,0.12685323516118013
dr_geography,2020,2019,-1,0.0,0.0,289831,50000000,True,35,bartlett,0,264952.0,0.12685323516118013
dr_geography,2020,2020,0,406.6720678275037,184.79188495466872,289831,50000000,True,35,bartlett,0,264952.0,0.12685323516118013
dr_geography,2020,2021,1,448.739944414714,129.5347263557377,289831,50000000,True,35,bartlett,0,264952.0,0.12685323516118013
dr_geography,2020,2022,2,455.3762887644341,121.65420664336722,289831,50000000,True,35,bartlett,0,264952.0,0.12685323516118013
dr_geography,2020,2023,3,-211.54942268445592,102.27451579405142,289831,50000000,True,35,bartlett,0,264952.0,0.12685323516118013
dr_geography,2020,2024,4,207.42120852535345,125.94929898711649,289831,50000000,True,35,bartlett,0,264952.0,0.12685323516118013
dr_geography,2020,2025,5,10.828437327884757,143.83776477720778,289831,50000000,True,35,bartlett,0,264952.0,0.12685323516118013
dr_geography,2021,2002,-19,3359.679158415455,236.58952391231077,267071,50000000,True,35,bartlett,0,264952.0,0.9695212134600911
dr_geography,2021,2003,-18,3895.7426720677418,209.282677808061,267071,50000000,True,35,bartlett,0,264952.0,0.9695212134600911
dr_geography,2021,2004,-17,4698.240058399439,375.94162119264007,267071,50000000,True,35,bartlett,0,264952.0,0.9695212134600911
dr_geography,2021,2005,-16,3324.935735390054,243.80513812145276,267071,50000000,True,35,bartlett,0,264952.0,0.9695212134600911
dr_geography,2021,2006,-15,4036.3821172624043,263.6092713598379,267071,50000000,True,35,bartlett,0,264952.0,0.9695212134600911
dr_geography,2021,2007,-14,1469.7443570297048,208.40207002243605,267071,50000000,True,35,bartlett,0,264952.0,0.9695212134600911
dr_geography,2021,2008,-13,1874.1584617313406,199.61637373541433,267071,50000000,True,35,bartlett,0,264952.0,0.9695212134600911
dr_geography,2021,2009,-12,3522.657021990019,237.87207295849015,267071,50000000,True,35,bartlett,0,264952.0,0.9695212134600911
dr_geography,2021,2010,-11,2689.706225771872,201.8957980409653,267071,50000000,True,35,bartlett,0,264952.0,0.9695212134600911
dr_geography,2021,2011,-10,3030.7521177296244,204.77905547690042,267071,50000000,True,35,bartlett,0,264952.0,0.9695212134600911
dr_geography,2021,2012,-9,3831.8645758038224,264.87762724907446,267071,50000000,True,35,bartlett,0,264952.0,0.9695212134600911
dr_geography,2021,2013,-8,2277.3107247579374,177.40865450265198,267071,50000000,True,35,bartlett,0,264952.0,0.9695212134600911
dr_geography,2021,2014,-7,1738.2143285446245,178.30407027940396,267071,50000000,True,35,bartlett,0,264952.0,0.9695212134600911
dr_geography,2021,2015,-6,2289.820029155643,192.2869120150286,267071,50000000,True,35,bartlett,0,264952.0,0.9695212134600911
dr_geography,2021,2016,-5,2723.5480440734545,200.60033983965226,267071,50000000,True,35,bartlett,0,264952.0,0.9695212134600911
dr_geography,2021,2017,-4,1499.097323380261,290.96615684779124,267071,50000000,True,35,bartlett,0,264952.0,0.9695212134600911
dr_geography,2021,2018,-3,1342.1107211727403,199.0811733884264,267071,50000000,True,35,bartlett,0,264952.0,0.9695212134600911
dr_geography,2021,2019,-2,2208.6151867057433,175.7126828907339,267071,50000000,True,35,bartlett,0,264952.0,0.9695212134600911
dr_geography,2021,2020,-1,0.0,0.0,267071,50000000,True,35,bartlett,0,264952.0,0.9695212134600911
dr_geography,2021,2021,0,1045.6356167963595,158.62049879303171,267071,50000000,True,35,bartlett,0,264952.0,0.9695212134600911
dr_geography,2021,2022,1,1997.9492937115879,178.40846071745773,267071,50000000,True,35,bartlett,0,264952.0,0.9695212134600911
dr_geography,2021,2023,2,3025.505314944145,208.61496429251736,267071,50000000,True,35,bartlett,0,264952.0,0.9695212134600911
dr_geography,2021,2024,3,2486.2773035716273,175.4910697920769,267071,50000000,True,35,bartlett,0,264952.0,0.9695212134600911
dr_geography,2021,2025,4,2181.4957097820416,221.02449432102156,267071,50000000,True,35,bartlett,0,264952.0,0.9695212134600911
dr_geography,2024,2002,-22,-11.355676648639786,101.59285812166117,275817,50000000,True,35,bartlett,0,264952.0,0.4668348941508319
dr_geography,2024,2003,-21,683.8676132394511,117.98388137147701,275817,50000000,True,35,bartlett,0,264952.0,0.4668348941508319
dr_geography,2024,2004,-20,349.5444971060831,144.10809842490445,275817,50000000,True,35,bartlett,0,264952.0,0.4668348941508319
dr_geography,2024,2005,-19,242.0447737843261,133.98553897462793,275817,50000000,True,35,bartlett,0,264952.0,0.4668348941508319
dr_geography,2024,2006,-18,464.2923544543796,111.59511342980929,275817,50000000,True,35,bartlett,0,264952.0,0.4668348941508319
dr_geography,2024,2007,-17,548.4885309208521,638.823822987662,275817,50000000,True,35,bartlett,0,264952.0,0.4668348941508319
dr_geography,2024,2008,-16,-162.86765770234416,131.37952371464522,275817,50000000,True,35,bartlett,0,264952.0,0.4668348941508319
dr_geography,2024,2009,-15,333.85810386452,95.03306728073447,275817,50000000,True,35,bartlett,0,264952.0,0.4668348941508319
dr_geography,2024,2010,-14,516.1854639493106,98.37023937294893,275817,50000000,True,35,bartlett,0,264952.0,0.4668348941508319
dr_geography,2024,2011,-13,153.34991349939406,114.46352066941573,275817,50000000,True,35,bartlett,0,264952.0,0.4668348941508319
dr_geography,2024,2012,-12,655.6910365208385,96.87230922344007,275817,50000000,True,35,bartlett,0,264952.0,0.4668348941508319
dr_geography,2024,2013,-11,-253.68871820475954,96.72513925094349,275817,50000000,True,35,bartlett,0,264952.0,0.4668348941508319
dr_geography,2024,2014,-10,142.76194189326282,129.74459476505587,275817,50000000,True,35,bartlett,0,264952.0,0.4668348941508319
dr_geography,2024,2015,-9,-125.27458863536157,96.15808225843374,275817,50000000,True,35,bartlett,0,264952.0,0.4668348941508319
dr_geography,2024,2016,-8,671.9905563385673,110.34366819270214,275817,50000000,True,35,bartlett,0,264952.0,0.4668348941508319
dr_geography,2024,2017,-7,993.1820621324853,215.68337585707653,275817,50000000,True,35,bartlett,0,264952.0,0.4668348941508319
dr_geography,2024,2018,-6,5.752710826863677,138.66455597126597,275817,50000000,True,35,bartlett,0,264952.0,0.4668348941508319
dr_geography,2024,2019,-5,-296.8328246867841,101.70297026063794,275817,50000000,True,35,bartlett,0,264952.0,0.4668348941508319
dr_geography,2024,2020,-4,-151.17669967484971,189.00951786570923,275817,50000000,True,35,bartlett,0,264952.0,0.4668348941508319
dr_geography,2024,2021,-3,-399.7600505106659,127.90137147826965,275817,50000000,True,35,bartlett,0,264952.0,0.4668348941508319
dr_geography,2024,2022,-2,-209.7205960192311,110.5777361552992,275817,50000000,True,35,bartlett,0,264952.0,0.4668348941508319
dr_geography,2024,2023,-1,0.0,0.0,275817,50000000,True,35,bartlett,0,264952.0,0.4668348941508319
dr_geography,2024,2024,0,-301.4961672435738,78.58110415310016,275817,50000000,True,35,bartlett,0,264952.0,0.4668348941508319
dr_geography,2024,2025,1,-463.19772320418303,101.65400102984773,275817,50000000,True,35,bartlett,0,264952.0,0.4668348941508319
dr_geography,2025,2002,-23,343.6241748486736,218.79064781127215,267802,50000000,True,35,bartlett,0,264952.0,0.9431669666395321
dr_geography,2025,2003,-22,1640.0526760192238,212.68780574226267,267802,50000000,True,35,bartlett,0,264952.0,0.9431669666395321
dr_geography,2025,2004,-21,1411.7576475718809,215.83724862759715,267802,50000000,True,35,bartlett,0,264952.0,0.9431669666395321
dr_geography,2025,2005,-20,1465.612649159994,232.86603697211555,267802,50000000,True,35,bartlett,0,264952.0,0.9431669666395321
dr_geography,2025,2006,-19,2917.6128431035054,280.45070089125034,267802,50000000,True,35,bartlett,0,264952.0,0.9431669666395321
dr_geography,2025,2007,-18,930.5076529156003,315.98894982320064,267802,50000000,True,35,bartlett,0,264952.0,0.9431669666395321
dr_geography,2025,2008,-17,908.4539010289932,240.46967200066481,267802,50000000,True,35,bartlett,0,264952.0,0.9431669666395321
dr_geography,2025,2009,-16,1125.1874608583087,221.33868956311107,267802,50000000,True,35,bartlett,0,264952.0,0.9431669666395321
dr_geography,2025,2010,-15,1738.787344028361,248.15617581766747,267802,50000000,True,35,bartlett,0,264952.0,0.9431669666395321
dr_geography,2025,2011,-14,2471.688163626759,276.4028537309858,267802,50000000,True,35,bartlett,0,264952.0,0.9431669666395321
dr_geography,2025,2012,-13,1205.1196718807378,196.51369477690764,267802,50000000,True,35,bartlett,0,264952.0,0.9431669666395321
dr_geography,2025,2013,-12,150.67143796856087,187.7516546954491,267802,50000000,True,35,bartlett,0,264952.0,0.9431669666395321
dr_geography,2025,2014,-11,162.5342803081311,172.81507028080293,267802,50000000,True,35,bartlett,0,264952.0,0.9431669666395321
dr_geography,2025,2015,-10,103.79511131824073,151.233392600797,267802,50000000,True,35,bartlett,0,264952.0,0.9431669666395321
dr_geography,2025,2016,-9,1280.071665250842,229.67965627374946,267802,50000000,True,35,bartlett,0,264952.0,0.9431669666395321
dr_geography,2025,2017,-8,-199.6862772111274,308.3471791766128,267802,50000000,True,35,bartlett,0,264952.0,0.9431669666395321
dr_geography,2025,2018,-7,991.5982828387821,296.54443452310295,267802,50000000,True,35,bartlett,0,264952.0,0.9431669666395321
dr_geography,2025,2019,-6,904.4029438428593,281.08907066055485,267802,50000000,True,35,bartlett,0,264952.0,0.9431669666395321
dr_geography,2025,2020,-5,-498.01452498145886,284.5010078196822,267802,50000000,True,35,bartlett,0,264952.0,0.9431669666395321
dr_geography,2025,2021,-4,-412.1739056190986,202.8034352504615,267802,50000000,True,35,bartlett,0,264952.0,0.9431669666395321
dr_geography,2025,2022,-3,770.0791460490068,281.22413082128924,267802,50000000,True,35,bartlett,0,264952.0,0.9431669666395321
dr_geography,2025,2023,-2,487.81468856742447,177.07722173576715,267802,50000000,True,35,bartlett,0,264952.0,0.9431669666395321
dr_geography,2025,2024,-1,0.0,0.0,267802,50000000,True,35,bartlett,0,264952.0,0.9431669666395321
dr_geography,2025,2025,0,40.86067812334778,164.29163047475873,267802,50000000,True,35,bartlett,0,264952.0,0.9431669666395321
dr_geography_anticipation1,2003,2002,-1,-8188.230916050843,1781.6463472277783,265045,50000000,True,35,bartlett,1,264952.0,0.9987322907430813
dr_geography_anticipation1,2003,2003,0,-3894.3073687440115,1782.8502929713172,265045,50000000,True,35,bartlett,1,264952.0,0.9987322907430813
dr_geography_anticipation1,2003,2004,1,-9291.499322581978,1816.5145838774215,265045,50000000,True,35,bartlett,1,264952.0,0.9987322907430813
dr_geography_anticipation1,2003,2005,2,-8495.924573179685,1788.5006560963461,265045,50000000,True,35,bartlett,1,264952.0,0.9987322907430813
dr_geography_anticipation1,2003,2006,3,-6947.790665933409,1793.5267519006184,265045,50000000,True,35,bartlett,1,264952.0,0.9987322907430813
dr_geography_anticipation1,2003,2007,4,-16684.814931850768,1816.2536312757572,265045,50000000,True,35,bartlett,1,264952.0,0.9987322907430813
dr_geography_anticipation1,2003,2008,5,-11354.886025311627,1797.661884187054,265045,50000000,True,35,bartlett,1,264952.0,0.9987322907430813
dr_geography_anticipation1,2003,2009,6,-6869.658783213134,1783.5810539891556,265045,50000000,True,35,bartlett,1,264952.0,0.9987322907430813
dr_geography_anticipation1,2003,2010,7,-8814.477001901032,1791.1957190097223,265045,50000000,True,35,bartlett,1,264952.0,0.9987322907430813
dr_geography_anticipation1,2003,2011,8,-10501.418055298143,1816.152449466844,265045,50000000,True,35,bartlett,1,264952.0,0.9987322907430813
dr_geography_anticipation1,2003,2012,9,-5683.376520787941,1554.6992179092308,265045,50000000,True,35,bartlett,1,264952.0,0.9987322907430813
dr_geography_anticipation1,2003,2013,10,-8870.371303300155,1796.4227701513516,265045,50000000,True,35,bartlett,1,264952.0,0.9987322907430813
dr_geography_anticipation1,2003,2014,11,-12023.801603029677,1851.0885511969366,265045,50000000,True,35,bartlett,1,264952.0,0.9987322907430813
dr_geography_anticipation1,2003,2015,12,-9315.088492249624,1783.1257044332806,265045,50000000,True,35,bartlett,1,264952.0,0.9987322907430813
dr_geography_anticipation1,2003,2016,13,-8375.244717223013,1791.002857656879,265045,50000000,True,35,bartlett,1,264952.0,0.9987322907430813
dr_geography_anticipation1,2003,2017,14,-18006.35943116653,1803.7541222445325,265045,50000000,True,35,bartlett,1,264952.0,0.9987322907430813
dr_geography_anticipation1,2003,2018,15,-13501.241609138699,1797.9788281916578,265045,50000000,True,35,bartlett,1,264952.0,0.9987322907430813
dr_geography_anticipation1,2003,2019,16,-8638.343668759766,1790.4780924254367,265045,50000000,True,35,bartlett,1,264952.0,0.9987322907430813
dr_geography_anticipation1,2003,2020,17,-15459.983992801564,1792.704285364351,265045,50000000,True,35,bartlett,1,264952.0,0.9987322907430813
dr_geography_anticipation1,2003,2021,18,-12422.795070447995,1788.3538363185692,265045,50000000,True,35,bartlett,1,264952.0,0.9987322907430813
dr_geography_anticipation1,2003,2022,19,-10008.506518264137,1787.6657925999841,265045,50000000,True,35,bartlett,1,264952.0,0.9987322907430813
dr_geography_anticipation1,2003,2023,20,-6555.668229753924,1819.6887286804392,265045,50000000,True,35,bartlett,1,264952.0,0.9987322907430813
dr_geography_anticipation1,2003,2024,21,-9534.869976173128,1793.8521969055193,265045,50000000,True,35,bartlett,1,264952.0,0.9987322907430813
dr_geography_anticipation1,2003,2025,22,-10756.06718141686,1776.0109565757537,265045,50000000,True,35,bartlett,1,264952.0,0.9987322907430813
dr_geography_anticipation1,2004,2002,-2,0.0,0.0,264993,50000000,True,35,bartlett,1,264952.0,0.9993433788817063
dr_geography_anticipation1,2004,2003,-1,3845.912251962111,367.48546040206253,264993,50000000,True,35,bartlett,1,264952.0,0.9993433788817063
dr_geography_anticipation1,2004,2004,0,-85.85494954896393,617.1743539310323,264993,50000000,True,35,bartlett,1,264952.0,0.9993433788817063
dr_geography_anticipation1,2004,2005,1,-61.73000805482421,258.7844641496891,264993,50000000,True,35,bartlett,1,264952.0,0.9993433788817063
dr_geography_anticipation1,2004,2006,2,1823.2771312157097,261.0541935349068,264993,50000000,True,35,bartlett,1,264952.0,0.9993433788817063
dr_geography_anticipation1,2004,2007,3,-5670.644081768532,533.4568853114977,264993,50000000,True,35,bartlett,1,264952.0,0.9993433788817063
dr_geography_anticipation1,2004,2008,4,-1081.3638189975456,501.16487196814194,264993,50000000,True,35,bartlett,1,264952.0,0.9993433788817063
dr_geography_anticipation1,2004,2009,5,1030.416008196741,396.53382626641167,264993,50000000,True,35,bartlett,1,264952.0,0.9993433788817063
dr_geography_anticipation1,2004,2010,6,-299.9469210550172,242.03968184390135,264993,50000000,True,35,bartlett,1,264952.0,0.9993433788817063
dr_geography_anticipation1,2004,2011,7,-874.9276772343754,398.06197366465517,264993,50000000,True,35,bartlett,1,264952.0,0.9993433788817063
dr_geography_anticipation1,2004,2012,8,4.25925565329685,648.2480832043923,264993,50000000,True,35,bartlett,1,264952.0,0.9993433788817063
dr_geography_anticipation1,2004,2013,9,137.80312215285474,163.2141380091943,264993,50000000,True,35,bartlett,1,264952.0,0.9993433788817063
dr_geography_anticipation1,2004,2014,10,-1205.1278303288998,1397.31919892278,264993,50000000,True,35,bartlett,1,264952.0,0.9993433788817063
dr_geography_anticipation1,2004,2015,11,-933.3650141337392,270.55561330402,264993,50000000,True,35,bartlett,1,264952.0,0.9993433788817063
dr_geography_anticipation1,2004,2016,12,-258.8090035312882,427.318511434307,264993,50000000,True,35,bartlett,1,264952.0,0.9993433788817063
dr_geography_anticipation1,2004,2017,13,-9037.01277172698,996.0798006950224,264993,50000000,True,35,bartlett,1,264952.0,0.9993433788817063
dr_geography_anticipation1,2004,2018,14,-5156.8800033769185,583.5347321591458,264993,50000000,True,35,bartlett,1,264952.0,0.9993433788817063
dr_geography_anticipation1,2004,2019,15,5.630653458022644,867.3441223658036,264993,50000000,True,35,bartlett,1,264952.0,0.9993433788817063
dr_geography_anticipation1,2004,2020,16,-7619.204311424475,588.1236367022802,264993,50000000,True,35,bartlett,1,264952.0,0.9993433788817063
dr_geography_anticipation1,2004,2021,17,-4246.886313857671,373.57915617803945,264993,50000000,True,35,bartlett,1,264952.0,0.9993433788817063
dr_geography_anticipation1,2004,2022,18,-1463.4477553781485,215.77582648080272,264993,50000000,True,35,bartlett,1,264952.0,0.9993433788817063
dr_geography_anticipation1,2004,2023,19,618.6057481084342,369.04473389975277,264993,50000000,True,35,bartlett,1,264952.0,0.9993433788817063
dr_geography_anticipation1,2004,2024,20,-1320.7995341913672,188.92360564483232,264993,50000000,True,35,bartlett,1,264952.0,0.9993433788817063
dr_geography_anticipation1,2004,2025,21,-1943.88967776252,369.41263613986274,264993,50000000,True,35,bartlett,1,264952.0,0.9993433788817063
dr_geography_anticipation1,2005,2002,-3,-2074.9325977313015,268.2194140300563,266056,50000000,True,35,bartlett,1,264952.0,0.9863600144330517
dr_geography_anticipation1,2005,2003,-2,0.0,0.0,266056,50000000,True,35,bartlett,1,264952.0,0.9863600144330517
dr_geography_anticipation1,2005,2004,-1,-3340.1124542101193,153.12163696684806,266056,50000000,True,35,bartlett,1,264952.0,0.9863600144330517
dr_geography_anticipation1,2005,2005,0,-2365.7053588990148,152.84701903757013,266056,50000000,True,35,bartlett,1,264952.0,0.9863600144330517
dr_geography_anticipation1,2005,2006,1,-1839.2128255026196,184.01119246608434,266056,50000000,True,35,bartlett,1,264952.0,0.9863600144330517
dr_geography_anticipation1,2005,2007,2,-6600.17003133699,204.7399452984007,266056,50000000,True,35,bartlett,1,264952.0,0.9863600144330517
dr_geography_anticipation1,2005,2008,3,-3927.3842841860305,188.4795791343871,266056,50000000,True,35,bartlett,1,264952.0,0.9863600144330517
dr_geography_anticipation1,2005,2009,4,-2017.1572515345767,159.2451084757177,266056,50000000,True,35,bartlett,1,264952.0,0.9863600144330517
dr_geography_anticipation1,2005,2010,5,-2962.5817220854296,170.15500470603405,266056,50000000,True,35,bartlett,1,264952.0,0.9863600144330517
dr_geography_anticipation1,2005,2011,6,-3971.051823366369,171.75716807609584,266056,50000000,True,35,bartlett,1,264952.0,0.9863600144330517
dr_geography_anticipation1,2005,2012,7,-3369.178756878884,183.3637852236922,266056,50000000,True,35,bartlett,1,264952.0,0.9863600144330517
dr_geography_anticipation1,2005,2013,8,-2904.0727735078995,163.1043266197877,266056,50000000,True,35,bartlett,1,264952.0,0.9863600144330517
dr_geography_anticipation1,2005,2014,9,-4815.893362171495,271.5528482668304,266056,50000000,True,35,bartlett,1,264952.0,0.9863600144330517
dr_geography_anticipation1,2005,2015,10,-3680.0035126530906,166.64811575631893,266056,50000000,True,35,bartlett,1,264952.0,0.9863600144330517
dr_geography_anticipation1,2005,2016,11,-2714.806560868631,181.32164530074488,266056,50000000,True,35,bartlett,1,264952.0,0.9863600144330517
dr_geography_anticipation1,2005,2017,12,-8839.487265108739,351.84611191454917,266056,50000000,True,35,bartlett,1,264952.0,0.9863600144330517
dr_geography_anticipation1,2005,2018,13,-5765.477629693406,221.92726329607677,266056,50000000,True,35,bartlett,1,264952.0,0.9863600144330517
dr_geography_anticipation1,2005,2019,14,-3651.6483648827125,175.06688753595094,266056,50000000,True,35,bartlett,1,264952.0,0.9863600144330517
dr_geography_anticipation1,2005,2020,15,-7378.123231082115,213.81406528736338,266056,50000000,True,35,bartlett,1,264952.0,0.9863600144330517
dr_geography_anticipation1,2005,2021,16,-5629.108209347911,196.71237873789445,266056,50000000,True,35,bartlett,1,264952.0,0.9863600144330517
dr_geography_anticipation1,2005,2022,17,-4039.178162651785,162.93289406532537,266056,50000000,True,35,bartlett,1,264952.0,0.9863600144330517
dr_geography_anticipation1,2005,2023,18,-2473.0175428888215,156.8862920093312,266056,50000000,True,35,bartlett,1,264952.0,0.9863600144330517
dr_geography_anticipation1,2005,2024,19,-3501.615072642385,172.9330595573061,266056,50000000,True,35,bartlett,1,264952.0,0.9863600144330517
dr_geography_anticipation1,2005,2025,20,-4406.637791005436,163.5928160573856,266056,50000000,True,35,bartlett,1,264952.0,0.9863600144330517
dr_geography_anticipation1,2006,2002,-4,83.72622493392937,466.08209851609706,265725,50000000,True,35,bartlett,1,264952.0,0.9946636560353749
dr_geography_anticipation1,2006,2003,-3,-492.2797181593055,453.9760597901985,265725,50000000,True,35,bartlett,1,264952.0,0.9946636560353749
dr_geography_anticipation1,2006,2004,-2,0.0,0.0,265725,50000000,True,35,bartlett,1,264952.0,0.9946636560353749
dr_geography_anticipation1,2006,2005,-1,-612.1300830152926,425.10801955332556,265725,50000000,True,35,bartlett,1,264952.0,0.9946636560353749
dr_geography_anticipation1,2006,2006,0,-296.50507266692534,467.011049870967,265725,50000000,True,35,bartlett,1,264952.0,0.9946636560353749
dr_geography_anticipation1,2006,2007,1,-2207.6773933981244,500.40842082853135,265725,50000000,True,35,bartlett,1,264952.0,0.9946636560353749
dr_geography_anticipation1,2006,2008,2,-1112.192365681009,551.480127021939,265725,50000000,True,35,bartlett,1,264952.0,0.9946636560353749
dr_geography_anticipation1,2006,2009,3,-146.50220346691748,477.1302407235375,265725,50000000,True,35,bartlett,1,264952.0,0.9946636560353749
dr_geography_anticipation1,2006,2010,4,-310.20428055360486,706.9554659938791,265725,50000000,True,35,bartlett,1,264952.0,0.9946636560353749
dr_geography_anticipation1,2006,2011,5,-984.2711914322111,471.8603720121774,265725,50000000,True,35,bartlett,1,264952.0,0.9946636560353749
dr_geography_anticipation1,2006,2012,6,-865.6709111233321,525.4358033564806,265725,50000000,True,35,bartlett,1,264952.0,0.9946636560353749
dr_geography_anticipation1,2006,2013,7,-1137.7453355162622,476.57092653968107,265725,50000000,True,35,bartlett,1,264952.0,0.9946636560353749
dr_geography_anticipation1,2006,2014,8,-1977.005059996984,449.53066709827664,265725,50000000,True,35,bartlett,1,264952.0,0.9946636560353749
dr_geography_anticipation1,2006,2015,9,-1860.7055526195822,486.0471274329593,265725,50000000,True,35,bartlett,1,264952.0,0.9946636560353749
dr_geography_anticipation1,2006,2016,10,-1221.4347676809773,501.26032465327205,265725,50000000,True,35,bartlett,1,264952.0,0.9946636560353749
dr_geography_anticipation1,2006,2017,11,-2432.772303485349,729.6647552603608,265725,50000000,True,35,bartlett,1,264952.0,0.9946636560353749
dr_geography_anticipation1,2006,2018,12,-2587.626217978399,481.23110441901196,265725,50000000,True,35,bartlett,1,264952.0,0.9946636560353749
dr_geography_anticipation1,2006,2019,13,-2174.7193859481094,426.3966680064554,265725,50000000,True,35,bartlett,1,264952.0,0.9946636560353749
dr_geography_anticipation1,2006,2020,14,-4168.181866886079,446.69120950035415,265725,50000000,True,35,bartlett,1,264952.0,0.9946636560353749
dr_geography_anticipation1,2006,2021,15,-3145.482364857151,447.2765007752115,265725,50000000,True,35,bartlett,1,264952.0,0.9946636560353749
dr_geography_anticipation1,2006,2022,16,-2615.8391998461025,428.2457476357542,265725,50000000,True,35,bartlett,1,264952.0,0.9946636560353749
dr_geography_anticipation1,2006,2023,17,-1395.996027787693,476.34568201668503,265725,50000000,True,35,bartlett,1,264952.0,0.9946636560353749
dr_geography_anticipation1,2006,2024,18,-1620.2046453131975,498.71142812583787,265725,50000000,True,35,bartlett,1,264952.0,0.9946636560353749
dr_geography_anticipation1,2006,2025,19,-2329.3926796222718,439.19706017777094,265725,50000000,True,35,bartlett,1,264952.0,0.9946636560353749
dr_geography_anticipation1,2007,2002,-5,421.82409335559464,102.913489485778,269159,50000000,True,35,bartlett,1,264952.0,0.9462548159266456
dr_geography_anticipation1,2007,2003,-4,1504.310323947342,119.68499441325193,269159,50000000,True,35,bartlett,1,264952.0,0.9462548159266456
dr_geography_anticipation1,2007,2004,-3,-35.66456365723582,108.30869470780495,269159,50000000,True,35,bartlett,1,264952.0,0.9462548159266456
dr_geography_anticipation1,2007,2005,-2,0.0,0.0,269159,50000000,True,35,bartlett,1,264952.0,0.9462548159266456
dr_geography_anticipation1,2007,2006,-1,693.534996569932,100.73727070585687,269159,50000000,True,35,bartlett,1,264952.0,0.9462548159266456
dr_geography_anticipation1,2007,2007,0,-1485.3788400185695,178.36997034514366,269159,50000000,True,35,bartlett,1,264952.0,0.9462548159266456
dr_geography_anticipation1,2007,2008,1,-276.06327822934907,114.46828404481381,269159,50000000,True,35,bartlett,1,264952.0,0.9462548159266456
dr_geography_anticipation1,2007,2009,2,550.4140307572602,92.14183756886284,269159,50000000,True,35,bartlett,1,264952.0,0.9462548159266456
dr_geography_anticipation1,2007,2010,3,257.72086244067987,99.546906708707,269159,50000000,True,35,bartlett,1,264952.0,0.9462548159266456
dr_geography_anticipation1,2007,2011,4,-202.3564349587865,115.5735753010331,269159,50000000,True,35,bartlett,1,264952.0,0.9462548159266456
dr_geography_anticipation1,2007,2012,5,102.01148859273258,105.30336493390656,269159,50000000,True,35,bartlett,1,264952.0,0.9462548159266456
dr_geography_anticipation1,2007,2013,6,80.3787260693779,88.579294478625,269159,50000000,True,35,bartlett,1,264952.0,0.9462548159266456
dr_geography_anticipation1,2007,2014,7,-846.4748634131947,127.09946660487171,269159,50000000,True,35,bartlett,1,264952.0,0.9462548159266456
dr_geography_anticipation1,2007,2015,8,-225.9386445222566,98.67134282852497,269159,50000000,True,35,bartlett,1,264952.0,0.9462548159266456
dr_geography_anticipation1,2007,2016,9,183.09198698437189,101.61058186917205,269159,50000000,True,35,bartlett,1,264952.0,0.9462548159266456
dr_geography_anticipation1,2007,2017,10,-2387.100749951089,223.05059126271183,269159,50000000,True,35,bartlett,1,264952.0,0.9462548159266456
dr_geography_anticipation1,2007,2018,11,-1323.9083894798632,138.49376950620012,269159,50000000,True,35,bartlett,1,264952.0,0.9462548159266456
dr_geography_anticipation1,2007,2019,12,-19.4827127111854,128.65581550503927,269159,50000000,True,35,bartlett,1,264952.0,0.9462548159266456
dr_geography_anticipation1,2007,2020,13,-1852.9143748592335,175.01541102902266,269159,50000000,True,35,bartlett,1,264952.0,0.9462548159266456
dr_geography_anticipation1,2007,2021,14,-1102.0093700402588,137.8863602807493,269159,50000000,True,35,bartlett,1,264952.0,0.9462548159266456
dr_geography_anticipation1,2007,2022,15,-408.4412710517515,105.21059708813416,269159,50000000,True,35,bartlett,1,264952.0,0.9462548159266456
dr_geography_anticipation1,2007,2023,16,248.83900540760055,90.72916579887819,269159,50000000,True,35,bartlett,1,264952.0,0.9462548159266456
dr_geography_anticipation1,2007,2024,17,-292.8519224239593,91.64869352475152,269159,50000000,True,35,bartlett,1,264952.0,0.9462548159266456
dr_geography_anticipation1,2007,2025,18,-660.3853644905071,114.09026471802248,269159,50000000,True,35,bartlett,1,264952.0,0.9462548159266456
dr_geography_anticipation1,2008,2002,-6,309.1908392615602,193.161744939433,267614,50000000,True,35,bartlett,1,264952.0,0.9581673604519942
dr_geography_anticipation1,2008,2003,-5,1122.9008097205162,216.27812935052995,267614,50000000,True,35,bartlett,1,264952.0,0.9581673604519942
dr_geography_anticipation1,2008,2004,-4,-300.75541743174824,181.4279245120341,267614,50000000,True,35,bartlett,1,264952.0,0.9581673604519942
dr_geography_anticipation1,2008,2005,-3,-176.6894971232465,154.19013907608883,267614,50000000,True,35,bartlett,1,264952.0,0.9581673604519942
dr_geography_anticipation1,2008,2006,-2,0.0,0.0,267614,50000000,True,35,bartlett,1,264952.0,0.9581673604519942
dr_geography_anticipation1,2008,2007,-1,-2169.6165033243037,152.66000163077808,267614,50000000,True,35,bartlett,1,264952.0,0.9581673604519942
dr_geography_anticipation1,2008,2008,0,-1123.9110740041203,127.31452235860968,267614,50000000,True,35,bartlett,1,264952.0,0.9581673604519942
dr_geography_anticipation1,2008,2009,1,-16.05603412285018,132.592444454453,267614,50000000,True,35,bartlett,1,264952.0,0.9581673604519942
dr_geography_anticipation1,2008,2010,2,-771.5111137808109,148.13524780916615,267614,50000000,True,35,bartlett,1,264952.0,0.9581673604519942
dr_geography_anticipation1,2008,2011,3,-745.1476890277769,152.83968395954446,267614,50000000,True,35,bartlett,1,264952.0,0.9581673604519942
dr_geography_anticipation1,2008,2012,4,-1157.6169819306565,120.32649055253091,267614,50000000,True,35,bartlett,1,264952.0,0.9581673604519942
dr_geography_anticipation1,2008,2013,5,-940.2682591291607,116.62732702484247,267614,50000000,True,35,bartlett,1,264952.0,0.9581673604519942
dr_geography_anticipation1,2008,2014,6,-1933.654699554185,128.16171580776137,267614,50000000,True,35,bartlett,1,264952.0,0.9581673604519942
dr_geography_anticipation1,2008,2015,7,-1569.775166981491,118.93214914032593,267614,50000000,True,35,bartlett,1,264952.0,0.9581673604519942
dr_geography_anticipation1,2008,2016,8,-1120.9934604455218,128.28845221414184,267614,50000000,True,35,bartlett,1,264952.0,0.9581673604519942
dr_geography_anticipation1,2008,2017,9,-2780.1662464575493,257.52627388626263,267614,50000000,True,35,bartlett,1,264952.0,0.9581673604519942
dr_geography_anticipation1,2008,2018,10,-2257.0331695713503,158.5313490073159,267614,50000000,True,35,bartlett,1,264952.0,0.9581673604519942
dr_geography_anticipation1,2008,2019,11,-1519.4060368767584,143.24535867754645,267614,50000000,True,35,bartlett,1,264952.0,0.9581673604519942
dr_geography_anticipation1,2008,2020,12,-2695.7318238631256,191.59589205170818,267614,50000000,True,35,bartlett,1,264952.0,0.9581673604519942
dr_geography_anticipation1,2008,2021,13,-2515.504149917803,143.49010093329298,267614,50000000,True,35,bartlett,1,264952.0,0.9581673604519942
dr_geography_anticipation1,2008,2022,14,-1700.5841734545388,125.34044280006144,267614,50000000,True,35,bartlett,1,264952.0,0.9581673604519942
dr_geography_anticipation1,2008,2023,15,-805.2248368411639,132.134255714297,267614,50000000,True,35,bartlett,1,264952.0,0.9581673604519942
dr_geography_anticipation1,2008,2024,16,-1160.6302608805431,122.0825000505468,267614,50000000,True,35,bartlett,1,264952.0,0.9581673604519942
dr_geography_anticipation1,2008,2025,17,-1629.598497725667,139.88380845721488,267614,50000000,True,35,bartlett,1,264952.0,0.9581673604519942
dr_geography_anticipation1,2009,2002,-7,872.6277686488571,90.87523092948868,279346,50000000,True,35,bartlett,1,264952.0,0.013860946639651185
dr_geography_anticipation1,2009,2003,-6,1139.9644468950116,85.6610696597009,279346,50000000,True,35,bartlett,1,264952.0,0.013860946639651185
dr_geography_anticipation1,2009,2004,-5,843.7349275407204,90.7605342056187,279346,50000000,True,35,bartlett,1,264952.0,0.013860946639651185
dr_geography_anticipation1,2009,2005,-4,769.7905287091793,78.47183679135938,279346,50000000,True,35,bartlett,1,264952.0,0.013860946639651185
dr_geography_anticipation1,2009,2006,-3,1014.9817607435584,85.17766028006493,279346,50000000,True,35,bartlett,1,264952.0,0.013860946639651185
dr_geography_anticipation1,2009,2007,-2,0.0,0.0,279346,50000000,True,35,bartlett,1,264952.0,0.013860946639651185
dr_geography_anticipation1,2009,2008,-1,403.5034714206385,78.3701635011843,279346,50000000,True,35,bartlett,1,264952.0,0.013860946639651185
dr_geography_anticipation1,2009,2009,0,976.2425009058055,91.8277457320797,279346,50000000,True,35,bartlett,1,264952.0,0.013860946639651185
dr_geography_anticipation1,2009,2010,1,957.2896079940954,95.24979302306055,279346,50000000,True,35,bartlett,1,264952.0,0.013860946639651185
dr_geography_anticipation1,2009,2011,2,626.5964035338875,82.52205140041214,279346,50000000,True,35,bartlett,1,264952.0,0.013860946639651185
dr_geography_anticipation1,2009,2012,3,762.3846651036895,86.48028502479347,279346,50000000,True,35,bartlett,1,264952.0,0.013860946639651185
dr_geography_anticipation1,2009,2013,4,621.9003669995302,82.51583210749705,279346,50000000,True,35,bartlett,1,264952.0,0.013860946639651185
dr_geography_anticipation1,2009,2014,5,261.52275126379857,82.7929654910421,279346,50000000,True,35,bartlett,1,264952.0,0.013860946639651185
dr_geography_anticipation1,2009,2015,6,467.1652443200566,84.39841160594901,279346,50000000,True,35,bartlett,1,264952.0,0.013860946639651185
dr_geography_anticipation1,2009,2016,7,526.925503205888,101.63719599976827,279346,50000000,True,35,bartlett,1,264952.0,0.013860946639651185
dr_geography_anticipation1,2009,2017,8,-563.2664929058085,105.08906011417885,279346,50000000,True,35,bartlett,1,264952.0,0.013860946639651185
dr_geography_anticipation1,2009,2018,9,-197.1521188747541,95.81336819355207,279346,50000000,True,35,bartlett,1,264952.0,0.013860946639651185
dr_geography_anticipation1,2009,2019,10,228.12626779482068,113.45932353081847,279346,50000000,True,35,bartlett,1,264952.0,0.013860946639651185
dr_geography_anticipation1,2009,2020,11,-456.630136157589,87.46663716271787,279346,50000000,True,35,bartlett,1,264952.0,0.013860946639651185
dr_geography_anticipation1,2009,2021,12,-34.728822962724664,93.88964522051538,279346,50000000,True,35,bartlett,1,264952.0,0.013860946639651185
dr_geography_anticipation1,2009,2022,13,276.88865215111804,87.97920484081206,279346,50000000,True,35,bartlett,1,264952.0,0.013860946639651185
dr_geography_anticipation1,2009,2023,14,567.3689516328669,90.0010812465644,279346,50000000,True,35,bartlett,1,264952.0,0.013860946639651185
dr_geography_anticipation1,2009,2024,15,310.29265871141104,88.3272660531492,279346,50000000,True,35,bartlett,1,264952.0,0.013860946639651185
dr_geography_anticipation1,2009,2025,16,276.17641641779915,89.87031071842445,279346,50000000,True,35,bartlett,1,264952.0,0.013860946639651185
dr_geography_anticipation1,2010,2002,-8,1933.6987897375625,181.8833071790622,266070,50000000,True,35,bartlett,1,264952.0,0.988018190701695
dr_geography_anticipation1,2010,2003,-7,4358.53055959432,178.38915443026934,266070,50000000,True,35,bartlett,1,264952.0,0.988018190701695
dr_geography_anticipation1,2010,2004,-6,1370.9298901705731,157.12712487467897,266070,50000000,True,35,bartlett,1,264952.0,0.988018190701695
dr_geography_anticipation1,2010,2005,-5,1255.850514243009,139.41365124646987,266070,50000000,True,35,bartlett,1,264952.0,0.988018190701695
dr_geography_anticipation1,2010,2006,-4,3373.5991642914214,205.29137628390131,266070,50000000,True,35,bartlett,1,264952.0,0.988018190701695
dr_geography_anticipation1,2010,2007,-3,-3206.8707448192063,136.80353342982573,266070,50000000,True,35,bartlett,1,264952.0,0.988018190701695
dr_geography_anticipation1,2010,2008,-2,0.0,0.0,266070,50000000,True,35,bartlett,1,264952.0,0.988018190701695
dr_geography_anticipation1,2010,2009,-1,3023.334277971555,168.55185853271092,266070,50000000,True,35,bartlett,1,264952.0,0.988018190701695
dr_geography_anticipation1,2010,2010,0,1616.9101597410674,165.01623617855034,266070,50000000,True,35,bartlett,1,264952.0,0.988018190701695
dr_geography_anticipation1,2010,2011,1,780.9314344140325,169.87957895901783,266070,50000000,True,35,bartlett,1,264952.0,0.988018190701695
dr_geography_anticipation1,2010,2012,2,1403.6028181260835,155.64703678105118,266070,50000000,True,35,bartlett,1,264952.0,0.988018190701695
dr_geography_anticipation1,2010,2013,3,1473.233655878003,142.13141353234587,266070,50000000,True,35,bartlett,1,264952.0,0.988018190701695
dr_geography_anticipation1,2010,2014,4,-931.2596736816971,173.28028913511073,266070,50000000,True,35,bartlett,1,264952.0,0.988018190701695
dr_geography_anticipation1,2010,2015,5,880.7667692941859,146.64286690624246,266070,50000000,True,35,bartlett,1,264952.0,0.988018190701695
dr_geography_anticipation1,2010,2016,6,1681.981925154322,205.15527794280374,266070,50000000,True,35,bartlett,1,264952.0,0.988018190701695
dr_geography_anticipation1,2010,2017,7,-4316.746183429803,231.89868782447326,266070,50000000,True,35,bartlett,1,264952.0,0.988018190701695
dr_geography_anticipation1,2010,2018,8,-2145.958484754014,131.92704634995107,266070,50000000,True,35,bartlett,1,264952.0,0.988018190701695
dr_geography_anticipation1,2010,2019,9,981.9894946519861,162.36355541534624,266070,50000000,True,35,bartlett,1,264952.0,0.988018190701695
dr_geography_anticipation1,2010,2020,10,-3353.6011965596344,144.49661499044225,266070,50000000,True,35,bartlett,1,264952.0,0.988018190701695
dr_geography_anticipation1,2010,2021,11,-1302.9703633627767,182.18361806980718,266070,50000000,True,35,bartlett,1,264952.0,0.988018190701695
dr_geography_anticipation1,2010,2022,12,415.9421992677126,151.4125907323255,266070,50000000,True,35,bartlett,1,264952.0,0.988018190701695
dr_geography_anticipation1,2010,2023,13,2306.3068473147123,177.16723219889934,266070,50000000,True,35,bartlett,1,264952.0,0.988018190701695
dr_geography_anticipation1,2010,2024,14,1246.0543699364637,257.35446610981865,266070,50000000,True,35,bartlett,1,264952.0,0.988018190701695
dr_geography_anticipation1,2010,2025,15,-83.53583542662692,162.31470760592123,266070,50000000,True,35,bartlett,1,264952.0,0.988018190701695
dr_geography_anticipation1,2011,2002,-9,-778.7258276294815,165.8038528724729,277147,50000000,True,35,bartlett,1,264952.0,0.7450522646826413
dr_geography_anticipation1,2011,2003,-8,-112.29150254301396,159.86828404045662,277147,50000000,True,35,bartlett,1,264952.0,0.7450522646826413
dr_geography_anticipation1,2011,2004,-7,266.10025380976856,227.13226554916247,277147,50000000,True,35,bartlett,1,264952.0,0.7450522646826413
dr_geography_anticipation1,2011,2005,-6,-842.7598794257904,175.9835085978342,277147,50000000,True,35,bartlett,1,264952.0,0.7450522646826413
dr_geography_anticipation1,2011,2006,-5,170.94387952069462,166.9461383158166,277147,50000000,True,35,bartlett,1,264952.0,0.7450522646826413
dr_geography_anticipation1,2011,2007,-4,-1142.4402765550915,529.0085417456874,277147,50000000,True,35,bartlett,1,264952.0,0.7450522646826413
dr_geography_anticipation1,2011,2008,-3,-1979.292013346756,177.83921445055765,277147,50000000,True,35,bartlett,1,264952.0,0.7450522646826413
dr_geography_anticipation1,2011,2009,-2,0.0,0.0,277147,50000000,True,35,bartlett,1,264952.0,0.7450522646826413
dr_geography_anticipation1,2011,2010,-1,-830.441010867552,147.10119941316236,277147,50000000,True,35,bartlett,1,264952.0,0.7450522646826413
dr_geography_anticipation1,2011,2011,0,-1640.6527008771432,166.96648139358211,277147,50000000,True,35,bartlett,1,264952.0,0.7450522646826413
dr_geography_anticipation1,2011,2012,1,-1152.5573905314359,152.89123184435095,277147,50000000,True,35,bartlett,1,264952.0,0.7450522646826413
dr_geography_anticipation1,2011,2013,2,-2233.537213422218,153.40260290017073,277147,50000000,True,35,bartlett,1,264952.0,0.7450522646826413
dr_geography_anticipation1,2011,2014,3,-1986.2447697317218,204.6338238289526,277147,50000000,True,35,bartlett,1,264952.0,0.7450522646826413
dr_geography_anticipation1,2011,2015,4,-1668.3531591898764,152.4401109295859,277147,50000000,True,35,bartlett,1,264952.0,0.7450522646826413
dr_geography_anticipation1,2011,2016,5,-1244.897147153471,155.72846548590798,277147,50000000,True,35,bartlett,1,264952.0,0.7450522646826413
dr_geography_anticipation1,2011,2017,6,-783.4948754251968,257.72620128093274,277147,50000000,True,35,bartlett,1,264952.0,0.7450522646826413
dr_geography_anticipation1,2011,2018,7,-1488.4407725529522,214.03189211879567,277147,50000000,True,35,bartlett,1,264952.0,0.7450522646826413
dr_geography_anticipation1,2011,2019,8,-1228.2427933247973,172.3901026732906,277147,50000000,True,35,bartlett,1,264952.0,0.7450522646826413
dr_geography_anticipation1,2011,2020,9,-2192.3276157194073,228.63069112849183,277147,50000000,True,35,bartlett,1,264952.0,0.7450522646826413
dr_geography_anticipation1,2011,2021,10,-1822.0816176037717,212.22204630031874,277147,50000000,True,35,bartlett,1,264952.0,0.7450522646826413
dr_geography_anticipation1,2011,2022,11,-2147.411903665603,220.7990488464763,277147,50000000,True,35,bartlett,1,264952.0,0.7450522646826413
dr_geography_anticipation1,2011,2023,12,-1497.8576111041561,131.3783283882935,277147,50000000,True,35,bartlett,1,264952.0,0.7450522646826413
dr_geography_anticipation1,2011,2024,13,-1932.0366418453748,157.07268931984,277147,50000000,True,35,bartlett,1,264952.0,0.7450522646826413
dr_geography_anticipation1,2011,2025,14,-1885.9711167320022,185.45971033786668,277147,50000000,True,35,bartlett,1,264952.0,0.7450522646826413
dr_geography_anticipation1,2012,2002,-10,-1060.740805468293,194.6059475259255,265849,50000000,True,35,bartlett,1,264952.0,0.9971788496477324
dr_geography_anticipation1,2012,2003,-9,2029.588636095565,320.8806505328622,265849,50000000,True,35,bartlett,1,264952.0,0.9971788496477324
dr_geography_anticipation1,2012,2004,-8,-809.9028102880229,241.7295975213906,265849,50000000,True,35,bartlett,1,264952.0,0.9971788496477324
dr_geography_anticipation1,2012,2005,-7,-17.657116518136455,363.26621850031984,265849,50000000,True,35,bartlett,1,264952.0,0.9971788496477324
dr_geography_anticipation1,2012,2006,-6,81.82216290996902,226.32287123984298,265849,50000000,True,35,bartlett,1,264952.0,0.9971788496477324
dr_geography_anticipation1,2012,2007,-5,-3268.20719643254,251.31824792894733,265849,50000000,True,35,bartlett,1,264952.0,0.9971788496477324
dr_geography_anticipation1,2012,2008,-4,-1423.289096686232,209.95268764708328,265849,50000000,True,35,bartlett,1,264952.0,0.9971788496477324
dr_geography_anticipation1,2012,2009,-3,551.6268516861921,363.80427830793104,265849,50000000,True,35,bartlett,1,264952.0,0.9971788496477324
dr_geography_anticipation1,2012,2010,-2,0.0,0.0,265849,50000000,True,35,bartlett,1,264952.0,0.9971788496477324
dr_geography_anticipation1,2012,2011,-1,-1127.6661234999478,227.1808172449448,265849,50000000,True,35,bartlett,1,264952.0,0.9971788496477324
dr_geography_anticipation1,2012,2012,0,-664.5286638009454,182.68620577439683,265849,50000000,True,35,bartlett,1,264952.0,0.9971788496477324
dr_geography_anticipation1,2012,2013,1,-898.9320292285583,197.86012790339103,265849,50000000,True,35,bartlett,1,264952.0,0.9971788496477324
dr_geography_anticipation1,2012,2014,2,-2062.3851742578317,205.4763677198941,265849,50000000,True,35,bartlett,1,264952.0,0.9971788496477324
dr_geography_anticipation1,2012,2015,3,-407.8241956432513,255.89439604137664,265849,50000000,True,35,bartlett,1,264952.0,0.9971788496477324
dr_geography_anticipation1,2012,2016,4,-381.1807512759192,306.04695373928445,265849,50000000,True,35,bartlett,1,264952.0,0.9971788496477324
dr_geography_anticipation1,2012,2017,5,-3124.2428094675975,343.41952845171903,265849,50000000,True,35,bartlett,1,264952.0,0.9971788496477324
dr_geography_anticipation1,2012,2018,6,-1058.9758163875342,429.95312306991207,265849,50000000,True,35,bartlett,1,264952.0,0.9971788496477324
dr_geography_anticipation1,2012,2019,7,-69.74686045183091,332.0517512016381,265849,50000000,True,35,bartlett,1,264952.0,0.9971788496477324
dr_geography_anticipation1,2012,2020,8,-2881.822820306723,261.8678849111418,265849,50000000,True,35,bartlett,1,264952.0,0.9971788496477324
dr_geography_anticipation1,2012,2021,9,-1460.8313215840585,301.6540110867553,265849,50000000,True,35,bartlett,1,264952.0,0.9971788496477324
dr_geography_anticipation1,2012,2022,10,-1204.562266411138,215.85559866999378,265849,50000000,True,35,bartlett,1,264952.0,0.9971788496477324
dr_geography_anticipation1,2012,2023,11,153.50491039404463,250.13065436345244,265849,50000000,True,35,bartlett,1,264952.0,0.9971788496477324
dr_geography_anticipation1,2012,2024,12,-858.5354216832341,255.96287707017146,265849,50000000,True,35,bartlett,1,264952.0,0.9971788496477324
dr_geography_anticipation1,2012,2025,13,-1189.608065967742,291.2725692626948,265849,50000000,True,35,bartlett,1,264952.0,0.9971788496477324
dr_geography_anticipation1,2013,2002,-11,449.9804084567456,165.35419888257246,266682,50000000,True,35,bartlett,1,264952.0,0.981153583668939
dr_geography_anticipation1,2013,2003,-10,2498.9937768694267,248.10377345637002,266682,50000000,True,35,bartlett,1,264952.0,0.981153583668939
dr_geography_anticipation1,2013,2004,-9,-91.31573727593477,204.1164587329305,266682,50000000,True,35,bartlett,1,264952.0,0.981153583668939
dr_geography_anticipation1,2013,2005,-8,426.56638454458744,184.28006104012658,266682,50000000,True,35,bartlett,1,264952.0,0.981153583668939
dr_geography_anticipation1,2013,2006,-7,1328.0908908558404,257.93122207633127,266682,50000000,True,35,bartlett,1,264952.0,0.981153583668939
dr_geography_anticipation1,2013,2007,-6,-2220.4632290786467,208.1927732482122,266682,50000000,True,35,bartlett,1,264952.0,0.981153583668939
dr_geography_anticipation1,2013,2008,-5,416.9155172540618,225.11781844663165,266682,50000000,True,35,bartlett,1,264952.0,0.981153583668939
dr_geography_anticipation1,2013,2009,-4,806.9617269430283,235.25825002412785,266682,50000000,True,35,bartlett,1,264952.0,0.981153583668939
dr_geography_anticipation1,2013,2010,-3,87.5787332643072,187.7884839657985,266682,50000000,True,35,bartlett,1,264952.0,0.981153583668939
dr_geography_anticipation1,2013,2011,-2,0.0,0.0,266682,50000000,True,35,bartlett,1,264952.0,0.981153583668939
dr_geography_anticipation1,2013,2012,-1,-11.768699218726674,202.64393257407457,266682,50000000,True,35,bartlett,1,264952.0,0.981153583668939
dr_geography_anticipation1,2013,2013,0,330.25702645239346,197.65218502479811,266682,50000000,True,35,bartlett,1,264952.0,0.981153583668939
dr_geography_anticipation1,2013,2014,1,-552.0818955182726,277.44835965833494,266682,50000000,True,35,bartlett,1,264952.0,0.981153583668939
dr_geography_anticipation1,2013,2015,2,-231.42683165853606,194.23046772936883,266682,50000000,True,35,bartlett,1,264952.0,0.981153583668939
dr_geography_anticipation1,2013,2016,3,25004.502236751134,2615.7016972900174,266682,50000000,True,35,bartlett,1,264952.0,0.981153583668939
dr_geography_anticipation1,2013,2017,4,-4021.0518062503593,288.69394963680935,266682,50000000,True,35,bartlett,1,264952.0,0.981153583668939
dr_geography_anticipation1,2013,2018,5,-2304.592623839664,237.96313091925188,266682,50000000,True,35,bartlett,1,264952.0,0.981153583668939
dr_geography_anticipation1,2013,2019,6,1548.483090517247,716.4533098125694,266682,50000000,True,35,bartlett,1,264952.0,0.981153583668939
dr_geography_anticipation1,2013,2020,7,-3708.822339405624,228.62982456178284,266682,50000000,True,35,bartlett,1,264952.0,0.981153583668939
dr_geography_anticipation1,2013,2021,8,-1839.0958166140522,255.71146461908964,266682,50000000,True,35,bartlett,1,264952.0,0.981153583668939
dr_geography_anticipation1,2013,2022,9,-556.3916346477155,199.07817670838676,266682,50000000,True,35,bartlett,1,264952.0,0.981153583668939
dr_geography_anticipation1,2013,2023,10,272.103305345393,217.49836189463065,266682,50000000,True,35,bartlett,1,264952.0,0.981153583668939
dr_geography_anticipation1,2013,2024,11,-684.6994088618538,189.42065496801135,266682,50000000,True,35,bartlett,1,264952.0,0.981153583668939
dr_geography_anticipation1,2013,2025,12,-864.5731260003779,194.99008041462574,266682,50000000,True,35,bartlett,1,264952.0,0.981153583668939
dr_geography_anticipation1,2014,2002,-12,284.1703108898403,273.22947228189156,265320,50000000,True,35,bartlett,1,264952.0,0.9971883009196442
dr_geography_anticipation1,2014,2003,-11,431.3435766290477,257.18760711018246,265320,50000000,True,35,bartlett,1,264952.0,0.9971883009196442
dr_geography_anticipation1,2014,2004,-10,284.4800724119894,325.7568389406912,265320,50000000,True,35,bartlett,1,264952.0,0.9971883009196442
dr_geography_anticipation1,2014,2005,-9,-111.03411999539352,250.5652711448567,265320,50000000,True,35,bartlett,1,264952.0,0.9971883009196442
dr_geography_anticipation1,2014,2006,-8,485.11578747896795,280.8983428033508,265320,50000000,True,35,bartlett,1,264952.0,0.9971883009196442
dr_geography_anticipation1,2014,2007,-7,1106.9894748374998,489.9211566581407,265320,50000000,True,35,bartlett,1,264952.0,0.9971883009196442
dr_geography_anticipation1,2014,2008,-6,1222.2154299381732,685.6771996210394,265320,50000000,True,35,bartlett,1,264952.0,0.9971883009196442
dr_geography_anticipation1,2014,2009,-5,226.57680491436915,294.96439708462594,265320,50000000,True,35,bartlett,1,264952.0,0.9971883009196442
dr_geography_anticipation1,2014,2010,-4,-217.89242274698466,235.566935425273,265320,50000000,True,35,bartlett,1,264952.0,0.9971883009196442
dr_geography_anticipation1,2014,2011,-3,184.08631670210804,286.2672364881561,265320,50000000,True,35,bartlett,1,264952.0,0.9971883009196442
dr_geography_anticipation1,2014,2012,-2,0.0,0.0,265320,50000000,True,35,bartlett,1,264952.0,0.9971883009196442
dr_geography_anticipation1,2014,2013,-1,395.20113847494014,269.85492412604424,265320,50000000,True,35,bartlett,1,264952.0,0.9971883009196442
dr_geography_anticipation1,2014,2014,0,-298.3390142698252,271.7890643268458,265320,50000000,True,35,bartlett,1,264952.0,0.9971883009196442
dr_geography_anticipation1,2014,2015,1,-244.17372521192272,348.0403777509807,265320,50000000,True,35,bartlett,1,264952.0,0.9971883009196442
dr_geography_anticipation1,2014,2016,2,-287.79156042568604,410.3448623607918,265320,50000000,True,35,bartlett,1,264952.0,0.9971883009196442
dr_geography_anticipation1,2014,2017,3,-3680.00768634041,610.8576855779005,265320,50000000,True,35,bartlett,1,264952.0,0.9971883009196442
dr_geography_anticipation1,2014,2018,4,-2496.6494876323454,348.82642623570746,265320,50000000,True,35,bartlett,1,264952.0,0.9971883009196442
dr_geography_anticipation1,2014,2019,5,-113.76803791175153,554.0485315581668,265320,50000000,True,35,bartlett,1,264952.0,0.9971883009196442
dr_geography_anticipation1,2014,2020,6,-3207.9961875701138,406.9291805251654,265320,50000000,True,35,bartlett,1,264952.0,0.9971883009196442
dr_geography_anticipation1,2014,2021,7,-1643.7614419937945,257.4824148579467,265320,50000000,True,35,bartlett,1,264952.0,0.9971883009196442
dr_geography_anticipation1,2014,2022,8,-727.0717209264603,282.56281378855334,265320,50000000,True,35,bartlett,1,264952.0,0.9971883009196442
dr_geography_anticipation1,2014,2023,9,-970.9436794477992,231.22338545591836,265320,50000000,True,35,bartlett,1,264952.0,0.9971883009196442
dr_geography_anticipation1,2014,2024,10,-1042.5918141635402,236.1572378190301,265320,50000000,True,35,bartlett,1,264952.0,0.9971883009196442
dr_geography_anticipation1,2014,2025,11,-695.8149954835284,417.3487333156031,265320,50000000,True,35,bartlett,1,264952.0,0.9971883009196442
dr_geography_anticipation1,2018,2002,-16,199.4223238927006,96.01194757946347,276842,50000000,True,35,bartlett,1,264952.0,0.3396594447374315
dr_geography_anticipation1,2018,2003,-15,1105.3316241318553,112.83402502528493,276842,50000000,True,35,bartlett,1,264952.0,0.3396594447374315
dr_geography_anticipation1,2018,2004,-14,353.04143874571054,129.99667087146133,276842,50000000,True,35,bartlett,1,264952.0,0.3396594447374315
dr_geography_anticipation1,2018,2005,-13,-64.45490900497913,123.78488726809252,276842,50000000,True,35,bartlett,1,264952.0,0.3396594447374315
dr_geography_anticipation1,2018,2006,-12,1327.3998497994112,131.73858177984343,276842,50000000,True,35,bartlett,1,264952.0,0.3396594447374315
dr_geography_anticipation1,2018,2007,-11,-1419.078013782855,163.6163624402515,276842,50000000,True,35,bartlett,1,264952.0,0.3396594447374315
dr_geography_anticipation1,2018,2008,-10,-730.703015173968,116.75011927746179,276842,50000000,True,35,bartlett,1,264952.0,0.3396594447374315
dr_geography_anticipation1,2018,2009,-9,751.1955391387846,117.06685800554472,276842,50000000,True,35,bartlett,1,264952.0,0.3396594447374315
dr_geography_anticipation1,2018,2010,-8,606.3205014839426,113.4532689792143,276842,50000000,True,35,bartlett,1,264952.0,0.3396594447374315
dr_geography_anticipation1,2018,2011,-7,3.3371525227078678,109.07120553537989,276842,50000000,True,35,bartlett,1,264952.0,0.3396594447374315
dr_geography_anticipation1,2018,2012,-6,360.6626879407238,98.72481031986534,276842,50000000,True,35,bartlett,1,264952.0,0.3396594447374315
dr_geography_anticipation1,2018,2013,-5,-218.46050225805732,90.83060089508815,276842,50000000,True,35,bartlett,1,264952.0,0.3396594447374315
dr_geography_anticipation1,2018,2014,-4,-710.7422262953452,123.2634562100169,276842,50000000,True,35,bartlett,1,264952.0,0.3396594447374315
dr_geography_anticipation1,2018,2015,-3,-84.04651162699938,87.41614901447089,276842,50000000,True,35,bartlett,1,264952.0,0.3396594447374315
dr_geography_anticipation1,2018,2016,-2,0.0,0.0,276842,50000000,True,35,bartlett,1,264952.0,0.3396594447374315
dr_geography_anticipation1,2018,2017,-1,-1781.8842562537238,177.5290592129032,276842,50000000,True,35,bartlett,1,264952.0,0.3396594447374315
dr_geography_anticipation1,2018,2018,0,-1299.9940639232345,123.894564426629,276842,50000000,True,35,bartlett,1,264952.0,0.3396594447374315
dr_geography_anticipation1,2018,2019,1,-105.76856607363766,100.19350962814315,276842,50000000,True,35,bartlett,1,264952.0,0.3396594447374315
dr_geography_anticipation1,2018,2020,2,-1760.104630153097,151.07459027289275,276842,50000000,True,35,bartlett,1,264952.0,0.3396594447374315
dr_geography_anticipation1,2018,2021,3,-864.7766485969971,132.9109830041025,276842,50000000,True,35,bartlett,1,264952.0,0.3396594447374315
dr_geography_anticipation1,2018,2022,4,-351.31829939037993,105.32546222143051,276842,50000000,True,35,bartlett,1,264952.0,0.3396594447374315
dr_geography_anticipation1,2018,2023,5,409.09458300795933,96.96124697361205,276842,50000000,True,35,bartlett,1,264952.0,0.3396594447374315
dr_geography_anticipation1,2018,2024,6,-268.8700136428825,107.72781561211745,276842,50000000,True,35,bartlett,1,264952.0,0.3396594447374315
dr_geography_anticipation1,2018,2025,7,-736.9689254547789,98.70098431144679,276842,50000000,True,35,bartlett,1,264952.0,0.3396594447374315
dr_geography_anticipation1,2019,2002,-17,3728.8082662821826,2639.058441589611,264961,50000000,True,35,bartlett,1,264952.0,1.0
dr_geography_anticipation1,2019,2003,-16,4706.072973860895,2980.622498622121,264961,50000000,True,35,bartlett,1,264952.0,1.0
dr_geography_anticipation1,2019,2004,-15,4517.012930978808,3431.5663573331044,264961,50000000,True,35,bartlett,1,264952.0,1.0
dr_geography_anticipation1,2019,2005,-14,4215.2873869676005,3202.3259664744874,264961,50000000,True,35,bartlett,1,264952.0,1.0
dr_geography_anticipation1,2019,2006,-13,3333.1593256734736,2611.089445642585,264961,50000000,True,35,bartlett,1,264952.0,1.0
dr_geography_anticipation1,2019,2007,-12,594.246228506244,2048.889788015734,264961,50000000,True,35,bartlett,1,264952.0,1.0
dr_geography_anticipation1,2019,2008,-11,1540.508482329449,2135.030368373645,264961,50000000,True,35,bartlett,1,264952.0,1.0
dr_geography_anticipation1,2019,2009,-10,7785.387510379533,4009.888641467437,264961,50000000,True,35,bartlett,1,264952.0,1.0
dr_geography_anticipation1,2019,2010,-9,2427.594423516206,2305.8917757506943,264961,50000000,True,35,bartlett,1,264952.0,1.0
dr_geography_anticipation1,2019,2011,-8,4228.923558384427,2174.228583357838,264961,50000000,True,35,bartlett,1,264952.0,1.0
dr_geography_anticipation1,2019,2012,-7,3909.246299612529,2499.9633223527408,264961,50000000,True,35,bartlett,1,264952.0,1.0
dr_geography_anticipation1,2019,2013,-6,3360.5267856612013,2250.507208708191,264961,50000000,True,35,bartlett,1,264952.0,1.0
dr_geography_anticipation1,2019,2014,-5,1171.0262891670675,2127.687195785947,264961,50000000,True,35,bartlett,1,264952.0,1.0
dr_geography_anticipation1,2019,2015,-4,2503.5837443214887,2168.891721752412,264961,50000000,True,35,bartlett,1,264952.0,1.0
dr_geography_anticipation1,2019,2016,-3,2554.6060705128652,2082.3910483853115,264961,50000000,True,35,bartlett,1,264952.0,1.0
dr_geography_anticipation1,2019,2017,-2,0.0,0.0,264961,50000000,True,35,bartlett,1,264952.0,1.0
dr_geography_anticipation1,2019,2018,-1,-703.528421797805,2048.9448997837985,264961,50000000,True,35,bartlett,1,264952.0,1.0
dr_geography_anticipation1,2019,2019,0,2718.8743013304525,2815.50218801485,264961,50000000,True,35,bartlett,1,264952.0,1.0
dr_geography_anticipation1,2019,2020,1,2093.006010281223,3875.753951435212,264961,50000000,True,35,bartlett,1,264952.0,1.0
dr_geography_anticipation1,2019,2021,2,748.7604063957546,1848.997488392975,264961,50000000,True,35,bartlett,1,264952.0,1.0
dr_geography_anticipation1,2019,2022,3,3447.6472742930564,2046.122780114982,264961,50000000,True,35,bartlett,1,264952.0,1.0
dr_geography_anticipation1,2019,2023,4,3200.6791605764083,2254.446226781202,264961,50000000,True,35,bartlett,1,264952.0,1.0
dr_geography_anticipation1,2019,2024,5,2493.0312513475815,2046.7343248878028,264961,50000000,True,35,bartlett,1,264952.0,1.0
dr_geography_anticipation1,2019,2025,6,2171.991555033432,2276.4534423834602,264961,50000000,True,35,bartlett,1,264952.0,1.0
dr_geography_anticipation1,2020,2002,-18,-771.271196167072,145.77732685051276,289831,50000000,True,35,bartlett,1,264952.0,0.12685323516118013
dr_geography_anticipation1,2020,2003,-17,-1076.361387344037,188.23020172025514,289831,50000000,True,35,bartlett,1,264952.0,0.12685323516118013
dr_geography_anticipation1,2020,2004,-16,-526.6842950085071,144.9928086818669,289831,50000000,True,35,bartlett,1,264952.0,0.12685323516118013
dr_geography_anticipation1,2020,2005,-15,-894.1557787607776,152.53398546793878,289831,50000000,True,35,bartlett,1,264952.0,0.12685323516118013
dr_geography_anticipation1,2020,2006,-14,-701.9046351579118,206.24296747077543,289831,50000000,True,35,bartlett,1,264952.0,0.12685323516118013
dr_geography_anticipation1,2020,2007,-13,-435.1502400114249,288.18252406183353,289831,50000000,True,35,bartlett,1,264952.0,0.12685323516118013
dr_geography_anticipation1,2020,2008,-12,-980.3695441255156,213.06867365039,289831,50000000,True,35,bartlett,1,264952.0,0.12685323516118013
dr_geography_anticipation1,2020,2009,-11,-810.0776122018467,160.89834838320007,289831,50000000,True,35,bartlett,1,264952.0,0.12685323516118013
dr_geography_anticipation1,2020,2010,-10,-721.596922083018,158.00826100848698,289831,50000000,True,35,bartlett,1,264952.0,0.12685323516118013
dr_geography_anticipation1,2020,2011,-9,-479.14458084564177,133.8428194209538,289831,50000000,True,35,bartlett,1,264952.0,0.12685323516118013
dr_geography_anticipation1,2020,2012,-8,-572.0822549259831,145.683405029779,289831,50000000,True,35,bartlett,1,264952.0,0.12685323516118013
dr_geography_anticipation1,2020,2013,-7,-796.0321149677882,146.61939556027215,289831,50000000,True,35,bartlett,1,264952.0,0.12685323516118013
dr_geography_anticipation1,2020,2014,-6,-677.2748889946761,125.77816035273298,289831,50000000,True,35,bartlett,1,264952.0,0.12685323516118013
dr_geography_anticipation1,2020,2015,-5,-718.4231326264671,133.89057993513848,289831,50000000,True,35,bartlett,1,264952.0,0.12685323516118013
dr_geography_anticipation1,2020,2016,-4,-1389.3436435244325,145.46347929966802,289831,50000000,True,35,bartlett,1,264952.0,0.12685323516118013
dr_geography_anticipation1,2020,2017,-3,-445.51251910716894,148.49369435962024,289831,50000000,True,35,bartlett,1,264952.0,0.12685323516118013
dr_geography_anticipation1,2020,2018,-2,0.0,0.0,289831,50000000,True,35,bartlett,1,264952.0,0.12685323516118013
dr_geography_anticipation1,2020,2019,-1,-708.4538375398184,143.9880791634206,289831,50000000,True,35,bartlett,1,264952.0,0.12685323516118013
dr_geography_anticipation1,2020,2020,0,-326.34563881136785,191.38676981625824,289831,50000000,True,35,bartlett,1,264952.0,0.12685323516118013
dr_geography_anticipation1,2020,2021,1,-258.09812708848915,144.58566292692652,289831,50000000,True,35,bartlett,1,264952.0,0.12685323516118013
dr_geography_anticipation1,2020,2022,2,-257.39515789496227,154.60816248230375,289831,50000000,True,35,bartlett,1,264952.0,0.12685323516118013
dr_geography_anticipation1,2020,2023,3,-930.0321965184755,151.68557495081234,289831,50000000,True,35,bartlett,1,264952.0,0.12685323516118013
dr_geography_anticipation1,2020,2024,4,-511.44415019569533,159.19904696528465,289831,50000000,True,35,bartlett,1,264952.0,0.12685323516118013
dr_geography_anticipation1,2020,2025,5,-684.2157105683065,173.5535534653913,289831,50000000,True,35,bartlett,1,264952.0,0.12685323516118013
dr_geography_anticipation1,2021,2002,-19,1187.5860574748367,227.62547292922864,267071,50000000,True,35,bartlett,1,264952.0,0.9695212134600911
dr_geography_anticipation1,2021,2003,-18,1655.701722391433,184.24256839405203,267071,50000000,True,35,bartlett,1,264952.0,0.9695212134600911
dr_geography_anticipation1,2021,2004,-17,2533.5799967276816,371.09734019405477,267071,50000000,True,35,bartlett,1,264952.0,0.9695212134600911
dr_geography_anticipation1,2021,2005,-16,1119.3881673253481,233.17736013311435,267071,50000000,True,35,bartlett,1,264952.0,0.9695212134600911
dr_geography_anticipation1,2021,2006,-15,1857.9464939779468,251.90666959814655,267071,50000000,True,35,bartlett,1,264952.0,0.9695212134600911
dr_geography_anticipation1,2021,2007,-14,-787.9823662050237,223.24716727529605,267071,50000000,True,35,bartlett,1,264952.0,0.9695212134600911
dr_geography_anticipation1,2021,2008,-13,-342.24269826878174,196.27187130755215,267071,50000000,True,35,bartlett,1,264952.0,0.9695212134600911
dr_geography_anticipation1,2021,2009,-12,1357.0036624818322,216.59916741405482,267071,50000000,True,35,bartlett,1,264952.0,0.9695212134600911
dr_geography_anticipation1,2021,2010,-11,509.5315723584893,182.98866039177187,267071,50000000,True,35,bartlett,1,264952.0,0.9695212134600911
dr_geography_anticipation1,2021,2011,-10,855.4382733518278,199.7902996048469,267071,50000000,True,35,bartlett,1,264952.0,0.9695212134600911
dr_geography_anticipation1,2021,2012,-9,1651.3051536640346,247.56197426588747,267071,50000000,True,35,bartlett,1,264952.0,0.9695212134600911
dr_geography_anticipation1,2021,2013,-8,112.3107466107364,153.3094300744137,267071,50000000,True,35,bartlett,1,264952.0,0.9695212134600911
dr_geography_anticipation1,2021,2014,-7,-427.8705418901175,183.32452955294073,267071,50000000,True,35,bartlett,1,264952.0,0.9695212134600911
dr_geography_anticipation1,2021,2015,-6,120.87831668025733,182.5283760985939,267071,50000000,True,35,bartlett,1,264952.0,0.9695212134600911
dr_geography_anticipation1,2021,2016,-5,519.3458113132245,193.67382835694593,267071,50000000,True,35,bartlett,1,264952.0,0.9695212134600911
dr_geography_anticipation1,2021,2017,-4,-808.8211509581708,308.80865080993357,267071,50000000,True,35,bartlett,1,264952.0,0.9695212134600911
dr_geography_anticipation1,2021,2018,-3,-857.7204856927046,204.35284262067475,267071,50000000,True,35,bartlett,1,264952.0,0.9695212134600911
dr_geography_anticipation1,2021,2019,-2,0.0,0.0,267071,50000000,True,35,bartlett,1,264952.0,0.9695212134600911
dr_geography_anticipation1,2021,2020,-1,-2208.6151867057433,175.7126828907339,267071,50000000,True,35,bartlett,1,264952.0,0.9695212134600911
dr_geography_anticipation1,2021,2021,0,-1132.6037607409971,180.25381724508182,267071,50000000,True,35,bartlett,1,264952.0,0.9695212134600911
dr_geography_anticipation1,2021,2022,1,-166.48207621410347,184.12640576987297,267071,50000000,True,35,bartlett,1,264952.0,0.9695212134600911
dr_geography_anticipation1,2021,2023,2,859.885444225965,192.96185610800956,267071,50000000,True,35,bartlett,1,264952.0,0.9695212134600911
dr_geography_anticipation1,2021,2024,3,305.29143452383715,172.06719185467747,267071,50000000,True,35,bartlett,1,264952.0,0.9695212134600911
dr_geography_anticipation1,2021,2025,4,-40.97832171507656,223.54660278900903,267071,50000000,True,35,bartlett,1,264952.0,0.9695212134600911
dr_geography_anticipation1,2024,2002,-22,248.88956203346257,98.66292214997787,275817,50000000,True,35,bartlett,1,264952.0,0.4668348941508319
dr_geography_anticipation1,2024,2003,-21,935.529443276118,140.18348349861358,275817,50000000,True,35,bartlett,1,264952.0,0.4668348941508319
dr_geography_anticipation1,2024,2004,-20,559.2650931254162,121.59955773997643,275817,50000000,True,35,bartlett,1,264952.0,0.4668348941508319
dr_geography_anticipation1,2024,2005,-19,509.61956228304825,140.75603513988437,275817,50000000,True,35,bartlett,1,264952.0,0.4668348941508319
dr_geography_anticipation1,2024,2006,-18,714.981430856906,114.72568744480138,275817,50000000,True,35,bartlett,1,264952.0,0.4668348941508319
dr_geography_anticipation1,2024,2007,-17,760.1891735560174,635.9377770479128,275817,50000000,True,35,bartlett,1,264952.0,0.4668348941508319
dr_geography_anticipation1,2024,2008,-16,114.68041242857959,117.65250411734468,275817,50000000,True,35,bartlett,1,264952.0,0.4668348941508319
dr_geography_anticipation1,2024,2009,-15,595.2254381666044,127.20747343962027,275817,50000000,True,35,bartlett,1,264952.0,0.4668348941508319
dr_geography_anticipation1,2024,2010,-14,727.8861065843627,106.4583101489148,275817,50000000,True,35,bartlett,1,264952.0,0.4668348941508319
dr_geography_anticipation1,2024,2011,-13,353.09331202263877,101.93146025217663,275817,50000000,True,35,bartlett,1,264952.0,0.4668348941508319
dr_geography_anticipation1,2024,2012,-12,867.3916791557921,102.88356706937635,275817,50000000,True,35,bartlett,1,264952.0,0.4668348941508319
dr_geography_anticipation1,2024,2013,-11,-48.36106408858359,99.67666125499991,275817,50000000,True,35,bartlett,1,264952.0,0.4668348941508319
dr_geography_anticipation1,2024,2014,-10,348.48967975140397,109.77507092766064,275817,50000000,True,35,bartlett,1,264952.0,0.4668348941508319
dr_geography_anticipation1,2024,2015,-9,86.42605399962777,104.35443535695516,275817,50000000,True,35,bartlett,1,264952.0,0.4668348941508319
dr_geography_anticipation1,2024,2016,-8,925.7117008655158,128.7587796566571,275817,50000000,True,35,bartlett,1,264952.0,0.4668348941508319
dr_geography_anticipation1,2024,2017,-7,1249.403792661893,216.4213109095892,275817,50000000,True,35,bartlett,1,264952.0,0.4668348941508319
dr_geography_anticipation1,2024,2018,-6,253.73776843743906,142.3103715787805,275817,50000000,True,35,bartlett,1,264952.0,0.4668348941508319
dr_geography_anticipation1,2024,2019,-5,-43.61409496582047,110.4490428522569,275817,50000000,True,35,bartlett,1,264952.0,0.4668348941508319
dr_geography_anticipation1,2024,2020,-4,59.75889799685342,184.27031987504503,275817,50000000,True,35,bartlett,1,264952.0,0.4668348941508319
dr_geography_anticipation1,2024,2021,-3,-148.2277979230953,121.9254963209253,275817,50000000,True,35,bartlett,1,264952.0,0.4668348941508319
dr_geography_anticipation1,2024,2022,-2,0.0,0.0,275817,50000000,True,35,bartlett,1,264952.0,0.4668348941508319
dr_geography_anticipation1,2024,2023,-1,209.7205960192311,110.5777361552992,275817,50000000,True,35,bartlett,1,264952.0,0.4668348941508319
dr_geography_anticipation1,2024,2024,0,-92.34171964284707,92.18850609417618,275817,50000000,True,35,bartlett,1,264952.0,0.4668348941508319
dr_geography_anticipation1,2024,2025,1,-195.43672753670774,90.40729160262548,275817,50000000,True,35,bartlett,1,264952.0,0.4668348941508319
dr_geography_anticipation1,2025,2002,-23,-175.34424100227167,241.6314345196246,267802,50000000,True,35,bartlett,1,264952.0,0.9431669666395321
dr_geography_anticipation1,2025,2003,-22,1127.2590568079108,237.13458073068918,267802,50000000,True,35,bartlett,1,264952.0,0.9431669666395321
dr_geography_anticipation1,2025,2004,-21,922.1177887116895,246.8945466036139,267802,50000000,True,35,bartlett,1,264952.0,0.9431669666395321
dr_geography_anticipation1,2025,2005,-20,930.7834535764323,255.95072905475814,267802,50000000,True,35,bartlett,1,264952.0,0.9431669666395321
dr_geography_anticipation1,2025,2006,-19,2404.9762388139866,296.3226504549976,267802,50000000,True,35,bartlett,1,264952.0,0.9431669666395321
dr_geography_anticipation1,2025,2007,-18,441.31511675344717,338.2653829159028,267802,50000000,True,35,bartlett,1,264952.0,0.9431669666395321
dr_geography_anticipation1,2025,2008,-17,380.3203374026383,267.11998101936723,267802,50000000,True,35,bartlett,1,264952.0,0.9431669666395321
dr_geography_anticipation1,2025,2009,-16,604.1610719760668,248.6919742270883,267802,50000000,True,35,bartlett,1,264952.0,0.9431669666395321
dr_geography_anticipation1,2025,2010,-15,1249.5948078662525,272.1927235224016,267802,50000000,True,35,bartlett,1,264952.0,0.9431669666395321
dr_geography_anticipation1,2025,2011,-14,1990.5202947465446,298.4453889104407,267802,50000000,True,35,bartlett,1,264952.0,0.9431669666395321
dr_geography_anticipation1,2025,2012,-13,715.9271357185071,227.51974462148232,267802,50000000,True,35,bartlett,1,264952.0,0.9431669666395321
dr_geography_anticipation1,2025,2013,-12,-332.04484970683075,224.43972883818125,267802,50000000,True,35,bartlett,1,264952.0,0.9431669666395321
dr_geography_anticipation1,2025,2014,-11,-326.2976692311171,214.69574653545317,267802,50000000,True,35,bartlett,1,264952.0,0.9431669666395321
dr_geography_anticipation1,2025,2015,-10,-385.39742484396845,189.13885971400734,267802,50000000,True,35,bartlett,1,264952.0,0.9431669666395321
dr_geography_anticipation1,2025,2016,-9,765.5771152278676,249.99480909219307,267802,50000000,True,35,bartlett,1,264952.0,0.9431669666395321
dr_geography_anticipation1,2025,2017,-8,-717.1401080015876,326.1625350012749,267802,50000000,True,35,bartlett,1,264952.0,0.9431669666395321
dr_geography_anticipation1,2025,2018,-7,470.52523963486107,316.4722761902936,267802,50000000,True,35,bartlett,1,264952.0,0.9431669666395321
dr_geography_anticipation1,2025,2019,-6,390.2828181036353,297.0109725777485,267802,50000000,True,35,bartlett,1,264952.0,0.9431669666395321
dr_geography_anticipation1,2025,2020,-5,-996.2942161011357,306.03436550412107,267802,50000000,True,35,bartlett,1,264952.0,0.9431669666395321
dr_geography_anticipation1,2025,2021,-4,-941.4307066518991,226.45982535178663,267802,50000000,True,35,bartlett,1,264952.0,0.9431669666395321
dr_geography_anticipation1,2025,2022,-3,278.61607893828017,291.9453601313773,267802,50000000,True,35,bartlett,1,264952.0,0.9431669666395321
dr_geography_anticipation1,2025,2023,-2,0.0,0.0,267802,50000000,True,35,bartlett,1,264952.0,0.9431669666395321
dr_geography_anticipation1,2025,2024,-1,-487.81468856742447,177.07722173576715,267802,50000000,True,35,bartlett,1,264952.0,0.9431669666395321
dr_geography_anticipation1,2025,2025,0,-477.67986072433456,201.29554596685435,267802,50000000,True,35,bartlett,1,264952.0,0.9431669666395321
