cohort_year,year,event_time,ring,reference_ring,att,se,n_exposed,n_reference,exposed_delta_mean,reference_delta_mean
2002,2001,-1,0_5km,gt_50km,0.0,0.0,3524,466213,0.0,0.0
2002,2001,-1,5_10km,gt_50km,0.0,0.0,4456,466213,0.0,0.0
2002,2001,-1,10_25km,gt_50km,0.0,0.0,18496,466213,0.0,0.0
2002,2001,-1,25_50km,gt_50km,0.0,0.0,44684,466213,0.0,0.0
2002,2002,0,0_5km,gt_50km,319.1801082356854,87.09412959582683,3524,466213,112.16170550323432,-207.01840273245108
2002,2002,0,5_10km,gt_50km,-98.55974322376903,94.88873158285098,4456,466213,-305.5781459562201,-207.01840273245108
2002,2002,0,10_25km,gt_50km,-372.46179669682914,65.49817219166523,18496,466213,-579.4801994292802,-207.01840273245108
2002,2002,0,25_50km,gt_50km,-280.4946422536935,42.95461679633768,44684,466213,-487.51304498614456,-207.01840273245108
2002,2003,1,0_5km,gt_50km,264.0598049310993,80.38573967271938,3524,463576,-361.0229192066398,-625.0827241377391
2002,2003,1,5_10km,gt_50km,-28.52450791796798,77.58020668767287,4456,463576,-653.6072320557071,-625.0827241377391
2002,2003,1,10_25km,gt_50km,-460.9235705385023,62.87677218339965,18496,463576,-1086.0062946762414,-625.0827241377391
2002,2003,1,25_50km,gt_50km,-663.6321142474532,39.79274211409243,44649,463576,-1288.7148383851923,-625.0827241377391
2002,2004,2,0_5km,gt_50km,370.38155755755577,112.76190643220909,3509,463572,546.8953999660231,176.51384240846735
2002,2004,2,5_10km,gt_50km,-429.6864362478339,85.98773195176616,4456,463572,-253.17259383936656,176.51384240846735
2002,2004,2,10_25km,gt_50km,-578.4030733555859,73.43690754981915,18491,463572,-401.8892309471185,176.51384240846735
2002,2004,2,25_50km,gt_50km,-434.8136793208772,49.39390870354311,44641,463572,-258.29983691240983,176.51384240846735
2002,2005,3,0_5km,gt_50km,181.66553444160985,98.75929371431197,3509,435516,78.5285015432486,-103.13703289836124
2002,2005,3,5_10km,gt_50km,-266.38215301124603,86.98261465425743,4456,435516,-369.5191859096073,-103.13703289836124
2002,2005,3,10_25km,gt_50km,-480.6257836922214,74.62730099005128,18485,435516,-583.7628165905826,-103.13703289836124
2002,2005,3,25_50km,gt_50km,-475.26816499495317,44.65728890740085,44614,435516,-578.4051978933144,-103.13703289836124
2002,2006,4,0_5km,gt_50km,234.16518564654848,92.5544377097638,3509,418997,8.478419636175925,-225.68676601037257
2002,2006,4,5_10km,gt_50km,-96.29328862983252,92.30499126937093,4456,418997,-321.9800546402051,-225.68676601037257
2002,2006,4,10_25km,gt_50km,-509.866195219204,69.37450183063469,18482,418997,-735.5529612295766,-225.68676601037257
2002,2006,4,25_50km,gt_50km,-457.48007295303694,44.81056225527965,44344,418997,-683.1668389634095,-225.68676601037257
2002,2007,5,0_5km,gt_50km,-293.2430774190115,116.10025534667291,3239,403506,259.3844937295606,552.6275711485721
2002,2007,5,5_10km,gt_50km,-403.96767142917224,140.59825533943692,4171,403506,148.65989971939982,552.6275711485721
2002,2007,5,10_25km,gt_50km,-620.5338846162241,88.14390593036097,17890,403506,-67.906313467652,552.6275711485721
2002,2007,5,25_50km,gt_50km,-622.019863429335,55.394207101690434,43831,403506,-69.39229228076299,552.6275711485721
2002,2008,6,0_5km,gt_50km,-357.79856245239966,108.42949515540683,3239,368702,137.58375488356623,495.38231733596587
2002,2008,6,5_10km,gt_50km,-571.9560459771129,115.53905976218945,4171,368702,-76.57372864114703,495.38231733596587
2002,2008,6,10_25km,gt_50km,-895.322012744788,77.4721718511378,17890,368702,-399.93969540882216,495.38231733596587
2002,2008,6,25_50km,gt_50km,-1015.7797990120405,50.599977821998024,43732,368702,-520.3974816760746,495.38231733596587
2002,2009,7,0_5km,gt_50km,139.1677401044544,112.19847811629892,3237,332046,310.4390312476131,171.27129114315872
2002,2009,7,5_10km,gt_50km,-46.66720565144176,112.69960598494725,4170,332046,124.60408549171696,171.27129114315872
2002,2009,7,10_25km,gt_50km,-35.69176552552585,89.3104012874685,17866,332046,135.57952561763287,171.27129114315872
2002,2009,7,25_50km,gt_50km,158.90643484034243,59.47786933974309,43619,332046,330.17772598350115,171.27129114315872
2002,2010,8,0_5km,gt_50km,325.84454151841646,116.88889496486803,3237,319552,249.4889031888773,-76.35563832953915
2002,2010,8,5_10km,gt_50km,-168.0259499640493,98.58756416777624,4170,319552,-244.38158829358844,-76.35563832953915
2002,2010,8,10_25km,gt_50km,-621.4781501240797,69.50995998752668,17865,319552,-697.8337884536188,-76.35563832953915
2002,2010,8,25_50km,gt_50km,-471.6479510144952,48.09034429312811,43619,319552,-548.0035893440344,-76.35563832953915
2003,2001,-2,0_5km,gt_50km,930.7476905388065,418.3217194641706,819,474059,1132.9337968083203,202.18610626951377
2003,2001,-2,5_10km,gt_50km,1945.3622427173345,311.0423724231966,1612,474059,2147.5483489868484,202.18610626951377
2003,2001,-2,10_25km,gt_50km,1199.688992353199,108.92430045391518,10369,474059,1401.8750986227128,202.18610626951377
2003,2001,-2,25_50km,gt_50km,108.84034630061475,40.256605953293764,31063,474059,311.0264525701285,202.18610626951377
2003,2002,-1,0_5km,gt_50km,0.0,0.0,819,463576,0.0,0.0
2003,2002,-1,5_10km,gt_50km,0.0,0.0,1612,463576,0.0,0.0
2003,2002,-1,10_25km,gt_50km,0.0,0.0,10369,463576,0.0,0.0
2003,2002,-1,25_50km,gt_50km,0.0,0.0,31063,463576,0.0,0.0
2003,2003,0,0_5km,gt_50km,-361.23658178528274,328.17253107135605,819,463576,-779.9752479103704,-418.73866612508766
2003,2003,0,5_10km,gt_50km,74.27130420019421,122.10404033156115,1612,463576,-344.46736192489345,-418.73866612508766
2003,2003,0,10_25km,gt_50km,228.12772497954535,95.00657626651747,10369,463576,-190.6109411455423,-418.73866612508766
2003,2003,0,25_50km,gt_50km,-169.63447054186122,36.971058279097434,31063,463576,-588.3731366669489,-418.73866612508766
2003,2004,1,0_5km,gt_50km,-308.54319123471896,341.27098915909914,819,463572,74.32418591034174,382.8673771450607
2003,2004,1,5_10km,gt_50km,490.6034468154015,198.01608965326307,1609,463572,873.4708239604622,382.8673771450607
2003,2004,1,10_25km,gt_50km,108.98694613705197,101.2782813806281,10364,463572,491.85432328211266,382.8673771450607
2003,2004,1,25_50km,gt_50km,-89.22782974838452,44.74722705641237,31051,463572,293.63954739667616,382.8673771450607
2003,2005,2,0_5km,gt_50km,-426.3385837278641,359.892314355313,816,435516,-379.2313133729599,47.10727035490418
2003,2005,2,5_10km,gt_50km,644.8697545316828,298.1704133686653,1609,435516,691.977024886587,47.10727035490418
2003,2005,2,10_25km,gt_50km,58.05776918050396,110.20724415732215,10360,435516,105.16503953540814,47.10727035490418
2003,2005,2,25_50km,gt_50km,-45.16138964489484,41.977012367435286,30888,435516,1.94588071000934,47.10727035490418
2003,2006,3,0_5km,gt_50km,-463.9819221224593,324.9823037547912,809,418997,-622.3191488615433,-158.33722673908406
2003,2006,3,5_10km,gt_50km,751.2016390552063,287.44763545912906,1590,418997,592.8644123161223,-158.33722673908406
2003,2006,3,10_25km,gt_50km,401.7922459007048,99.48685186350087,10352,418997,243.45501916162075,-158.33722673908406
2003,2006,3,25_50km,gt_50km,425.996365579918,48.360117677724865,30882,418997,267.659138840834,-158.33722673908406
2003,2007,4,0_5km,gt_50km,-1041.4666706755402,352.3488987869531,809,403506,-481.1953355826769,560.2713350928632
2003,2007,4,5_10km,gt_50km,-178.33350381806065,152.238494036561,1590,403506,381.93783127480253,560.2713350928632
2003,2007,4,10_25km,gt_50km,-563.3198299521468,86.68108403064707,10344,403506,-3.048494859283623,560.2713350928632
2003,2007,4,25_50km,gt_50km,-473.3175934425172,49.63771972209143,30841,403506,86.95374165034598,560.2713350928632
2003,2008,5,0_5km,gt_50km,-757.732951254047,366.9502866269103,809,368702,-282.3152209152827,475.4177303387643
2003,2008,5,5_10km,gt_50km,-443.0275682489892,148.99715977101476,1590,368702,32.39016208977505,475.4177303387643
2003,2008,5,10_25km,gt_50km,-407.43804878097535,119.40668481148847,10344,368702,67.9796815577889,475.4177303387643
2003,2008,5,25_50km,gt_50km,-411.01439031480794,47.70516631561375,30820,368702,64.40334002395633,475.4177303387643
2003,2009,6,0_5km,gt_50km,44.64100548339124,358.25656092635427,789,332046,185.894672386082,141.25366690269075
2003,2009,6,5_10km,gt_50km,674.9383234806855,165.26981919396147,1574,332046,816.1919903833763,141.25366690269075
2003,2009,6,10_25km,gt_50km,689.2883966946993,118.36145062634388,10342,332046,830.54206359739,141.25366690269075
2003,2009,6,25_50km,gt_50km,631.1970240529953,56.74534626366372,30740,332046,772.450690955686,141.25366690269075
2003,2010,7,0_5km,gt_50km,-404.03196287921094,354.5418240681832,789,319552,-529.7367297387246,-125.70476685951368
2003,2010,7,5_10km,gt_50km,-6.314647084282768,130.60723711296626,1574,319552,-132.01941394379645,-125.70476685951368
2003,2010,7,10_25km,gt_50km,-8.02687607443113,85.1168021651628,10342,319552,-133.7316429339448,-125.70476685951368
2003,2010,7,25_50km,gt_50km,8.603302585569224,42.76758733855071,30704,319552,-117.10146427394446,-125.70476685951368
2003,2011,8,0_5km,gt_50km,1087.6530234485494,615.3308851789545,771,288418,929.9241913016424,-157.72883214690717
2003,2011,8,5_10km,gt_50km,1144.3523907260644,289.53076249419877,1511,288418,986.6235585791572,-157.72883214690717
2003,2011,8,10_25km,gt_50km,796.3301283195985,113.44543613978826,10222,288418,638.6012961726914,-157.72883214690717
2003,2011,8,25_50km,gt_50km,655.5354339039789,52.34563485230096,29414,288418,497.8066017570717,-157.72883214690717
2004,2001,-3,0_5km,gt_50km,2456.3524164768287,504.03036850952964,883,475566,3094.767374199838,638.4149577230094
2004,2001,-3,5_10km,gt_50km,1675.4806261192982,230.30208550066268,2045,475566,2313.8955838423076,638.4149577230094
2004,2001,-3,10_25km,gt_50km,1281.131703741013,101.60980190867792,12009,475566,1919.5466614640225,638.4149577230094
2004,2001,-3,25_50km,gt_50km,730.8028579020317,58.243435793850644,32693,475566,1369.217815625041,638.4149577230094
2004,2002,-2,0_5km,gt_50km,737.0263738034989,370.01493344299143,883,465083,1155.4295829962869,418.4032091927879
2004,2002,-2,5_10km,gt_50km,848.0291093059386,209.26642945503085,2045,465083,1266.4323184987265,418.4032091927879
2004,2002,-2,10_25km,gt_50km,337.4191104115906,73.19562647727601,12009,465083,755.8223196043785,418.4032091927879
2004,2002,-2,25_50km,gt_50km,381.9174789770407,51.95654596925806,32693,465083,800.3206881698286,418.4032091927879
2004,2003,-1,0_5km,gt_50km,0.0,0.0,883,463572,0.0,0.0
2004,2003,-1,5_10km,gt_50km,0.0,0.0,2045,463572,0.0,0.0
2004,2003,-1,10_25km,gt_50km,0.0,0.0,12009,463572,0.0,0.0
2004,2003,-1,25_50km,gt_50km,0.0,0.0,32693,463572,0.0,0.0
2004,2004,0,0_5km,gt_50km,-277.4066439075018,283.8215494639438,883,463572,524.1972403427048,801.6038842502066
2004,2004,0,5_10km,gt_50km,53.02500607312595,203.69368068177732,2045,463572,854.6288903233326,801.6038842502066
2004,2004,0,10_25km,gt_50km,-376.7303836420881,75.46060347620353,12009,463572,424.87350060811855,801.6038842502066
2004,2004,0,25_50km,gt_50km,139.68750659305465,54.89524356150116,32693,463572,941.2913908432613,801.6038842502066
2004,2005,1,0_5km,gt_50km,-1026.4238044197748,246.1416493881774,879,435516,-516.6653802932587,509.758424126516
2004,2005,1,5_10km,gt_50km,-310.9648446865813,169.74635803097803,2045,435516,198.79357943993472,509.758424126516
2004,2005,1,10_25km,gt_50km,-123.78446448056644,77.76574161482037,12004,435516,385.97395964594955,509.758424126516
2004,2005,1,25_50km,gt_50km,191.10733890361684,59.46520157055906,32661,435516,700.8657630301328,509.758424126516
2004,2006,2,0_5km,gt_50km,545.8150668756142,383.94837558745786,879,418997,853.9601934693416,308.14512659372735
2004,2006,2,5_10km,gt_50km,311.89188723349605,188.28457058705794,2037,418997,620.0370138272234,308.14512659372735
2004,2006,2,10_25km,gt_50km,189.19859853981154,77.09557882985112,11982,418997,497.3437251335389,308.14512659372735
2004,2006,2,25_50km,gt_50km,584.3662745786677,58.17157078398985,32631,418997,892.511401172395,308.14512659372735
2004,2007,3,0_5km,gt_50km,1101.1818815605986,438.6393620450908,879,403506,2143.9826790300317,1042.800797469433
2004,2007,3,5_10km,gt_50km,1636.2885398368828,287.25494639299666,2037,403506,2679.089337306316,1042.800797469433
2004,2007,3,10_25km,gt_50km,-37.2683479944709,94.07988897901316,11980,403506,1005.5324494749622,1042.800797469433
2004,2007,3,25_50km,gt_50km,-309.9853589153073,55.37601780718543,32597,403506,732.8154385541258,1042.800797469433
2004,2008,4,0_5km,gt_50km,-454.54647975426644,453.86068862476225,879,368702,512.7154525630555,967.2619323173219
2004,2008,4,5_10km,gt_50km,-887.1329162686673,171.86688449053648,2037,368702,80.12901604865463,967.2619323173219
2004,2008,4,10_25km,gt_50km,-749.4825951665852,73.80161161572478,11964,368702,217.77933715073678,967.2619323173219
2004,2008,4,25_50km,gt_50km,-331.8952611113549,60.601634861703545,32559,368702,635.366671205967,967.2619323173219
2004,2009,5,0_5km,gt_50km,857.8565421395334,418.95962015910453,871,332046,1519.1664602463482,661.3099181068147
2004,2009,5,5_10km,gt_50km,1112.803661703253,316.4784377749908,2019,332046,1774.113579810068,661.3099181068147
2004,2009,5,10_25km,gt_50km,739.4771538369765,98.84274235451109,11958,332046,1400.7870719437913,661.3099181068147
2004,2009,5,25_50km,gt_50km,1274.3125700747632,74.21870849939667,32337,332046,1935.6224881815779,661.3099181068147
2004,2010,6,0_5km,gt_50km,-143.6663909508888,272.56265482512816,871,319552,274.31549906677947,417.98189001766826
2004,2010,6,5_10km,gt_50km,-29.333100047331982,166.90938717696275,2019,319552,388.6487899703363,417.98189001766826
2004,2010,6,10_25km,gt_50km,-54.63688446220459,73.42325196946202,11942,319552,363.3450055554637,417.98189001766826
2004,2010,6,25_50km,gt_50km,292.24868889752537,54.97859994578749,32334,319552,710.2305789151936,417.98189001766826
2004,2011,7,0_5km,gt_50km,323.64150910087574,354.3617434828175,871,288418,736.8126474890553,413.17113838817954
2004,2011,7,5_10km,gt_50km,233.85801404837719,201.63208089838372,1990,288418,647.0291524365567,413.17113838817954
2004,2011,7,10_25km,gt_50km,134.1965663025709,87.9897050964493,11455,288418,547.3677046907504,413.17113838817954
2004,2011,7,25_50km,gt_50km,796.2499362671476,62.78392349960196,31578,288418,1209.4210746553272,413.17113838817954
2004,2012,8,0_5km,gt_50km,421.5997053851215,297.1871867482149,871,281274,962.580136587449,540.9804312023275
2004,2012,8,5_10km,gt_50km,150.81365349440694,180.64840540540993,1990,281274,691.7940846967344,540.9804312023275
2004,2012,8,10_25km,gt_50km,463.915825346574,77.01788351369781,11450,281274,1004.8962565489015,540.9804312023275
2004,2012,8,25_50km,gt_50km,1031.9994392470564,64.13712836176934,31576,281274,1572.979870449384,540.9804312023275
2005,2001,-4,0_5km,gt_50km,-80.37817686456796,202.02404722989127,3918,447312,-250.95685276549668,-170.57867590092872
2005,2001,-4,5_10km,gt_50km,453.63965813035514,143.7946504281161,6216,447312,283.06098222942643,-170.57867590092872
2005,2001,-4,10_25km,gt_50km,333.2034149309901,76.29991061381308,31121,447312,162.62473903006136,-170.57867590092872
2005,2001,-4,25_50km,gt_50km,29.1915789800791,55.89952580916489,77858,447312,-141.38709692084961,-170.57867590092872
2005,2002,-3,0_5km,gt_50km,365.1527503186706,204.02678710730808,3918,437319,27.74258606294857,-337.410164255722
2005,2002,-3,5_10km,gt_50km,426.19679089992536,159.9091230014805,6216,437319,88.78662664420335,-337.410164255722
2005,2002,-3,10_25km,gt_50km,-376.1266742524418,69.02969228881493,31121,437319,-713.5368385081638,-337.410164255722
2005,2002,-3,25_50km,gt_50km,-718.0306576772302,51.742519893834306,77858,437319,-1055.4408219329523,-337.410164255722
2005,2003,-2,0_5km,gt_50km,-108.14169664434678,199.05988733729208,3918,435520,-908.3904471645246,-800.2487505201779
2005,2003,-2,5_10km,gt_50km,-322.391774486833,131.82419279769195,6216,435520,-1122.6405250070109,-800.2487505201779
2005,2003,-2,10_25km,gt_50km,-331.887305515707,67.44583542640623,31121,435520,-1132.1360560358848,-800.2487505201779
2005,2003,-2,25_50km,gt_50km,-407.95014962262906,51.493530621586956,77858,435520,-1208.198900142807,-800.2487505201779
2005,2004,-1,0_5km,gt_50km,0.0,0.0,3918,435516,0.0,0.0
2005,2004,-1,5_10km,gt_50km,0.0,0.0,6216,435516,0.0,0.0
2005,2004,-1,10_25km,gt_50km,0.0,0.0,31121,435516,0.0,0.0
2005,2004,-1,25_50km,gt_50km,0.0,0.0,77858,435516,0.0,0.0
2005,2005,0,0_5km,gt_50km,-32.76742003318731,196.04470358981533,3918,435516,-323.2507601478502,-290.4833401146629
2005,2005,0,5_10km,gt_50km,170.82405616939866,140.6425601076403,6216,435516,-119.65928394526425,-290.4833401146629
2005,2005,0,10_25km,gt_50km,-112.20612119600412,68.4286018771505,31121,435516,-402.689461310667,-290.4833401146629
2005,2005,0,25_50km,gt_50km,-298.2342969447938,53.97738402643647,77858,435516,-588.7176370594567,-290.4833401146629
2005,2006,1,0_5km,gt_50km,-143.50787772465344,198.11885892791173,3914,418997,-549.2035834180109,-405.69570569335747
2005,2006,1,5_10km,gt_50km,203.1937089691959,160.04667908475793,6196,418997,-202.50199672416156,-405.69570569335747
2005,2006,1,10_25km,gt_50km,-110.54389592582413,78.9225435894486,31108,418997,-516.2396016191816,-405.69570569335747
2005,2006,1,25_50km,gt_50km,-435.009153942677,57.05434663068933,77816,418997,-840.7048596360345,-405.69570569335747
2005,2007,2,0_5km,gt_50km,-1026.0820482222525,211.00736877683693,3594,403506,-718.0110521935079,308.0709960287447
2005,2007,2,5_10km,gt_50km,-438.5325765209824,182.8889745781408,6006,403506,-130.46158049223774,308.0709960287447
2005,2007,2,10_25km,gt_50km,-866.2649117629599,77.00440455545193,30915,403506,-558.1939157342151,308.0709960287447
2005,2007,2,25_50km,gt_50km,-805.9216110143735,60.2328158284113,76877,403506,-497.85061498562885,308.0709960287447
2005,2008,3,0_5km,gt_50km,-805.7736200358208,198.1671732886525,3546,368702,-525.0402440329091,280.7333760029118
2005,2008,3,5_10km,gt_50km,-321.4922658391185,157.7526950971974,5963,368702,-40.75888983620667,280.7333760029118
2005,2008,3,10_25km,gt_50km,-729.7641683011027,79.73578600114583,30711,368702,-449.03079229819093,280.7333760029118
2005,2008,3,25_50km,gt_50km,-987.4455144340527,59.68645356117559,76569,368702,-706.7121384311408,280.7333760029118
2005,2009,4,0_5km,gt_50km,-133.72477722728283,199.76334229632533,3539,332046,-176.38532703048537,-42.66054980320254
2005,2009,4,5_10km,gt_50km,180.88403014118572,169.16812913711405,5962,332046,138.22348033798318,-42.66054980320254
2005,2009,4,10_25km,gt_50km,-211.76414244941856,74.67030833434364,30351,332046,-254.4246922526211,-42.66054980320254
2005,2009,4,25_50km,gt_50km,-241.40682073913243,61.36432636448806,76249,332046,-284.06737054233497,-42.66054980320254
2005,2010,5,0_5km,gt_50km,-40.501142462997564,210.12990637057828,3539,319552,-342.41298255468735,-301.9118400916898
2005,2010,5,5_10km,gt_50km,75.37167511284068,146.82025804402883,5962,319552,-226.5401649788491,-301.9118400916898
2005,2010,5,10_25km,gt_50km,-340.2055366460654,72.19800856769913,30303,319552,-642.1173767377552,-301.9118400916898
2005,2010,5,25_50km,gt_50km,-651.3196586933262,55.31901178583481,75849,319552,-953.231498785016,-301.9118400916898
2005,2011,6,0_5km,gt_50km,85.61427130976938,237.05829308778274,3434,288418,-232.54391761921,-318.15818892897937
2005,2011,6,5_10km,gt_50km,267.5399177310924,165.55264737037638,5787,288418,-50.618271197887,-318.15818892897937
2005,2011,6,10_25km,gt_50km,-279.2974250696657,74.17709514911353,29592,288418,-597.455613998645,-318.15818892897937
2005,2011,6,25_50km,gt_50km,-839.2001741961847,57.121185719390844,75262,288418,-1157.358363125164,-318.15818892897937
2005,2012,7,0_5km,gt_50km,1132.4053555703822,220.94482185760936,3434,281274,934.4781805036076,-197.92717506677465
2005,2012,7,5_10km,gt_50km,1705.9291523822033,196.49523889602492,5786,281274,1508.0019773154286,-197.92717506677465
2005,2012,7,10_25km,gt_50km,789.7878656303428,77.73168525639183,29592,281274,591.8606905635681,-197.92717506677465
2005,2012,7,25_50km,gt_50km,-187.54856580545388,58.73930966064751,75080,281274,-385.4757408722285,-197.92717506677465
2005,2013,8,0_5km,gt_50km,-820.9498829476295,228.72042694927794,3434,279630,-1176.0204733402213,-355.07059039259184
2005,2013,8,5_10km,gt_50km,-682.8536997763138,158.22478365154183,5786,279630,-1037.9242901689056,-355.07059039259184
2005,2013,8,10_25km,gt_50km,-985.0590122327449,68.64591270458966,29592,279630,-1340.1296026253367,-355.07059039259184
2005,2013,8,25_50km,gt_50km,-1435.5380162413965,56.12835975022594,75073,279630,-1790.6086066339883,-355.07059039259184
2006,2001,-5,0_5km,gt_50km,566.0608877496747,440.73475682574576,2670,454923,672.2010904712142,106.14020272153942
2006,2001,-5,5_10km,gt_50km,835.0215183552168,346.1899739827976,4656,454923,941.1617210767563,106.14020272153942
2006,2001,-5,10_25km,gt_50km,617.2970653722066,113.41232133153937,23813,454923,723.437268093746,106.14020272153942
2006,2001,-5,25_50km,gt_50km,944.4071666607717,50.706618997761524,69871,454923,1050.5473693823112,106.14020272153942
2006,2002,-4,0_5km,gt_50km,-1438.0880117966487,414.5557648479998,2670,444440,-1449.0635205901074,-10.975508793458596
2006,2002,-4,5_10km,gt_50km,-466.88158165968764,344.8955733386775,4656,444440,-477.8570904531462,-10.975508793458596
2006,2002,-4,10_25km,gt_50km,-556.3580628619258,104.7348831375145,23813,444440,-567.3335716553844,-10.975508793458596
2006,2002,-4,25_50km,gt_50km,-297.8826101724942,44.16537559062982,69871,444440,-308.85811896595277,-10.975508793458596
2006,2003,-3,0_5km,gt_50km,-1541.929129260042,439.50894520360856,2670,443332,-1964.0921758744998,-422.1630466144578
2006,2003,-3,5_10km,gt_50km,-842.4487635140571,331.6930772903738,4656,443332,-1264.611810128515,-422.1630466144578
2006,2003,-3,10_25km,gt_50km,-765.9670554529436,102.50678897596069,23813,443332,-1188.1301020674014,-422.1630466144578
2006,2003,-3,25_50km,gt_50km,-344.63244322497485,41.02502036725844,69871,443332,-766.7954898394327,-422.1630466144578
2006,2004,-2,0_5km,gt_50km,164.25192186048935,458.1534529473605,2670,443332,449.28287211606727,285.0309502555779
2006,2004,-2,5_10km,gt_50km,-28.139241964527002,328.4889187547146,4656,443332,256.8917082910509,285.0309502555779
2006,2004,-2,10_25km,gt_50km,203.77393093401594,114.80685213728258,23813,443332,488.80488118959386,285.0309502555779
2006,2004,-2,25_50km,gt_50km,240.93896878663605,49.1162808838465,69871,443332,525.969919042214,285.0309502555779
2006,2005,-1,0_5km,gt_50km,0.0,0.0,2670,418997,0.0,0.0
2006,2005,-1,5_10km,gt_50km,0.0,0.0,4656,418997,0.0,0.0
2006,2005,-1,10_25km,gt_50km,0.0,0.0,23813,418997,0.0,0.0
2006,2005,-1,25_50km,gt_50km,0.0,0.0,69871,418997,0.0,0.0
2006,2006,0,0_5km,gt_50km,233.13653369720663,520.7192554893072,2670,418997,97.74800676938385,-135.38852692782277
2006,2006,0,5_10km,gt_50km,788.2866418621516,362.6895925775658,4656,418997,652.8981149343288,-135.38852692782277
2006,2006,0,10_25km,gt_50km,-169.9407681435474,106.53690895899169,23813,418997,-305.32929507137015,-135.38852692782277
2006,2006,0,25_50km,gt_50km,307.921399058175,48.16422299008027,69871,418997,172.53287213035222,-135.38852692782277
2006,2007,1,0_5km,gt_50km,-1661.7394774154154,457.3522763256326,2648,403506,-1076.5753834791942,585.1640939362212
2006,2007,1,5_10km,gt_50km,-895.028920303864,363.71276352838214,4615,403506,-309.8648263676427,585.1640939362212
2006,2007,1,10_25km,gt_50km,-1131.8762713674287,112.67596940452322,23432,403506,-546.7121774312075,585.1640939362212
2006,2007,1,25_50km,gt_50km,-347.91513902017226,55.72359826070102,69286,403506,237.24895491604894,585.1640939362212
2006,2008,2,0_5km,gt_50km,-1847.9289593343926,431.92953144706524,2648,368702,-1335.810295210557,512.1186641238357
2006,2008,2,5_10km,gt_50km,-792.0301190643189,359.7782480587499,4587,368702,-279.91145494048317,512.1186641238357
2006,2008,2,10_25km,gt_50km,-844.1990254580494,117.67975859498624,23186,368702,-332.0803613342137,512.1186641238357
2006,2008,2,25_50km,gt_50km,-356.4480212766636,53.90723877734822,68982,368702,155.67064284717213,512.1186641238357
2006,2009,3,0_5km,gt_50km,-289.6983853312283,495.8067396346177,2562,332046,-116.00325424914438,173.6951310820839
2006,2009,3,5_10km,gt_50km,174.90478371479765,361.4852921561144,4505,332046,348.59991479688154,173.6951310820839
2006,2009,3,10_25km,gt_50km,426.964688895756,127.283451514907,22929,332046,600.6598199778399,173.6951310820839
2006,2009,3,25_50km,gt_50km,672.0419172511434,57.885574128298806,68155,332046,845.7370483332273,173.6951310820839
2006,2010,4,0_5km,gt_50km,-9.832445928590786,533.20450736702,2561,319552,-89.59873944221899,-79.7662935136282
2006,2010,4,5_10km,gt_50km,145.2918128989412,348.5043868281118,4466,319552,65.52551938531302,-79.7662935136282
2006,2010,4,10_25km,gt_50km,-187.4528193048442,119.40780826189621,22906,319552,-267.2191128184724,-79.7662935136282
2006,2010,4,25_50km,gt_50km,182.5162298849162,52.60257004745294,67948,319552,102.74993637128802,-79.7662935136282
2006,2011,5,0_5km,gt_50km,312.83526536853043,505.53353109527166,2561,288418,194.27762813566778,-118.55763723286265
2006,2011,5,5_10km,gt_50km,599.2159271389069,370.6728009943848,4466,288418,480.6582899060443,-118.55763723286265
2006,2011,5,10_25km,gt_50km,164.48563343957974,122.55214331702679,22810,288418,45.9279962067171,-118.55763723286265
2006,2011,5,25_50km,gt_50km,49.23328052198464,52.79392956954071,67197,288418,-69.324356710878,-118.55763723286265
2006,2012,6,0_5km,gt_50km,438.9673990609339,514.4798399562237,2561,281274,434.93537539186974,-4.032023669064144
2006,2012,6,5_10km,gt_50km,113.84072359476703,336.11509111384447,4466,281274,109.80869992570288,-4.032023669064144
2006,2012,6,10_25km,gt_50km,-65.46324823997698,112.8518461906444,22797,281274,-69.49527190904112,-4.032023669064144
2006,2012,6,25_50km,gt_50km,538.5456826202561,54.28132218997495,67114,281274,534.5136589511919,-4.032023669064144
2006,2013,7,0_5km,gt_50km,-2219.8998585301865,419.31543105026896,2561,279630,-2381.2230276576483,-161.32316912746188
2006,2013,7,5_10km,gt_50km,-1161.4782886821029,343.6744567962914,4466,279630,-1322.8014578095647,-161.32316912746188
2006,2013,7,10_25km,gt_50km,-1079.766176791509,111.74715307255208,22793,279630,-1241.0893459189708,-161.32316912746188
2006,2013,7,25_50km,gt_50km,-510.66751292152065,49.157523639128506,67024,279630,-671.9906820489825,-161.32316912746188
2006,2014,8,0_5km,gt_50km,-1659.8225899446556,470.2541939217823,2561,274161,-1386.0202981218706,273.8022918227851
2006,2014,8,5_10km,gt_50km,-1270.3214020011137,342.7687628172192,4466,274161,-996.5191101783287,273.8022918227851
2006,2014,8,10_25km,gt_50km,-987.2590251831655,120.2054340068822,22712,274161,-713.4567333603803,273.8022918227851
2006,2014,8,25_50km,gt_50km,-674.4064096192947,54.54229573357611,66854,274161,-400.6041177965096,273.8022918227851
2007,2001,-6,0_5km,gt_50km,1051.86781815426,156.91983443591346,5142,446931,1257.947822820942,206.08000466668193
2007,2001,-6,5_10km,gt_50km,901.3677837571387,136.89927804203973,6936,446931,1107.4477884238206,206.08000466668193
2007,2001,-6,10_25km,gt_50km,916.9986974675659,74.95870380610425,29803,446931,1123.0787021342478,206.08000466668193
2007,2001,-6,25_50km,gt_50km,869.509834436538,46.03035134683862,71971,446931,1075.58983910322,206.08000466668193
2007,2002,-5,0_5km,gt_50km,-131.71409684371255,90.62884130672289,5142,438912,-34.50536534456328,97.20873149914927
2007,2002,-5,5_10km,gt_50km,-240.5487286588687,82.4444144632034,6936,438912,-143.33999715971945,97.20873149914927
2007,2002,-5,10_25km,gt_50km,-228.28109834811085,57.358419356973315,29803,438912,-131.0723668489616,97.20873149914927
2007,2002,-5,25_50km,gt_50km,26.98330629562051,39.58927687125918,71971,438912,124.19203779476977,97.20873149914927
2007,2003,-4,0_5km,gt_50km,5.3576344800965785,85.01022197355317,5142,437332,-313.8247756004573,-319.1824100805539
2007,2003,-4,5_10km,gt_50km,-132.16387279981927,82.00229317979247,6936,437332,-451.34628288037317,-319.1824100805539
2007,2003,-4,10_25km,gt_50km,-202.20659786675316,59.5757200353229,29803,437332,-521.389007947307,-319.1824100805539
2007,2003,-4,25_50km,gt_50km,115.09969581953209,40.228940752808576,71971,437332,-204.0827142610218,-319.1824100805539
2007,2004,-3,0_5km,gt_50km,-383.18570385442473,100.08176744100308,5142,437332,99.67896689195915,482.86467074638387
2007,2004,-3,5_10km,gt_50km,-364.90579423729156,99.79634184618645,6936,437332,117.95887650909232,482.86467074638387
2007,2004,-3,10_25km,gt_50km,-364.74794685883006,64.34994975388157,29803,437332,118.11672388755379,482.86467074638387
2007,2004,-3,25_50km,gt_50km,-23.17693171943648,43.32000558898978,71971,437332,459.6877390269474,482.86467074638387
2007,2005,-2,0_5km,gt_50km,-245.62092829451072,90.9439547253827,5142,416921,-105.02366416776897,140.59726412674175
2007,2005,-2,5_10km,gt_50km,-304.2575091964768,83.44012725875103,6936,416921,-163.66024506973505,140.59726412674175
2007,2005,-2,10_25km,gt_50km,-274.11204831440944,63.10450961364556,29803,416921,-133.5147841876677,140.59726412674175
2007,2005,-2,25_50km,gt_50km,175.769588579155,41.796904474954324,71971,416921,316.36685270589675,140.59726412674175
2007,2006,-1,0_5km,gt_50km,0.0,0.0,5142,403506,0.0,0.0
2007,2006,-1,5_10km,gt_50km,0.0,0.0,6936,403506,0.0,0.0
2007,2006,-1,10_25km,gt_50km,0.0,0.0,29803,403506,0.0,0.0
2007,2006,-1,25_50km,gt_50km,0.0,0.0,71971,403506,0.0,0.0
2007,2007,0,0_5km,gt_50km,-382.90745222022736,102.70313785984295,5142,403506,349.43176685490675,732.3392190751341
2007,2007,0,5_10km,gt_50km,-444.9846276428371,113.5149511483325,6936,403506,287.354591432297,732.3392190751341
2007,2007,0,10_25km,gt_50km,-622.3117527440942,60.38369500064906,29803,403506,110.02746633103992,732.3392190751341
2007,2007,0,25_50km,gt_50km,-73.89477012528619,43.04781994393771,71971,403506,658.4444489498479,732.3392190751341
2007,2008,1,0_5km,gt_50km,-268.80830347277487,114.83487599138004,5139,368702,458.27290299291377,727.0812064656886
2007,2008,1,5_10km,gt_50km,-244.61354658100305,101.90360367256609,6930,368702,482.4676598846856,727.0812064656886
2007,2008,1,10_25km,gt_50km,-324.91674082356127,64.46014315865322,29754,368702,402.16446564212737,727.0812064656886
2007,2008,1,25_50km,gt_50km,-341.75534069320923,43.78057957849599,71943,368702,385.3258657724794,727.0812064656886
2007,2009,2,0_5km,gt_50km,215.2510379699188,124.42791057134342,5139,332046,656.9327465064665,441.6817085365477
2007,2009,2,5_10km,gt_50km,146.50986364376388,111.21384337147366,6918,332046,588.1915721803116,441.6817085365477
2007,2009,2,10_25km,gt_50km,-30.124568669723942,67.78054076892147,29740,332046,411.5571398668238,441.6817085365477
2007,2009,2,25_50km,gt_50km,216.04953659122134,43.565496166160635,71927,332046,657.7312451277691,441.6817085365477
2007,2010,3,0_5km,gt_50km,-192.43951096275043,88.1354718469064,5138,319552,13.082181077917761,205.5216920406682
2007,2010,3,5_10km,gt_50km,-84.69613653518876,93.44926357681534,6917,319552,120.82555550547944,205.5216920406682
2007,2010,3,10_25km,gt_50km,-313.09188037197185,62.52297156509688,29710,319552,-107.57018833130365,205.5216920406682
2007,2010,3,25_50km,gt_50km,-221.50950589333954,38.11542488458279,71903,319552,-15.987813852671328,205.5216920406682
2007,2011,4,0_5km,gt_50km,86.84594422287805,100.58623338085124,5138,288418,291.2821457836104,204.43620156073237
2007,2011,4,5_10km,gt_50km,55.25427088065541,130.71679486760672,6863,288418,259.6904724413878,204.43620156073237
2007,2011,4,10_25km,gt_50km,-201.04632996370998,67.89454843533012,29037,288418,3.3898715970223843,204.43620156073237
2007,2011,4,25_50km,gt_50km,77.95007551011432,42.51830768996039,70807,288418,282.3862770708467,204.43620156073237
2007,2012,5,0_5km,gt_50km,490.8012601078925,120.14738590035428,5138,281274,834.94512395937,344.1438638514775
2007,2012,5,5_10km,gt_50km,682.1298076622217,131.59954392556713,6863,281274,1026.2736715136991,344.1438638514775
2007,2012,5,10_25km,gt_50km,327.8858118955104,68.25081950805865,29037,281274,672.0296757469879,344.1438638514775
2007,2012,5,25_50km,gt_50km,631.8737379878336,46.85565410395423,70528,281274,976.017601839311,344.1438638514775
2007,2013,6,0_5km,gt_50km,-687.9915438954969,86.69044964703114,5138,279630,-498.8332690820908,189.15827481340605
2007,2013,6,5_10km,gt_50km,-527.3228664868312,105.95305865812001,6863,279630,-338.1645916734252,189.15827481340605
2007,2013,6,10_25km,gt_50km,-810.353793682175,62.82053559308925,29000,279630,-621.195518868769,189.15827481340605
2007,2013,6,25_50km,gt_50km,-551.0276396015745,41.11869862371853,70295,279630,-361.86936478816847,189.15827481340605
2007,2014,7,0_5km,gt_50km,-756.3158937277753,99.69369774112646,5100,274161,-128.47758934645782,627.8383043813176
2007,2014,7,5_10km,gt_50km,-762.7218833395909,111.76468585501377,6819,274161,-134.88357895827338,627.8383043813176
2007,2014,7,10_25km,gt_50km,-959.7997855742033,70.03756921897045,28990,274161,-331.96148119288574,627.8383043813176
2007,2014,7,25_50km,gt_50km,-662.4131101808628,45.64275432655797,70154,274161,-34.574805799545224,627.8383043813176
2007,2015,8,0_5km,gt_50km,-688.7615939220021,118.88692435090577,5100,274161,-568.4132607726933,120.34833314930886
2007,2015,8,5_10km,gt_50km,-415.0584419417012,195.61860053688866,6819,274161,-294.7101087923923,120.34833314930886
2007,2015,8,10_25km,gt_50km,-1026.6926349202574,58.34855317155377,28990,274161,-906.3443017709485,120.34833314930886
2007,2015,8,25_50km,gt_50km,-598.3327409173713,40.62131004185035,70154,274161,-477.98440776806245,120.34833314930886
2008,2001,-7,0_5km,gt_50km,658.7483540737563,116.37839901686289,6168,430129,241.03133740933342,-417.71701666442294
2008,2001,-7,5_10km,gt_50km,899.3236079014495,114.84236375540084,8879,430129,481.6065912370265,-417.71701666442294
2008,2001,-7,10_25km,gt_50km,667.7842270589948,68.52282300280403,37257,430129,250.06721039457184,-417.71701666442294
2008,2001,-7,25_50km,gt_50km,581.7963846238363,52.24736598981528,85955,430129,164.07936795941336,-417.71701666442294
2008,2002,-6,0_5km,gt_50km,540.576023670371,125.55068625719571,6168,419631,-34.87139834291967,-575.4474220132906
2008,2002,-6,5_10km,gt_50km,581.1830785653511,123.24621808724365,8879,419631,5.7356565520604486,-575.4474220132906
2008,2002,-6,10_25km,gt_50km,87.21121743408025,64.31247204938185,37257,419631,-488.2362045792104,-575.4474220132906
2008,2002,-6,25_50km,gt_50km,195.3453125470603,50.05049642863435,85955,419631,-380.10210946623033,-575.4474220132906
2008,2003,-5,0_5km,gt_50km,336.6640884152847,108.9961858471535,6168,417935,-649.8965705810461,-986.5606589963309
2008,2003,-5,5_10km,gt_50km,290.54566268692065,100.31771809347899,8879,417935,-696.0149963094102,-986.5606589963309
2008,2003,-5,10_25km,gt_50km,-53.30638441291967,59.40209828688836,37257,417935,-1039.8670434092505,-986.5606589963309
2008,2003,-5,25_50km,gt_50km,104.69037381492944,48.17518338462337,85955,417935,-881.8702851814014,-986.5606589963309
2008,2004,-4,0_5km,gt_50km,722.322930153579,134.07457891233892,6168,417931,465.7411016076419,-256.5818285459371
2008,2004,-4,5_10km,gt_50km,641.2803425458292,126.69507788229988,8879,417931,384.6985139998921,-256.5818285459371
2008,2004,-4,10_25km,gt_50km,472.01879001668806,73.35496633413958,37257,417931,215.43696147075096,-256.5818285459371
2008,2004,-4,25_50km,gt_50km,621.2236432823652,60.30063488991294,85955,417931,364.641814736428,-256.5818285459371
2008,2005,-3,0_5km,gt_50km,564.6246203977271,131.03748427510632,6168,395494,28.60169108904907,-536.022929308678
2008,2005,-3,5_10km,gt_50km,490.24967029164986,107.51109612519338,8879,395494,-45.77325901702821,-536.022929308678
2008,2005,-3,10_25km,gt_50km,141.73946726144044,67.58308874684055,37257,395494,-394.2834620472376,-536.022929308678
2008,2005,-3,25_50km,gt_50km,263.0255017945274,52.35355655914609,85955,395494,-272.9974275141507,-536.022929308678
2008,2006,-2,0_5km,gt_50km,946.5081192000473,119.04054160942651,6168,383675,209.36749121451385,-737.1406279855335
2008,2006,-2,5_10km,gt_50km,971.2436688441733,105.64756930863045,8879,383675,234.10304085863987,-737.1406279855335
2008,2006,-2,10_25km,gt_50km,730.6314880287896,63.97953929135389,37257,383675,-6.509139956743856,-737.1406279855335
2008,2006,-2,25_50km,gt_50km,760.7056358055793,49.84197708610524,85955,383675,23.565007820045825,-737.1406279855335
2008,2007,-1,0_5km,gt_50km,0.0,0.0,6168,368702,0.0,0.0
2008,2007,-1,5_10km,gt_50km,0.0,0.0,8879,368702,0.0,0.0
2008,2007,-1,10_25km,gt_50km,0.0,0.0,37257,368702,0.0,0.0
2008,2007,-1,25_50km,gt_50km,0.0,0.0,85955,368702,0.0,0.0
2008,2008,0,0_5km,gt_50km,-223.39828838325548,104.40714876480355,6168,368702,-260.8147068067047,-37.41641842344921
2008,2008,0,5_10km,gt_50km,-427.83248690567444,98.34133771909451,8879,368702,-465.24890532912366,-37.41641842344921
2008,2008,0,10_25km,gt_50km,-539.0692085391265,62.29587914886242,37257,368702,-576.4856269625757,-37.41641842344921
2008,2008,0,25_50km,gt_50km,-211.05997555314488,49.658362356483075,85955,368702,-248.4763939765941,-37.41641842344921
2008,2009,1,0_5km,gt_50km,539.7819698803876,112.46812526400582,6094,332046,131.66224056113225,-408.1197293192554
2008,2009,1,5_10km,gt_50km,586.9342268284413,108.8027482803957,8845,332046,178.81449750918594,-408.1197293192554
2008,2009,1,10_25km,gt_50km,551.1536245297275,69.1363113427923,37167,332046,143.0338952104721,-408.1197293192554
2008,2009,1,25_50km,gt_50km,724.5963954655263,53.830227825180785,85257,332046,316.4766661462709,-408.1197293192554
2008,2010,2,0_5km,gt_50km,302.5098958445142,101.60745141406392,6050,319552,-385.5391628870169,-688.0490587315311
2008,2010,2,5_10km,gt_50km,393.1917822697908,101.51483645291569,8812,319552,-294.8572764617403,-688.0490587315311
2008,2010,2,10_25km,gt_50km,252.62123298568923,63.08270038077761,37075,319552,-435.42782574584186,-688.0490587315311
2008,2010,2,25_50km,gt_50km,324.4512908399353,50.87398998332435,85245,319552,-363.59776789159577,-688.0490587315311
2008,2011,3,0_5km,gt_50km,996.5936176860021,145.53703115533634,4958,288418,271.3044885279685,-725.2891291580336
2008,2011,3,5_10km,gt_50km,621.3868204466752,121.21478605831236,7642,288418,-103.90230871135836,-725.2891291580336
2008,2011,3,10_25km,gt_50km,318.2497459367875,59.70572419220879,34575,288418,-407.03938322124606,-725.2891291580336
2008,2011,3,25_50km,gt_50km,404.9648580350219,52.31946720069781,82942,288418,-320.32427112301167,-725.2891291580336
2008,2012,4,0_5km,gt_50km,1075.1186264228681,133.7294258340829,4958,281274,467.38340043908073,-607.7352259837875
2008,2012,4,5_10km,gt_50km,660.4622663743363,112.30293636073706,7640,281274,52.727040390548794,-607.7352259837875
2008,2012,4,10_25km,gt_50km,394.68011010881844,62.43175227090367,34525,281274,-213.05511587496903,-607.7352259837875
2008,2012,4,25_50km,gt_50km,524.2780326459533,54.08747537565532,82756,281274,-83.45719333783418,-607.7352259837875
2008,2013,5,0_5km,gt_50km,43.62383253241899,112.32608412237718,4949,279630,-716.1862549313216,-759.8100874637406
2008,2013,5,5_10km,gt_50km,1.9825727050492787,109.21618629017694,7633,279630,-757.8275147586913,-759.8100874637406
2008,2013,5,10_25km,gt_50km,-173.50869158058345,61.66899196887669,34521,279630,-933.3187790443241,-759.8100874637406
2008,2013,5,25_50km,gt_50km,-149.79025604612684,50.19068496579115,82650,279630,-909.6003435098675,-759.8100874637406
2008,2014,6,0_5km,gt_50km,-6.778493438879252,130.03129732678204,4929,274161,-339.00858671521996,-332.2300932763407
2008,2014,6,5_10km,gt_50km,282.7066226354445,150.91094422058947,7615,274161,-49.52347064089624,-332.2300932763407
2008,2014,6,10_25km,gt_50km,-344.8834681288076,65.28404609454881,34515,274161,-677.1135614051483,-332.2300932763407
2008,2014,6,25_50km,gt_50km,-425.299130873042,54.94853659029739,82528,274161,-757.5292241493827,-332.2300932763407
2008,2015,7,0_5km,gt_50km,20.1085923102346,108.29774084667868,4929,274161,-819.6114721981149,-839.7200645083495
2008,2015,7,5_10km,gt_50km,169.90332968837504,113.1827983753131,7615,274161,-669.8167348199745,-839.7200645083495
2008,2015,7,10_25km,gt_50km,-168.7974184787064,59.57772566817258,34515,274161,-1008.5174829870559,-839.7200645083495
2008,2015,7,25_50km,gt_50km,-98.14497069733545,51.26241969027493,82528,274161,-937.865035205685,-839.7200645083495
2008,2016,8,0_5km,gt_50km,182.4608566149802,140.09264817135923,4929,274161,118.59534135587005,-63.86551525911016
2008,2016,8,5_10km,gt_50km,-231.714831271339,112.81015927626183,7615,274161,-295.58034653044916,-63.86551525911016
2008,2016,8,10_25km,gt_50km,-409.794362402285,68.0761721823485,34515,274161,-473.65987766139517,-63.86551525911016
2008,2016,8,25_50km,gt_50km,-207.84323001739443,57.96001391822254,82528,274161,-271.7087452765046,-63.86551525911016
2009,2001,-8,0_5km,gt_50km,833.8762095716723,116.66189463147758,7555,415304,485.8580941002958,-348.0181154713766
2009,2001,-8,5_10km,gt_50km,1067.906615288036,101.72765365165623,9908,415304,719.8884998166593,-348.0181154713766
2009,2001,-8,10_25km,gt_50km,1124.4248756149948,52.309562137229186,41751,415304,776.4067601436182,-348.0181154713766
2009,2001,-8,25_50km,gt_50km,832.9458727411993,37.62029737727141,90050,415304,484.9277572698227,-348.0181154713766
2009,2002,-7,0_5km,gt_50km,521.7336923397907,100.03682677822128,7555,406821,3.2008654292983807,-518.5328269104923
2009,2002,-7,5_10km,gt_50km,524.7135534173824,86.93034194975957,9908,406821,6.180726506890151,-518.5328269104923
2009,2002,-7,10_25km,gt_50km,532.3172466112003,48.437107879611624,41751,406821,13.784419700707984,-518.5328269104923
2009,2002,-7,25_50km,gt_50km,381.569270016126,35.95736148644262,90050,406821,-136.96355689436635,-518.5328269104923
2009,2003,-6,0_5km,gt_50km,454.43107634416026,86.7509807007213,7555,404197,-507.79065606045606,-962.2217324046163
2009,2003,-6,5_10km,gt_50km,554.4974725119193,75.49321490147675,9908,404197,-407.7242598926969,-962.2217324046163
2009,2003,-6,10_25km,gt_50km,518.1185366641553,41.99221034926747,41751,404197,-444.10319574046105,-962.2217324046163
2009,2003,-6,25_50km,gt_50km,422.3122827259274,32.809268217777365,90050,404197,-539.9094496786889,-962.2217324046163
2009,2004,-5,0_5km,gt_50km,219.01954574767075,94.75780907317736,7555,404193,56.27857230838863,-162.7409734392821
2009,2004,-5,5_10km,gt_50km,622.0554047511965,96.33769220536833,9908,404193,459.3144313119144,-162.7409734392821
2009,2004,-5,10_25km,gt_50km,856.3642448824296,55.86720648887221,41751,404193,693.6232714431475,-162.7409734392821
2009,2004,-5,25_50km,gt_50km,624.7843099899392,42.12208366412803,90050,404193,462.0433365506571,-162.7409734392821
2009,2005,-4,0_5km,gt_50km,355.8211669256933,95.79725903208656,7555,382385,-103.36527401372275,-459.18644093941606
2009,2005,-4,5_10km,gt_50km,544.6492030290935,89.82037222849617,9908,382385,85.4627620896775,-459.18644093941606
2009,2005,-4,10_25km,gt_50km,619.0604779536876,52.440049939085704,41751,382385,159.87403701427152,-459.18644093941606
2009,2005,-4,25_50km,gt_50km,483.1471047221741,37.73948948246162,90050,382385,23.960663782758022,-459.18644093941606
2009,2006,-3,0_5km,gt_50km,821.5679488731914,95.57348969772873,7555,370423,118.61743682111666,-702.9505120520748
2009,2006,-3,5_10km,gt_50km,1102.0399630232068,99.48960412032976,9908,370423,399.089450971132,-702.9505120520748
2009,2006,-3,10_25km,gt_50km,1135.6710974095424,52.90947430320659,41751,370423,432.72058535746766,-702.9505120520748
2009,2006,-3,25_50km,gt_50km,821.5963897396764,36.07913753242009,90050,370423,118.64587768760151,-702.9505120520748
2009,2007,-2,0_5km,gt_50km,-225.01456222105773,84.77969628507091,7555,361291,-125.43176862212468,99.58279359893305
2009,2007,-2,5_10km,gt_50km,52.68161696217817,90.1571165394605,9908,361291,152.26441056111122,99.58279359893305
2009,2007,-2,10_25km,gt_50km,45.05502665059561,45.429658558501316,41751,361291,144.63782024952866,99.58279359893305
2009,2007,-2,25_50km,gt_50km,-111.36337589572861,35.58753147078752,90050,361291,-11.78058229679555,99.58279359893305
2009,2008,-1,0_5km,gt_50km,0.0,0.0,7555,332046,0.0,0.0
2009,2008,-1,5_10km,gt_50km,0.0,0.0,9908,332046,0.0,0.0
2009,2008,-1,10_25km,gt_50km,0.0,0.0,41751,332046,0.0,0.0
2009,2008,-1,25_50km,gt_50km,0.0,0.0,90050,332046,0.0,0.0
2009,2009,0,0_5km,gt_50km,822.9664943574121,103.09396471540944,7555,332046,440.7644584038626,-382.20203595354945
2009,2009,0,5_10km,gt_50km,977.3927209983406,81.71201759952972,9908,332046,595.190685044791,-382.20203595354945
2009,2009,0,10_25km,gt_50km,968.851664020674,49.34335495090299,41751,332046,586.6496280671246,-382.20203595354945
2009,2009,0,25_50km,gt_50km,852.3008769207247,38.14987283498274,90050,332046,470.0988409671753,-382.20203595354945
2009,2010,1,0_5km,gt_50km,554.1687785056502,83.6033885842655,7552,319552,-105.69082862223928,-659.8596071278895
2009,2010,1,5_10km,gt_50km,1004.7689597522012,79.18587651109368,9898,319552,344.9093526243118,-659.8596071278895
2009,2010,1,10_25km,gt_50km,971.7810026893293,49.68830269203743,41609,319552,311.9213955614398,-659.8596071278895
2009,2010,1,25_50km,gt_50km,768.5703093119442,35.93465439683913,89364,319552,108.7107021840548,-659.8596071278895
2009,2011,2,0_5km,gt_50km,548.0514103639761,94.87919299375153,7478,288418,-164.09404526722267,-712.1454556311987
2009,2011,2,5_10km,gt_50km,714.869267451004,86.51597162190235,9803,288418,2.7238118198052406,-712.1454556311987
2009,2011,2,10_25km,gt_50km,999.9819212438572,56.53135092143682,41308,288418,287.8364656126585,-712.1454556311987
2009,2011,2,25_50km,gt_50km,900.3440517445657,38.97456080396713,86722,288418,188.198596113367,-712.1454556311987
2009,2012,3,0_5km,gt_50km,611.0965137154701,86.20740267036805,7478,281274,28.239112593805334,-582.8574011216648
2009,2012,3,5_10km,gt_50km,1196.1343793166718,103.9511875116385,9799,281274,613.276978195007,-582.8574011216648
2009,2012,3,10_25km,gt_50km,1168.5665960045967,53.71171457265659,41222,281274,585.7091948829319,-582.8574011216648
2009,2012,3,25_50km,gt_50km,1136.612011601004,41.75516941866726,86396,281274,553.7546104793392,-582.8574011216648
2009,2013,4,0_5km,gt_50km,260.906709891896,93.69915853604265,7446,279630,-482.1217796497861,-743.0284895416821
2009,2013,4,5_10km,gt_50km,386.94134424642425,86.43596478841245,9741,279630,-356.08714529525787,-743.0284895416821
2009,2013,4,10_25km,gt_50km,304.8145783625066,49.06736914843092,41086,279630,-438.2139111791755,-743.0284895416821
2009,2013,4,25_50km,gt_50km,168.57490825046557,38.9510002563164,85856,279630,-574.4535812912166,-743.0284895416821
2009,2014,5,0_5km,gt_50km,-46.16926858239242,99.20574406956922,7446,274161,-364.85339595249843,-318.684127370106
2009,2014,5,5_10km,gt_50km,151.23270733405897,89.02892046050684,9739,274161,-167.45142003604704,-318.684127370106
2009,2014,5,10_25km,gt_50km,108.64244574251393,55.03357593008647,40995,274161,-210.04168162759208,-318.684127370106
2009,2014,5,25_50km,gt_50km,20.571556822875834,42.94106734033792,85710,274161,-298.1125705472302,-318.684127370106
2009,2015,6,0_5km,gt_50km,233.91411557102185,100.18980159058609,7446,274161,-592.2599830310929,-826.1740986021148
2009,2015,6,5_10km,gt_50km,293.3421713815741,77.4626318974605,9739,274161,-532.8319272205407,-826.1740986021148
2009,2015,6,10_25km,gt_50km,247.71258860642888,48.94677766453369,40995,274161,-578.4615099956859,-826.1740986021148
2009,2015,6,25_50km,gt_50km,237.4734751431456,40.20105534163349,85710,274161,-588.7006234589692,-826.1740986021148
2009,2016,7,0_5km,gt_50km,-45.92144817010377,106.9319788454588,7446,274161,-96.24099752297933,-50.319549352875555
2009,2016,7,5_10km,gt_50km,168.5411131299456,99.09521778155222,9739,274161,118.22156377707005,-50.319549352875555
2009,2016,7,10_25km,gt_50km,233.24559067306788,63.904778711341876,40995,274161,182.92604132019233,-50.319549352875555
2009,2016,7,25_50km,gt_50km,193.99223854144327,49.14101757013159,85710,274161,143.67268918856772,-50.319549352875555
2009,2017,8,0_5km,gt_50km,-1067.687035685223,112.85334375280149,7446,274161,-26.287362601995063,1041.399673083228
2009,2017,8,5_10km,gt_50km,-540.5137446579693,118.21909693105506,9739,274161,500.88592842525867,1041.399673083228
2009,2017,8,10_25km,gt_50km,-660.7148186429491,65.27652898722388,40995,274161,380.68485444027885,1041.399673083228
2009,2017,8,25_50km,gt_50km,256.53185369767357,61.601510357564464,85710,274161,1297.9315267809015,1041.399673083228
2010,2002,-8,0_5km,gt_50km,-525.496533418219,138.04922809891318,2975,422142,-760.8811492173501,-235.38461579913107
2010,2002,-8,5_10km,gt_50km,-774.1206958348228,177.80170520977677,5090,422142,-1009.5053116339539,-235.38461579913107
2010,2002,-8,10_25km,gt_50km,-671.7267960811422,65.73718560138656,27524,422142,-907.1114118802733,-235.38461579913107
2010,2002,-8,25_50km,gt_50km,-398.8871191026317,42.20280753956461,79730,422142,-634.2717349017628,-235.38461579913107
2010,2003,-7,0_5km,gt_50km,-464.7708793725544,131.61262195754276,2975,420446,-1140.4475699848872,-675.6766906123328
2010,2003,-7,5_10km,gt_50km,-650.8085627089351,178.83303276834778,5090,420446,-1326.485253321268,-675.6766906123328
2010,2003,-7,10_25km,gt_50km,-524.8261514073017,63.88137805013815,27524,420446,-1200.5028420196345,-675.6766906123328
2010,2003,-7,25_50km,gt_50km,-234.58491949642791,40.2245050134395,79730,420446,-910.2616101087607,-675.6766906123328
2010,2004,-6,0_5km,gt_50km,-308.4738259204739,159.113970237221,2975,420442,-176.0465353246422,132.42729059583172
2010,2004,-6,5_10km,gt_50km,-795.9562689571796,163.7453070552359,5090,420442,-663.5289783613479,132.42729059583172
2010,2004,-6,10_25km,gt_50km,-566.5500141687843,74.26480550270243,27524,420442,-434.12272357295257,132.42729059583172
2010,2004,-6,25_50km,gt_50km,-120.87628610854429,48.961286139499045,79730,420442,11.55100448728743,132.42729059583172
2010,2005,-5,0_5km,gt_50km,-432.9524047528927,153.15546983073253,2975,396821,-670.1693931504816,-237.2169883975889
2010,2005,-5,5_10km,gt_50km,-653.3432554516266,170.9050809956233,5090,396821,-890.5602438492156,-237.2169883975889
2010,2005,-5,10_25km,gt_50km,-184.94474974406663,78.57288152320073,27524,396821,-422.1617381416555,-237.2169883975889
2010,2005,-5,25_50km,gt_50km,59.78748328694235,47.81209143930032,79730,396821,-177.42950511064655,-237.2169883975889
2010,2006,-4,0_5km,gt_50km,158.74032349539746,148.87756896247532,2975,385773,-237.46281371535278,-396.20313721075024
2010,2006,-4,5_10km,gt_50km,-433.7544428607256,172.51727877923707,5090,385773,-829.9575800714758,-396.20313721075024
2010,2006,-4,10_25km,gt_50km,222.3723499037801,78.75982195471313,27524,385773,-173.83078730697014,-396.20313721075024
2010,2006,-4,25_50km,gt_50km,158.78407096262907,45.14087970105268,79730,385773,-237.41906624812117,-396.20313721075024
2010,2007,-3,0_5km,gt_50km,-1193.2842406567295,140.99537811375905,2975,372124,-797.1120364965494,396.17220416018006
2010,2007,-3,5_10km,gt_50km,-1460.0263543772385,170.0794511108516,5090,372124,-1063.8541502170583,396.17220416018006
2010,2007,-3,10_25km,gt_50km,-1166.93026947071,64.23433859633955,27524,372124,-770.75806531053,396.17220416018006
2010,2007,-3,25_50km,gt_50km,-801.5901459860723,45.83058755846947,79730,372124,-405.4179418258923,396.17220416018006
2010,2008,-2,0_5km,gt_50km,-857.5224047564247,125.01502585720088,2975,342531,-501.81223159495875,355.71017316146606
2010,2008,-2,5_10km,gt_50km,-1032.6923761236585,152.59444540147678,5090,342531,-676.9822029621924,355.71017316146606
2010,2008,-2,10_25km,gt_50km,-799.6148509725605,68.05582558294891,27524,342531,-443.9046778110944,355.71017316146606
2010,2008,-2,25_50km,gt_50km,-789.2439340800589,42.96852714932818,79730,342531,-433.53376091859286,355.71017316146606
2010,2009,-1,0_5km,gt_50km,0.0,0.0,2975,319552,0.0,0.0
2010,2009,-1,5_10km,gt_50km,0.0,0.0,5090,319552,0.0,0.0
2010,2009,-1,10_25km,gt_50km,0.0,0.0,27524,319552,0.0,0.0
2010,2009,-1,25_50km,gt_50km,0.0,0.0,79730,319552,0.0,0.0
2010,2010,0,0_5km,gt_50km,-117.54986895380466,134.1315698703378,2975,319552,-372.43609544052,-254.88622648671532
2010,2010,0,5_10km,gt_50km,-525.0995357228269,172.74129115943262,5090,319552,-779.9857622095423,-254.88622648671532
2010,2010,0,10_25km,gt_50km,-260.87881060107435,64.67688737104743,27524,319552,-515.7650370877897,-254.88622648671532
2010,2010,0,25_50km,gt_50km,-120.90309076005803,40.449663241021135,79730,319552,-375.78931724677335,-254.88622648671532
2010,2011,1,0_5km,gt_50km,213.22217229713408,140.2926037413706,2961,288418,-22.691385212592934,-235.913557509727
2010,2011,1,5_10km,gt_50km,-367.17431174120196,174.83723695249085,4994,288418,-603.087869250929,-235.913557509727
2010,2011,1,10_25km,gt_50km,145.5210930009956,77.04483833822162,26330,288418,-90.39246450873142,-235.913557509727
2010,2011,1,25_50km,gt_50km,51.71696475019016,47.44665414695639,77001,288418,-184.19659275953686,-235.913557509727
2010,2012,2,0_5km,gt_50km,-124.25120763606594,134.0523579665586,2961,281274,-205.79065213077791,-81.53944449471197
2010,2012,2,5_10km,gt_50km,-333.37364365429215,195.40961399489504,4994,281274,-414.9130881490041,-81.53944449471197
2010,2012,2,10_25km,gt_50km,-86.82375590282535,75.1495200245213,26235,281274,-168.36320039753733,-81.53944449471197
2010,2012,2,25_50km,gt_50km,166.78031303424876,47.923972907458555,76781,281274,85.2408685395368,-81.53944449471197
2010,2013,3,0_5km,gt_50km,-963.7961275849116,127.38545289163693,2961,279630,-1188.373556455402,-224.57742887049045
2010,2013,3,5_10km,gt_50km,-1337.7624058644021,167.95421438204536,4994,279630,-1562.3398347348925,-224.57742887049045
2010,2013,3,10_25km,gt_50km,-1000.8289063541683,71.96560596948646,26162,279630,-1225.4063352246587,-224.57742887049045
2010,2013,3,25_50km,gt_50km,-826.423223815314,44.26061130969201,76663,279630,-1051.0006526858044,-224.57742887049045
2010,2014,4,0_5km,gt_50km,-841.1227282343998,208.3009410876427,2961,274161,-631.7362368186923,209.38649141570744
2010,2014,4,5_10km,gt_50km,-654.0011544381016,244.38847765797644,4994,274161,-444.61466302239415,209.38649141570744
2010,2014,4,10_25km,gt_50km,-984.6748426031938,76.29387785617048,26120,274161,-775.2883511874865,209.38649141570744
2010,2014,4,25_50km,gt_50km,-923.4369772128168,51.12807071314646,76565,274161,-714.0504857971093,209.38649141570744
2010,2015,5,0_5km,gt_50km,-1002.0526701151591,137.79557582660576,2961,274161,-1300.1561499314607,-298.10347981630156
2010,2015,5,5_10km,gt_50km,-1324.1731058631296,175.40704858528758,4994,274161,-1622.2765856794313,-298.10347981630156
2010,2015,5,10_25km,gt_50km,-1104.0106030115505,67.56189266034981,26120,274161,-1402.1140828278521,-298.10347981630156
2010,2015,5,25_50km,gt_50km,-737.4809643885089,46.05405879688853,76565,274161,-1035.5844442048106,-298.10347981630156
2010,2016,6,0_5km,gt_50km,-1042.1942035394636,206.89341619685348,2961,274161,-564.4431341065257,477.75106943293787
2010,2016,6,5_10km,gt_50km,-1476.9357996218694,178.02863933253357,4994,274161,-999.1847301889316,477.75106943293787
2010,2016,6,10_25km,gt_50km,-1148.7349634019288,75.47125430580377,26120,274161,-670.983893968991,477.75106943293787
2010,2016,6,25_50km,gt_50km,-789.4048390921818,59.08497889362229,76565,274161,-311.6537696592439,477.75106943293787
2010,2017,7,0_5km,gt_50km,-1015.7959225923315,225.09075092135262,2961,274161,553.6743692767099,1569.4702918690414
2010,2017,7,5_10km,gt_50km,-1182.9223720427065,214.32722720251024,4994,274161,386.54791982633486,1569.4702918690414
2010,2017,7,10_25km,gt_50km,-675.7515063615006,100.70604522729651,26120,274161,893.7187855075408,1569.4702918690414
2010,2017,7,25_50km,gt_50km,-905.1809703475559,68.23081604978456,76565,274161,664.2893215214855,1569.4702918690414
2010,2018,8,0_5km,gt_50km,-2453.661230096562,157.64085286803123,2854,207960,-821.3736079245947,1632.2876221719673
2010,2018,8,5_10km,gt_50km,-2695.6327412883666,184.14414986456313,4814,207960,-1063.3451191163992,1632.2876221719673
2010,2018,8,10_25km,gt_50km,-2270.2887780046185,86.65772925364095,25371,207960,-638.0011558326514,1632.2876221719673
2010,2018,8,25_50km,gt_50km,-2040.6285802035654,65.7543476938387,74449,207960,-408.340958031598,1632.2876221719673
2011,2003,-8,0_5km,gt_50km,317.23754274262774,114.59792311757258,13118,378366,-66.93712944192521,-384.17467218455295
2011,2003,-8,5_10km,gt_50km,62.821375451541314,123.94353211714262,16609,378366,-321.35329673301163,-384.17467218455295
2011,2003,-8,10_25km,gt_50km,-277.88178460437666,54.883143617237785,62544,378366,-662.0564567889296,-384.17467218455295
2011,2003,-8,25_50km,gt_50km,-176.73813422763226,36.186616266217705,124640,378366,-560.9128064121852,-384.17467218455295
2011,2004,-7,0_5km,gt_50km,385.10035770299413,115.55587641285788,13118,378362,728.477405218558,343.3770475155639
2011,2004,-7,5_10km,gt_50km,293.3620693519768,141.67645598907185,16609,378362,636.7391168675407,343.3770475155639
2011,2004,-7,10_25km,gt_50km,-23.575914660811293,67.2436418602144,62544,378362,319.8011328547526,343.3770475155639
2011,2004,-7,25_50km,gt_50km,83.06023215215583,43.334220628323855,124640,378362,426.43727966771974,343.3770475155639
2011,2005,-6,0_5km,gt_50km,498.8709439117313,125.34017288252623,13118,357610,572.6290300321155,73.75808612038416
2011,2005,-6,5_10km,gt_50km,161.81361743700182,121.75231559119331,16609,357610,235.57170355738597,73.75808612038416
2011,2005,-6,10_25km,gt_50km,-37.800024110147874,62.90505979242468,62544,357610,35.95806201023629,73.75808612038416
2011,2005,-6,25_50km,gt_50km,-130.7042692148093,40.51773681402808,124640,357610,-56.94618309442513,73.75808612038416
2011,2006,-5,0_5km,gt_50km,1093.1001781575162,144.73741810272008,13118,348913,958.7766739505904,-134.32350420692572
2011,2006,-5,5_10km,gt_50km,516.7297093181547,114.86396064296481,16609,348913,382.40620511122904,-134.32350420692572
2011,2006,-5,10_25km,gt_50km,260.5511955509259,59.55555151864266,62544,348913,126.22769134400018,-134.32350420692572
2011,2006,-5,25_50km,gt_50km,268.6282781131112,39.74340405712635,124640,348913,134.3047739061855,-134.32350420692572
2011,2007,-4,0_5km,gt_50km,133.15407700286607,138.04138453995577,13118,338108,772.8699736835674,639.7158966807013
2011,2007,-4,5_10km,gt_50km,-248.53329126957186,135.79315639164125,16609,338108,391.1826054111295,639.7158966807013
2011,2007,-4,10_25km,gt_50km,-581.6370780545917,62.748671910606234,62544,338108,58.07881862610963,639.7158966807013
2011,2007,-4,25_50km,gt_50km,-552.2567818526912,41.948830863921074,124640,338108,87.45911482801014,639.7158966807013
2011,2008,-3,0_5km,gt_50km,-271.2382508464719,109.03247928791971,13118,316798,363.68531044804416,634.923561294516
2011,2008,-3,5_10km,gt_50km,-282.0572119839869,123.56169860959871,16609,316798,352.86634931052913,634.923561294516
2011,2008,-3,10_25km,gt_50km,-657.7026345109867,60.799410441744435,62544,316798,-22.779073216470657,634.923561294516
2011,2008,-3,25_50km,gt_50km,-752.0672327520434,40.77101901926865,124640,316798,-117.14367145752739,634.923561294516
2011,2009,-2,0_5km,gt_50km,410.38001869174957,106.37087715349777,13118,295367,645.9454147090398,235.56539601729028
2011,2009,-2,5_10km,gt_50km,404.0913997847015,118.57990336581021,16609,295367,639.6567958019917,235.56539601729028
2011,2009,-2,10_25km,gt_50km,270.1354622668355,61.66796347367444,62544,295367,505.70085828412573,235.56539601729028
2011,2009,-2,25_50km,gt_50km,186.46956302504,38.81323833713651,124640,295367,422.0349590423303,235.56539601729028
2011,2010,-1,0_5km,gt_50km,0.0,0.0,13118,288418,0.0,0.0
2011,2010,-1,5_10km,gt_50km,0.0,0.0,16609,288418,0.0,0.0
2011,2010,-1,10_25km,gt_50km,0.0,0.0,62544,288418,0.0,0.0
2011,2010,-1,25_50km,gt_50km,0.0,0.0,124640,288418,0.0,0.0
2011,2011,0,0_5km,gt_50km,346.19056712844633,100.46490742216795,13118,288418,342.95456890303274,-3.2359982254135837
2011,2011,0,5_10km,gt_50km,131.58817335309027,110.62947965256974,16609,288418,128.35217512767667,-3.2359982254135837
2011,2011,0,10_25km,gt_50km,-239.3237362544132,55.03502953085321,62544,288418,-242.5597344798268,-3.2359982254135837
2011,2011,0,25_50km,gt_50km,-109.09710460630893,38.086823688850274,124640,288418,-112.33310283172251,-3.2359982254135837
2011,2012,1,0_5km,gt_50km,353.3156203998936,114.49357498586731,13014,281274,463.6034180732717,110.28779767337814
2011,2012,1,5_10km,gt_50km,152.63451810170108,117.95216018164537,16552,281274,262.9223157750792,110.28779767337814
2011,2012,1,10_25km,gt_50km,281.05855346875114,67.01617949656516,62418,281274,391.34635114212927,110.28779767337814
2011,2012,1,25_50km,gt_50km,314.24801281403944,40.303503326343844,124511,281274,424.53581048741756,110.28779767337814
2011,2013,2,0_5km,gt_50km,-566.986565919487,105.23017297616211,12940,279630,-613.4436578416678,-46.457091922180766
2011,2013,2,5_10km,gt_50km,-895.8221990729387,108.71881166350434,16423,279630,-942.2792909951195,-46.457091922180766
2011,2013,2,10_25km,gt_50km,-977.6613071988363,53.581215861167095,61998,279630,-1024.118399121017,-46.457091922180766
2011,2013,2,25_50km,gt_50km,-727.849944550295,37.587185929861434,124203,279630,-774.3070364724758,-46.457091922180766
2011,2014,3,0_5km,gt_50km,-731.2705116732418,109.59313344177076,12940,274161,-342.2338909574536,389.0366207157882
2011,2014,3,5_10km,gt_50km,-1037.700540453366,109.1452786896541,16423,274161,-648.6639197375779,389.0366207157882
2011,2014,3,10_25km,gt_50km,-942.3959643625614,59.377982539845526,61998,274161,-553.3593436467731,389.0366207157882
2011,2014,3,25_50km,gt_50km,-749.3313681753427,43.5151117793001,124191,274161,-360.2947474595545,389.0366207157882
2011,2015,4,0_5km,gt_50km,-686.9431823115041,97.92287728213128,12940,274161,-805.3965328277247,-118.45335051622064
2011,2015,4,5_10km,gt_50km,-869.4318885959304,108.60737440987393,16423,274161,-987.8852391121511,-118.45335051622064
2011,2015,4,10_25km,gt_50km,-885.2117773798465,54.55886466999427,61998,274161,-1003.6651278960671,-118.45335051622064
2011,2015,4,25_50km,gt_50km,-633.1993224793954,38.905376348752505,124191,274161,-751.6526729956161,-118.45335051622064
2011,2016,5,0_5km,gt_50km,-609.1347428722224,117.65497541226917,12940,274161,48.266455860796256,657.4011987330186
2011,2016,5,5_10km,gt_50km,-808.9271053539849,125.81077725829545,16423,274161,-151.5259066209662,657.4011987330186
2011,2016,5,10_25km,gt_50km,-960.8917606614307,63.657052699740134,61998,274161,-303.4905619284121,657.4011987330186
2011,2016,5,25_50km,gt_50km,-417.2497405990489,56.36816010447763,124191,274161,240.15145813396973,657.4011987330186
2011,2017,6,0_5km,gt_50km,104.77407275787141,146.0983885607267,12940,274161,1853.8944939269936,1749.1204211691222
2011,2017,6,5_10km,gt_50km,-148.25653897613802,150.63637573816646,16423,274161,1600.8638821929842,1749.1204211691222
2011,2017,6,10_25km,gt_50km,-886.2875561107254,76.62372579196769,61998,274161,862.8328650583968,1749.1204211691222
2011,2017,6,25_50km,gt_50km,-338.4424607832566,62.62370195881288,124191,274161,1410.6779603858656,1749.1204211691222
2011,2018,7,0_5km,gt_50km,-1054.9618823966814,134.69774966213407,12678,207960,673.9387941830046,1728.900676579686
2011,2018,7,5_10km,gt_50km,-1628.198945559593,130.47210980797084,16103,207960,100.70173102009296,1728.900676579686
2011,2018,7,10_25km,gt_50km,-1781.2708272972804,75.5176693942534,60150,207960,-52.370150717594356,1728.900676579686
2011,2018,7,25_50km,gt_50km,-1450.2721250517957,62.727231040360074,120600,207960,278.6285515278902,1728.900676579686
2011,2019,8,0_5km,gt_50km,-669.6101201879046,128.298625075618,12678,207960,300.5711045817206,970.1812247696251
2011,2019,8,5_10km,gt_50km,-1146.7187362758082,128.04998682637827,16103,207960,-176.53751150618294,970.1812247696251
2011,2019,8,10_25km,gt_50km,-1104.5854417237415,73.02611242324262,60150,207960,-134.40421695411632,970.1812247696251
2011,2019,8,25_50km,gt_50km,-906.094354485717,53.19337640269203,120596,207960,64.08687028390815,970.1812247696251
2012,2004,-8,0_5km,gt_50km,-478.6604163644924,158.9792277933261,3045,397215,120.51948940274525,599.1799057672376
2012,2004,-8,5_10km,gt_50km,-825.9743259019722,189.72182891728983,4842,397215,-226.7944201347346,599.1799057672376
2012,2004,-8,10_25km,gt_50km,-674.2691569887397,87.48639123033912,25776,397215,-75.08925122150205,599.1799057672376
2012,2004,-8,25_50km,gt_50km,-644.2434359069505,45.79050869581951,73848,397215,-45.063530139712874,599.1799057672376
2012,2005,-7,0_5km,gt_50km,382.54502142947103,229.59834695068528,3045,374542,588.5402419524069,205.99522052293585
2012,2005,-7,5_10km,gt_50km,-359.6828539123678,180.5400574446821,4842,374542,-153.687633389432,205.99522052293585
2012,2005,-7,10_25km,gt_50km,-529.3548582174355,85.64662432196212,25776,374542,-323.35963769449967,205.99522052293585
2012,2005,-7,25_50km,gt_50km,-491.0307795844635,45.63370561682865,73848,374542,-285.0355590615277,205.99522052293585
2012,2006,-6,0_5km,gt_50km,133.48750312860898,165.62772694964397,3045,362701,66.89411528952458,-66.5933878390844
2012,2006,-6,5_10km,gt_50km,7.481047606246982,203.52544011841346,4842,362701,-59.11234023283742,-66.5933878390844
2012,2006,-6,10_25km,gt_50km,-174.4672647376152,85.30908685015885,25776,362701,-241.0606525766996,-66.5933878390844
2012,2006,-6,25_50km,gt_50km,-11.485269104149083,46.55741804819936,73848,362701,-78.07865694323348,-66.5933878390844
2012,2007,-5,0_5km,gt_50km,-251.4009530375011,190.82123056252348,3045,355129,469.7897801298255,721.1907331673266
2012,2007,-5,5_10km,gt_50km,-889.7727622764914,184.81546390162785,4842,355129,-168.58202910916492,721.1907331673266
2012,2007,-5,10_25km,gt_50km,-990.8045673469073,85.77740621892406,25776,355129,-269.6138341795807,721.1907331673266
2012,2007,-5,25_50km,gt_50km,-775.3093418302167,51.13005623666334,73848,355129,-54.11860866289005,721.1907331673266
2012,2008,-4,0_5km,gt_50km,-650.6101442595544,152.56107661580793,3045,330509,3.7788734793149765,654.3890177388694
2012,2008,-4,5_10km,gt_50km,-1142.2187102344974,171.63860819195767,4842,330509,-487.8296924956281,654.3890177388694
2012,2008,-4,10_25km,gt_50km,-973.2019951187702,91.72386005885342,25776,330509,-318.8129773799009,654.3890177388694
2012,2008,-4,25_50km,gt_50km,-779.366588912395,48.89136858827794,73848,330509,-124.97757117352562,654.3890177388694
2012,2009,-3,0_5km,gt_50km,-9.938947185883649,174.26253021643512,3045,308416,278.1811473023904,288.12009448827405
2012,2009,-3,5_10km,gt_50km,-125.21724725115268,178.98740046207277,4842,308416,162.90284723712136,288.12009448827405
2012,2009,-3,10_25km,gt_50km,-99.38038419192983,83.43711492381507,25776,308416,188.7397102963442,288.12009448827405
2012,2009,-3,25_50km,gt_50km,12.463498055737034,50.3117113320472,73848,308416,300.5835925440111,288.12009448827405
2012,2010,-2,0_5km,gt_50km,50.31863939716881,163.04702932752767,3045,303216,128.04035733151025,77.72171793434144
2012,2010,-2,5_10km,gt_50km,-501.43384847670796,156.99150331106958,4842,303216,-423.71213054236654,77.72171793434144
2012,2010,-2,10_25km,gt_50km,-442.20838388687156,75.30780984195182,25776,303216,-364.48666595253013,77.72171793434144
2012,2010,-2,25_50km,gt_50km,-354.2599447707427,44.83104155322903,73848,303216,-276.5382268364013,77.72171793434144
2012,2011,-1,0_5km,gt_50km,0.0,0.0,3045,281274,0.0,0.0
2012,2011,-1,5_10km,gt_50km,0.0,0.0,4842,281274,0.0,0.0
2012,2011,-1,10_25km,gt_50km,0.0,0.0,25776,281274,0.0,0.0
2012,2011,-1,25_50km,gt_50km,0.0,0.0,73848,281274,0.0,0.0
2012,2012,0,0_5km,gt_50km,-353.1920588601499,128.67383568332795,3045,281274,-217.5771111147741,135.61494774537582
2012,2012,0,5_10km,gt_50km,-31.147686327293755,180.32857957760638,4842,281274,104.46726141808206,135.61494774537582
2012,2012,0,10_25km,gt_50km,135.25301163735347,85.13261764507914,25776,281274,270.8679593827293,135.61494774537582
2012,2012,0,25_50km,gt_50km,200.52468625938488,47.893556858344205,73848,281274,336.1396340047607,135.61494774537582
2012,2013,1,0_5km,gt_50km,-843.9180564809332,122.60021949200886,2909,279630,-865.5389556054762,-21.62089912454304
2012,2013,1,5_10km,gt_50km,-1024.7151132121264,149.58101929051162,4820,279630,-1046.3360123366695,-21.62089912454304
2012,2013,1,10_25km,gt_50km,-713.9904011374153,82.80151069283261,25652,279630,-735.6113002619584,-21.62089912454304
2012,2013,1,25_50km,gt_50km,-756.8793342477755,42.31036673433387,73275,279630,-778.5002333723186,-21.62089912454304
2012,2014,2,0_5km,gt_50km,-458.51869321862114,241.55991575366662,2905,274161,-44.27735806762693,414.2413351509942
2012,2014,2,5_10km,gt_50km,-1169.5920734395659,159.31369538215768,4816,274161,-755.3507382885717,414.2413351509942
2012,2014,2,10_25km,gt_50km,-939.9678887797409,95.87427758401981,25652,274161,-525.7265536287467,414.2413351509942
2012,2014,2,25_50km,gt_50km,-982.10930842729,47.819949092283466,73231,274161,-567.8679732762959,414.2413351509942
2012,2015,3,0_5km,gt_50km,-22.5402529061149,266.600734916763,2905,274161,-115.78888898712961,-93.24863608101471
2012,2015,3,5_10km,gt_50km,-816.6079989164432,163.18647663768792,4816,274161,-909.856634997458,-93.24863608101471
2012,2015,3,10_25km,gt_50km,-643.667296651852,91.22136018297516,25652,274161,-736.9159327328667,-93.24863608101471
2012,2015,3,25_50km,gt_50km,-736.6355041839897,43.12917788765288,73231,274161,-829.8841402650045,-93.24863608101471
2012,2016,4,0_5km,gt_50km,-1042.9859613137182,176.31881144502083,2905,274161,-360.38004814549356,682.6059131682247
2012,2016,4,5_10km,gt_50km,-1316.857976924962,184.57799390457566,4816,274161,-634.2520637567374,682.6059131682247
2012,2016,4,10_25km,gt_50km,-854.7869780543116,97.64422448939933,25652,274161,-172.18106488608694,682.6059131682247
2012,2016,4,25_50km,gt_50km,-898.8614162436572,52.43803677615326,73231,274161,-216.2555030754326,682.6059131682247
2012,2017,5,0_5km,gt_50km,-1876.7268045608791,165.7510451506847,2905,274161,-102.40166895655094,1774.3251356043281
2012,2017,5,5_10km,gt_50km,-2035.4199282528116,190.25768692846714,4816,274161,-261.0947926484834,1774.3251356043281
2012,2017,5,10_25km,gt_50km,-1329.325819863093,107.42414193411055,25652,274161,444.999315741235,1774.3251356043281
2012,2017,5,25_50km,gt_50km,-1098.6222324372125,66.31514517695396,73231,274161,675.7029031671158,1774.3251356043281
2012,2018,6,0_5km,gt_50km,-2021.0031714354902,194.60534245612118,2885,207960,-367.7287851070684,1653.2743863284218
2012,2018,6,5_10km,gt_50km,-2362.8007005171103,181.5302630357071,4727,207960,-709.5263141886887,1653.2743863284218
2012,2018,6,10_25km,gt_50km,-2191.7280681879056,103.16761514660753,24628,207960,-538.4536818594836,1653.2743863284218
2012,2018,6,25_50km,gt_50km,-2076.6971515767214,63.673174911028404,71276,207960,-423.4227652482994,1653.2743863284218
2012,2019,7,0_5km,gt_50km,-1177.6343733111025,222.23439403145431,2885,207960,-283.0794387927416,894.554934518361
2012,2019,7,5_10km,gt_50km,-1621.1654241634553,177.7819320907443,4727,207960,-726.6104896450943,894.554934518361
2012,2019,7,10_25km,gt_50km,-1370.895347344264,113.52229875073883,24628,207960,-476.340412825903,894.554934518361
2012,2019,7,25_50km,gt_50km,-1352.9146846434069,56.326160710246114,71274,207960,-458.3597501250457,894.554934518361
2012,2020,8,0_5km,gt_50km,-1799.3542817601217,204.7745293632431,2766,185173,-468.79957975313727,1330.5547020069844
2012,2020,8,5_10km,gt_50km,-2105.8237627499248,192.8050680489151,4592,185173,-775.2690607429405,1330.5547020069844
2012,2020,8,10_25km,gt_50km,-2180.3931700860508,87.16273601363433,24432,185173,-849.8384680790663,1330.5547020069844
2012,2020,8,25_50km,gt_50km,-1861.9074826908763,58.09482009262971,70964,185173,-531.352780683892,1330.5547020069844
2013,2005,-8,0_5km,gt_50km,-245.8158490115014,133.6972308064689,4362,387211,-290.1871609844989,-44.37131197299752
2013,2005,-8,5_10km,gt_50km,-804.2723492034554,138.75114273707482,6921,387211,-848.643661176453,-44.37131197299752
2013,2005,-8,10_25km,gt_50km,-649.216409056405,72.13338391274587,29188,387211,-693.5877210294026,-44.37131197299752
2013,2005,-8,25_50km,gt_50km,-724.9105925610581,49.10465509961835,73206,387211,-769.2819045340557,-44.37131197299752
2013,2006,-7,0_5km,gt_50km,356.3112512602189,136.72250658222728,4362,372128,68.70515888438158,-287.60609237583736
2013,2006,-7,5_10km,gt_50km,-458.2146542709774,134.66971456420393,6921,372128,-745.8207466468148,-287.60609237583736
2013,2006,-7,10_25km,gt_50km,-300.00206231825706,73.263093168822,29188,372128,-587.6081546940944,-287.60609237583736
2013,2006,-7,25_50km,gt_50km,-255.48755878096011,51.80984304052071,73206,372128,-543.0936511567975,-287.60609237583736
2013,2007,-6,0_5km,gt_50km,-820.3289004853718,121.63172694937141,4362,363796,-325.0963964612408,495.23250402413106
2013,2007,-6,5_10km,gt_50km,-1006.1165292703154,136.92877222488798,6921,363796,-510.88402524618425,495.23250402413106
2013,2007,-6,10_25km,gt_50km,-840.0339909353963,75.5091443667995,29188,363796,-344.8014869112653,495.23250402413106
2013,2007,-6,25_50km,gt_50km,-1021.1470076518024,54.205131924956376,73206,363796,-525.9145036276714,495.23250402413106
2013,2008,-5,0_5km,gt_50km,-523.3699215979873,136.32843515315298,4362,338419,-93.16860421036489,430.20131738762234
2013,2008,-5,5_10km,gt_50km,-856.2895514828626,150.40862274441128,6921,338419,-426.08823409524035,430.20131738762234
2013,2008,-5,10_25km,gt_50km,-949.458373867683,76.07650412456135,29188,338419,-519.2570564800607,430.20131738762234
2013,2008,-5,25_50km,gt_50km,-1245.578972924075,50.66840637278812,73206,338419,-815.3776555364526,430.20131738762234
2013,2009,-4,0_5km,gt_50km,-238.47956697654,123.67818785340714,4362,316616,-180.00055617886247,58.47901079767755
2013,2009,-4,5_10km,gt_50km,-354.3184603548883,148.3264918063427,6921,316616,-295.83944955721074,58.47901079767755
2013,2009,-4,10_25km,gt_50km,-170.94765911942187,77.95675005127694,29188,316616,-112.46864832174433,58.47901079767755
2013,2009,-4,25_50km,gt_50km,-272.77797519591263,52.05240669023458,73206,316616,-214.29896439823509,58.47901079767755
2013,2010,-3,0_5km,gt_50km,-421.3372823386462,115.07697556133165,4362,310367,-562.392453525617,-141.05517118697082
2013,2010,-3,5_10km,gt_50km,-710.7724354732127,143.60646172893811,6921,310367,-851.8276066601835,-141.05517118697082
2013,2010,-3,10_25km,gt_50km,-603.7147078314915,68.08488627535762,29188,310367,-744.7698790184623,-141.05517118697082
2013,2010,-3,25_50km,gt_50km,-520.5925688313945,47.500142679396134,73206,310367,-661.6477400183653,-141.05517118697082
2013,2011,-2,0_5km,gt_50km,-258.11393538253867,120.37024935072768,4362,282956,-374.0772167401808,-115.9632813576421
2013,2011,-2,5_10km,gt_50km,-656.8591589416401,116.34772614593551,6921,282956,-772.8224402992822,-115.9632813576421
2013,2011,-2,10_25km,gt_50km,-474.5405489814701,65.83938347229284,29188,282956,-590.5038303391123,-115.9632813576421
2013,2011,-2,25_50km,gt_50km,-659.6750892085918,44.99955910400637,73206,282956,-775.6383705662339,-115.9632813576421
2013,2012,-1,0_5km,gt_50km,0.0,0.0,4362,279630,0.0,0.0
2013,2012,-1,5_10km,gt_50km,0.0,0.0,6921,279630,0.0,0.0
2013,2012,-1,10_25km,gt_50km,0.0,0.0,29188,279630,0.0,0.0
2013,2012,-1,25_50km,gt_50km,0.0,0.0,73206,279630,0.0,0.0
2013,2013,0,0_5km,gt_50km,-794.318487732358,119.532539882211,4362,279630,-922.7923371051897,-128.47384937283175
2013,2013,0,5_10km,gt_50km,-1181.7089521676735,131.1054951064989,6921,279630,-1310.1828015405054,-128.47384937283175
2013,2013,0,10_25km,gt_50km,-1042.97494000707,63.5552478306058,29188,279630,-1171.4487893799017,-128.47384937283175
2013,2013,0,25_50km,gt_50km,-1232.5038588803309,43.949906960021316,73206,279630,-1360.9777082531625,-128.47384937283175
2013,2014,1,0_5km,gt_50km,-960.0236424601462,103.51641196110815,4354,274161,-653.9222761186797,306.10136634146653
2013,2014,1,5_10km,gt_50km,-1060.711599502393,160.0806333792935,6921,274161,-754.6102331609266,306.10136634146653
2013,2014,1,10_25km,gt_50km,-1047.8483812870809,77.42316956761724,29188,274161,-741.7470149456144,306.10136634146653
2013,2014,1,25_50km,gt_50km,-1414.7707903536673,48.345091941792006,73158,274161,-1108.6694240122008,306.10136634146653
2013,2015,2,0_5km,gt_50km,-541.752224816887,115.52421515267163,4354,274161,-743.1408297074294,-201.38860489054238
2013,2015,2,5_10km,gt_50km,-902.6869046873985,139.20104066800215,6921,274161,-1104.075509577941,-201.38860489054238
2013,2015,2,10_25km,gt_50km,-859.6737252273049,71.08931500131035,29188,274161,-1061.0623301178473,-201.38860489054238
2013,2015,2,25_50km,gt_50km,-1103.1719496812916,50.4915086898166,73158,274161,-1304.560554571834,-201.38860489054238
2013,2016,3,0_5km,gt_50km,-886.8086672137654,203.67996561569467,4354,274161,-312.3427228550684,574.465944358697
2013,2016,3,5_10km,gt_50km,-1660.0339295050208,126.93498981041068,6921,274161,-1085.5679851463237,574.465944358697
2013,2016,3,10_25km,gt_50km,-1270.268984024989,76.14880028298451,29188,274161,-695.8030396662922,574.465944358697
2013,2016,3,25_50km,gt_50km,-724.6482924264517,81.49253599814135,73158,274161,-150.18234806775462,574.465944358697
2013,2017,4,0_5km,gt_50km,-1308.8310827283085,153.98755806438328,4354,274161,357.3540840664919,1666.1851667948004
2013,2017,4,5_10km,gt_50km,-1974.9679617917648,155.29662438519586,6921,274161,-308.7827949969644,1666.1851667948004
2013,2017,4,10_25km,gt_50km,-1730.427887217973,89.74667361051503,29188,274161,-64.24272042317251,1666.1851667948004
2013,2017,4,25_50km,gt_50km,-1403.1722480432354,66.3579585902594,73158,274161,263.01291875156505,1666.1851667948004
2013,2018,5,0_5km,gt_50km,-1939.1546071640898,147.93743057508289,3991,207960,-251.44088917411563,1687.7137179899742
2013,2018,5,5_10km,gt_50km,-2591.426441920466,148.01381247155322,6619,207960,-903.7127239304918,1687.7137179899742
2013,2018,5,10_25km,gt_50km,-2495.723846555997,83.46037583661901,28515,207960,-808.0101285660229,1687.7137179899742
2013,2018,5,25_50km,gt_50km,-2457.6044853293433,66.50041571339978,71253,207960,-769.8907673393694,1687.7137179899742
2013,2019,6,0_5km,gt_50km,-982.790829174277,190.29983275151255,3990,207960,-53.79656299436415,928.9942661799128
2013,2019,6,5_10km,gt_50km,-1977.1829175057649,145.417447502762,6619,207960,-1048.188651325852,928.9942661799128
2013,2019,6,10_25km,gt_50km,-1756.3198385433843,84.04721344234066,28515,207960,-827.3255723634717,928.9942661799128
2013,2019,6,25_50km,gt_50km,-1969.090437223689,56.43335139071582,71250,207960,-1040.0961710437762,928.9942661799128
2013,2020,7,0_5km,gt_50km,-2061.1458804884473,127.06052008177396,3905,185173,-711.8592615873599,1349.2866189010874
2013,2020,7,5_10km,gt_50km,-2360.9208690246865,166.22979021951465,6433,185173,-1011.6342501235991,1349.2866189010874
2013,2020,7,10_25km,gt_50km,-2288.058271699617,79.15563449331543,28135,185173,-938.7716527985294,1349.2866189010874
2013,2020,7,25_50km,gt_50km,-2501.7560418944013,58.824189304558935,70861,185173,-1152.4694229933139,1349.2866189010874
2013,2021,8,0_5km,gt_50km,-1686.1304347678497,130.40838112911106,3878,182280,-869.4726138110966,816.6578209567531
2013,2021,8,5_10km,gt_50km,-2053.727714535152,149.0833883432508,6400,182280,-1237.0698935783987,816.6578209567531
2013,2021,8,10_25km,gt_50km,-1837.5441488881968,73.72417810167765,28050,182280,-1020.8863279314437,816.6578209567531
2013,2021,8,25_50km,gt_50km,-2013.2559875618472,53.44800524453441,70535,182280,-1196.598166605094,816.6578209567531
2014,2006,-8,0_5km,gt_50km,398.8438046755654,392.8586096590647,1465,385733,437.17020557725454,38.32640090168911
2014,2006,-8,5_10km,gt_50km,1047.734734194798,245.6508854468228,2635,385733,1086.061135096487,38.32640090168911
2014,2006,-8,10_25km,gt_50km,164.2142595453578,90.09794777500684,12968,385733,202.54066044704692,38.32640090168911
2014,2006,-8,25_50km,gt_50km,160.1856651414669,55.89666367319603,34264,385733,198.512066043156,38.32640090168911
2014,2007,-7,0_5km,gt_50km,710.4816090246975,417.18700472865646,1465,370872,1517.7053826088613,807.2237735841638
2014,2007,-7,5_10km,gt_50km,470.7583564685308,222.7347744774196,2635,370872,1277.9821300526946,807.2237735841638
2014,2007,-7,10_25km,gt_50km,-78.61373478053042,106.7107236641053,12968,370872,728.6100388036334,807.2237735841638
2014,2007,-7,25_50km,gt_50km,70.88984977271684,68.52156916544453,34264,370872,878.1136233568807,807.2237735841638
2014,2008,-6,0_5km,gt_50km,-882.9181002760056,338.78942305177225,1465,341163,-164.5072201955321,718.4108800804735
2014,2008,-6,5_10km,gt_50km,-76.32433223081841,282.125073324154,2635,341163,642.0865478496551,718.4108800804735
2014,2008,-6,10_25km,gt_50km,-553.9876468103699,90.02862854002574,12968,341163,164.4232332701035,718.4108800804735
2014,2008,-6,25_50km,gt_50km,-240.5458971365601,61.05466263679735,34264,341163,477.8649829439134,718.4108800804735
2014,2009,-5,0_5km,gt_50km,693.2048906383966,375.9264436710919,1465,317792,1042.7733859564783,349.5684953180816
2014,2009,-5,5_10km,gt_50km,1225.4602232226862,300.420602582167,2635,317792,1575.0287185407678,349.5684953180816
2014,2009,-5,10_25km,gt_50km,742.1539877744062,118.06222395554227,12968,317792,1091.722483092488,349.5684953180816
2014,2009,-5,25_50km,gt_50km,419.059736648724,59.65487996799268,34264,317792,768.6282319668056,349.5684953180816
2014,2010,-4,0_5km,gt_50km,273.10937582514896,355.93785690064976,1465,310792,357.8759628330819,84.76658700793294
2014,2010,-4,5_10km,gt_50km,611.2180711324244,264.27761434935474,2635,310792,695.9846581403573,84.76658700793294
2014,2010,-4,10_25km,gt_50km,-1.192393117553351,86.4356732312654,12968,310792,83.57419389037959,84.76658700793294
2014,2010,-4,25_50km,gt_50km,217.07734688295832,53.71479391994177,34264,310792,301.84393389089126,84.76658700793294
2014,2011,-3,0_5km,gt_50km,621.6086309661897,677.7105685019048,1465,282246,648.208672694847,26.600041728657235
2014,2011,-3,5_10km,gt_50km,360.8756596519231,189.0583595162094,2635,282246,387.47570138058035,26.600041728657235
2014,2011,-3,10_25km,gt_50km,4.662499424908411,84.64600623296195,12968,282246,31.262541153565646,26.600041728657235
2014,2011,-3,25_50km,gt_50km,177.31899121401221,52.60754778602644,34264,282246,203.91903294266945,26.600041728657235
2014,2012,-2,0_5km,gt_50km,418.6309783085179,370.02439477039974,1465,275795,576.9368513056316,158.30587299711377
2014,2012,-2,5_10km,gt_50km,481.0167203128027,191.56546820722133,2635,275795,639.3225933099164,158.30587299711377
2014,2012,-2,10_25km,gt_50km,537.2508923938794,95.05933241972875,12968,275795,695.5567653909932,158.30587299711377
2014,2012,-2,25_50km,gt_50km,473.61594970251406,50.36584047481817,34264,275795,631.9218226996278,158.30587299711377
2014,2013,-1,0_5km,gt_50km,0.0,0.0,1465,274161,0.0,0.0
2014,2013,-1,5_10km,gt_50km,0.0,0.0,2635,274161,0.0,0.0
2014,2013,-1,10_25km,gt_50km,0.0,0.0,12968,274161,0.0,0.0
2014,2013,-1,25_50km,gt_50km,0.0,0.0,34264,274161,0.0,0.0
2014,2014,0,0_5km,gt_50km,-452.21185353128277,336.9341307470631,1465,274161,-17.147939138943197,435.0639143923396
2014,2014,0,5_10km,gt_50km,55.69140509905509,261.6537425596997,2635,274161,490.7553194913947,435.0639143923396
2014,2014,0,10_25km,gt_50km,-131.39245481320864,84.10837596891322,12968,274161,303.67145957913095,435.0639143923396
2014,2014,0,25_50km,gt_50km,-199.87107176198418,51.192354251342906,34264,274161,235.19284263035541,435.0639143923396
2014,2015,1,0_5km,gt_50km,-4.045585177176022,399.4844230507013,1465,274161,-76.47164201684532,-72.4260568396693
2014,2015,1,5_10km,gt_50km,-225.34566664190078,199.66270654507804,2635,274161,-297.77172348157006,-72.4260568396693
2014,2015,1,10_25km,gt_50km,-20.43341547896084,96.67438845786154,12968,274161,-92.85947231863014,-72.4260568396693
2014,2015,1,25_50km,gt_50km,-79.51834695962775,51.40697923884023,34264,274161,-151.94440379929705,-72.4260568396693
2014,2016,2,0_5km,gt_50km,-930.5274418106865,440.75785310023065,1465,274161,-227.09894940111633,703.4284924095701
2014,2016,2,5_10km,gt_50km,-953.7260993195828,168.20036857523013,2635,274161,-250.2976069100127,703.4284924095701
2014,2016,2,10_25km,gt_50km,-735.9793020455579,89.10346542297998,12968,274161,-32.55080963598778,703.4284924095701
2014,2016,2,25_50km,gt_50km,-481.5425930337768,59.27247901827817,34264,274161,221.88589937579334,703.4284924095701
2014,2017,3,0_5km,gt_50km,-2119.98479668897,356.8822607882029,1465,274161,-324.83708184329635,1795.1477148456736
2014,2017,3,5_10km,gt_50km,-1625.2343512157213,184.79206963691271,2635,274161,169.91336362995224,1795.1477148456736
2014,2017,3,10_25km,gt_50km,-972.7615870035621,110.73389184709457,12968,274161,822.3861278421115,1795.1477148456736
2014,2017,3,25_50km,gt_50km,-1056.4419838269368,69.03280564014212,34264,274161,738.7057310187369,1795.1477148456736
2014,2018,4,0_5km,gt_50km,-2171.5857574028614,363.60356018526795,1387,207960,-605.599612518004,1565.9861448848576
2014,2018,4,5_10km,gt_50km,-1803.433451999755,164.54967205745697,2621,207960,-237.44730711489757,1565.9861448848576
2014,2018,4,10_25km,gt_50km,-1265.8791495699397,111.78264713199003,12741,207960,300.1069953149178,1565.9861448848576
2014,2018,4,25_50km,gt_50km,-1093.408976006424,72.93723980044166,33783,207960,472.5771688784338,1565.9861448848576
2014,2019,5,0_5km,gt_50km,-1545.551121095492,334.43704695036024,1387,207960,-738.2844280206953,807.2666930747966
2014,2019,5,5_10km,gt_50km,-983.0306502375897,171.88560117177767,2621,207960,-175.7639571627931,807.2666930747966
2014,2019,5,10_25km,gt_50km,-933.3378096139752,93.2522271115637,12741,207960,-126.07111653917856,807.2666930747966
2014,2019,5,25_50km,gt_50km,-442.51311277878614,67.39646979891728,33782,207960,364.7535802960105,807.2666930747966
2014,2020,6,0_5km,gt_50km,-2142.1406985544336,348.2490329652232,1286,185173,-837.8916594964829,1304.2490390579508
2014,2020,6,5_10km,gt_50km,-1194.2463412856107,209.86197964893523,2506,185173,110.00269777234011,1304.2490390579508
2014,2020,6,10_25km,gt_50km,-1144.3644882880171,103.58603977580655,12344,185173,159.88455076993372,1304.2490390579508
2014,2020,6,25_50km,gt_50km,-790.9357757703365,68.49964691498477,33274,185173,513.3132632876143,1304.2490390579508
2014,2021,7,0_5km,gt_50km,-1634.152233693562,346.03889908353295,1281,182280,-885.272361866056,748.879871827506
2014,2021,7,5_10km,gt_50km,-762.7213524838485,185.66558413605964,2488,182280,-13.841480656342418,748.879871827506
2014,2021,7,10_25km,gt_50km,-637.7897651839387,98.91107285470662,12300,182280,111.09010664356728,748.879871827506
2014,2021,7,25_50km,gt_50km,-513.2661743115139,62.35134411542163,33171,182280,235.6136975159921,748.879871827506
2014,2022,8,0_5km,gt_50km,-1480.82118917378,366.3772926816765,1281,182280,-885.6739242163899,595.1472649573902
2014,2022,8,5_10km,gt_50km,-907.124863011402,184.2639935377409,2488,182280,-311.97759805401176,595.1472649573902
2014,2022,8,10_25km,gt_50km,-698.9053064173372,93.24535436215861,12300,182280,-103.75804145994695,595.1472649573902
2014,2022,8,25_50km,gt_50km,-211.35209742958995,64.39846594952655,33171,182280,383.7951675278003,595.1472649573902
2018,2010,-8,0_5km,gt_50km,447.899553977697,90.4203957672716,39584,213216,-1389.443697235838,-1837.343251213535
2018,2010,-8,5_10km,gt_50km,208.15064643239748,81.30801807316595,61262,213216,-1629.1926047811376,-1837.343251213535
2018,2010,-8,10_25km,gt_50km,184.85368409518537,59.435889349174474,216216,213216,-1652.4895671183497,-1837.343251213535
2018,2010,-8,25_50km,gt_50km,31.7322904069772,57.75207013610371,251980,213216,-1805.6109608065578,-1837.343251213535
2018,2011,-7,0_5km,gt_50km,454.34474896802476,94.58014645786267,39584,209517,-1335.8038596370684,-1790.1486086050932
2018,2011,-7,5_10km,gt_50km,340.8497252203349,83.35254600125151,61262,209517,-1449.2988833847583,-1790.1486086050932
2018,2011,-7,10_25km,gt_50km,190.31815209726983,60.57762034777126,216216,209517,-1599.8304565078233,-1790.1486086050932
2018,2011,-7,25_50km,gt_50km,-119.10361171772047,58.840394860559314,251980,209517,-1909.2522203228136,-1790.1486086050932
2018,2012,-6,0_5km,gt_50km,687.5497549872932,91.60639255010175,39584,209187,-1139.9412731826665,-1827.4910281699597
2018,2012,-6,5_10km,gt_50km,552.1565557897854,82.68140253442897,61262,209187,-1275.3344723801742,-1827.4910281699597
2018,2012,-6,10_25km,gt_50km,600.2461417679433,60.658828124299504,216216,209187,-1227.2448864020164,-1827.4910281699597
2018,2012,-6,25_50km,gt_50km,467.68994899847394,59.00494748797054,251980,209187,-1359.8010791714858,-1827.4910281699597
2018,2013,-5,0_5km,gt_50km,-423.1542210026482,89.7692513335577,39584,209187,-2129.55903585517,-1706.4048148525217
2018,2013,-5,5_10km,gt_50km,-581.6101079319697,79.85707364465921,61262,209187,-2288.0149227844913,-1706.4048148525217
2018,2013,-5,10_25km,gt_50km,-697.2035860893079,59.05314666781812,216216,209187,-2403.6084009418296,-1706.4048148525217
2018,2013,-5,25_50km,gt_50km,-649.9070822847193,58.201304431920065,251980,209187,-2356.311897137241,-1706.4048148525217
2018,2014,-4,0_5km,gt_50km,-317.2185531324915,97.48857327063224,39584,207960,-1591.4716043918024,-1274.253051259311
2018,2014,-4,5_10km,gt_50km,-520.6227768578865,84.0281249672851,61262,207960,-1794.8758281171974,-1274.253051259311
2018,2014,-4,10_25km,gt_50km,-675.9025174992175,61.38265054811053,216216,207960,-1950.1555687585285,-1274.253051259311
2018,2014,-4,25_50km,gt_50km,-576.474692516643,61.00467318789528,251980,207960,-1850.727743775954,-1274.253051259311
2018,2015,-3,0_5km,gt_50km,-255.99152779643055,86.9727245572254,39584,207960,-2134.7833014678254,-1878.7917736713948
2018,2015,-3,5_10km,gt_50km,-365.167825473191,81.35411464999702,61262,207960,-2243.959599144586,-1878.7917736713948
2018,2015,-3,10_25km,gt_50km,-459.7946883250388,58.310599215692946,216216,207960,-2338.5864619964336,-1878.7917736713948
2018,2015,-3,25_50km,gt_50km,-349.54881446148966,57.308036821603686,251980,207960,-2228.3405881328845,-1878.7917736713948
2018,2016,-2,0_5km,gt_50km,84.02398149030796,104.28790081370884,39584,207960,-983.0405658985865,-1067.0645473888944
2018,2016,-2,5_10km,gt_50km,52.01064273397401,86.40915645179032,61262,207960,-1015.0539046549204,-1067.0645473888944
2018,2016,-2,10_25km,gt_50km,-62.96189781108387,60.525651460763065,216216,207960,-1130.0264451999783,-1067.0645473888944
2018,2016,-2,25_50km,gt_50km,-66.98409259222171,57.74721598036942,251980,207960,-1134.0486399811161,-1067.0645473888944
2018,2017,-1,0_5km,gt_50km,0.0,0.0,39584,207960,0.0,0.0
2018,2017,-1,5_10km,gt_50km,0.0,0.0,61262,207960,0.0,0.0
2018,2017,-1,10_25km,gt_50km,0.0,0.0,216216,207960,0.0,0.0
2018,2017,-1,25_50km,gt_50km,0.0,0.0,251980,207960,0.0,0.0
2018,2018,0,0_5km,gt_50km,-920.0071263001493,86.62376688919012,39584,207960,-1070.354180004756,-150.34705370460674
2018,2018,0,5_10km,gt_50km,-821.0398048491738,81.95699861024212,61262,207960,-971.3868585537806,-150.34705370460674
2018,2018,0,10_25km,gt_50km,-742.7961863953518,62.46578967347883,216216,207960,-893.1432400999586,-150.34705370460674
2018,2018,0,25_50km,gt_50km,-682.8276261062804,60.06601331548904,251980,207960,-833.1746798108871,-150.34705370460674
2018,2019,1,0_5km,gt_50km,-597.7710924866204,88.19870830782786,39575,207960,-1506.8375980012881,-909.0665055146677
2018,2019,1,5_10km,gt_50km,-627.3049366186968,80.44046744044417,61262,207960,-1536.3714421333646,-909.0665055146677
2018,2019,1,10_25km,gt_50km,-404.3512695670396,62.99885801173801,216216,207960,-1313.4177750817073,-909.0665055146677
2018,2019,1,25_50km,gt_50km,-421.4442030542324,61.1377191442188,251980,207960,-1330.5107085689,-909.0665055146677
2018,2020,2,0_5km,gt_50km,-1597.2932238845956,95.25651533947148,38591,185173,-1505.6008191070416,91.69240477755403
2018,2020,2,5_10km,gt_50km,-1477.520268102002,86.27381269055755,59814,185173,-1385.8278633244481,91.69240477755403
2018,2020,2,10_25km,gt_50km,-1342.4036809852382,62.78862508537746,211593,185173,-1250.7112762076843,91.69240477755403
2018,2020,2,25_50km,gt_50km,-1119.8238779229773,62.349920139088894,245154,185173,-1028.1314731454233,91.69240477755403
2018,2021,3,0_5km,gt_50km,-1299.4637605860698,90.50997617497043,38107,182280,-1721.0444452801164,-421.58068469404645
2018,2021,3,5_10km,gt_50km,-1222.0895303342932,84.09590753909211,59231,182280,-1643.6702150283397,-421.58068469404645
2018,2021,3,10_25km,gt_50km,-933.9905733625011,60.21499990961141,211070,182280,-1355.5712580565475,-421.58068469404645
2018,2021,3,25_50km,gt_50km,-936.7673238842266,58.022853995464885,244836,182280,-1358.348008578273,-421.58068469404645
2018,2022,4,0_5km,gt_50km,-1047.990231733317,90.6333014918217,38107,182280,-1623.303523297479,-575.313291564162
2018,2022,4,5_10km,gt_50km,-1069.6140694106946,82.58538808020185,59231,182280,-1644.9273609748566,-575.313291564162
2018,2022,4,10_25km,gt_50km,-837.9685326949452,58.145958908589414,211070,182280,-1413.2818242591072,-575.313291564162
2018,2022,4,25_50km,gt_50km,-743.2804048942166,57.43689685608158,244836,182280,-1318.5936964583786,-575.313291564162
2018,2023,5,0_5km,gt_50km,-987.2240866999242,88.07077377781327,38107,182280,-1800.7263752330382,-813.502288533114
2018,2023,5,5_10km,gt_50km,-1050.8719564327575,81.30936629950459,59231,182280,-1864.3742449658716,-813.502288533114
2018,2023,5,10_25km,gt_50km,-1008.4182035491873,55.35085745808804,211070,182280,-1821.9204920823013,-813.502288533114
2018,2023,5,25_50km,gt_50km,-902.2449287626822,54.850560825057,244836,182280,-1715.7472172957962,-813.502288533114
2018,2024,6,0_5km,gt_50km,-930.5391521122237,95.68246613874118,37030,172329,-1680.958153333023,-750.4190012207991
2018,2024,6,5_10km,gt_50km,-1003.2530883133261,85.31469212536116,57638,172329,-1753.6720895341252,-750.4190012207991
2018,2024,6,10_25km,gt_50km,-959.717579457711,59.28813671569569,207075,172329,-1710.1365806785102,-750.4190012207991
2018,2024,6,25_50km,gt_50km,-1152.7902732851705,57.309418911804244,241909,172329,-1903.2092745059697,-750.4190012207991
2018,2025,7,0_5km,gt_50km,-1145.861301665361,93.58768792204087,36836,170147,-1831.3282169213944,-685.4669152560334
2018,2025,7,5_10km,gt_50km,-1342.459208677885,80.35705908332483,57319,170147,-2027.9261239339185,-685.4669152560334
2018,2025,7,10_25km,gt_50km,-1387.873964421152,55.887687114758734,206145,170147,-2073.3408796771855,-685.4669152560334
2018,2025,7,25_50km,gt_50km,-1373.3610276882657,55.175965632382976,240560,170147,-2058.827942944299,-685.4669152560334
2019,2011,-8,0_5km,gt_50km,3304.842129169453,482.47158396598667,358,283417,1932.3744531513423,-1372.4676760181105
2019,2011,-8,5_10km,gt_50km,2545.31913353517,393.7184078707331,1278,283417,1172.8514575170593,-1372.4676760181105
2019,2011,-8,10_25km,gt_50km,1397.4453527694473,119.13133011802086,9508,283417,24.97767675133676,-1372.4676760181105
2019,2011,-8,25_50km,gt_50km,1251.454566584918,78.08838340484974,32509,283417,-121.01310943319257,-1372.4676760181105
2019,2012,-7,0_5km,gt_50km,2457.2047071298043,371.3514401003937,358,277532,1173.2624500326056,-1283.9422570971988
2019,2012,-7,5_10km,gt_50km,2166.6777087673563,396.2524556476372,1278,277532,882.7354516701573,-1283.9422570971988
2019,2012,-7,10_25km,gt_50km,1424.4702421884006,116.02742657051706,9508,277532,140.52798509120177,-1283.9422570971988
2019,2012,-7,25_50km,gt_50km,1485.0397376199364,84.06676823062628,32509,277532,201.0974805227377,-1283.9422570971988
2019,2013,-6,0_5km,gt_50km,1187.4412509606052,320.7543925834177,358,276559,-251.3121214175592,-1438.7533723781644
2019,2013,-6,5_10km,gt_50km,1447.8966672837157,396.53423480279724,1278,276559,9.143294905551338,-1438.7533723781644
2019,2013,-6,10_25km,gt_50km,672.79104597016,110.95928241071375,9508,276559,-765.9623264080044,-1438.7533723781644
2019,2013,-6,25_50km,gt_50km,597.1320797518225,77.71816101089813,32509,276559,-841.6212926263419,-1438.7533723781644
2019,2014,-5,0_5km,gt_50km,838.6657893698057,328.7362303885297,358,271214,-189.83691446833137,-1028.502703838137
2019,2014,-5,5_10km,gt_50km,490.1525795625131,272.1756831032526,1278,271214,-538.3501242756239,-1028.502703838137
2019,2014,-5,10_25km,gt_50km,453.64854920986147,118.68307862648923,9508,271214,-574.8541546282755,-1028.502703838137
2019,2014,-5,25_50km,gt_50km,684.591352496851,84.88579136433754,32509,271214,-343.91135134128604,-1028.502703838137
2019,2015,-4,0_5km,gt_50km,1321.986125015513,278.7143305766386,358,271214,-217.26310920293295,-1539.249234218446
2019,2015,-4,5_10km,gt_50km,685.5267266508284,296.50116175711423,1278,271214,-853.7225075676175,-1539.249234218446
2019,2015,-4,10_25km,gt_50km,443.4213904595265,101.83432028020651,9508,271214,-1095.8278437589195,-1539.249234218446
2019,2015,-4,25_50km,gt_50km,669.6793634791472,81.86660901549268,32509,271214,-869.5698707392987,-1539.249234218446
2019,2016,-3,0_5km,gt_50km,1886.539682928029,351.5790194161627,358,271214,1124.6817987340685,-761.8578841939604
2019,2016,-3,5_10km,gt_50km,1526.0976938815897,369.83959793478823,1278,271214,764.2398096876294,-761.8578841939604
2019,2016,-3,10_25km,gt_50km,738.3172332197701,137.1911909279732,9508,271214,-23.54065097419041,-761.8578841939604
2019,2016,-3,25_50km,gt_50km,744.2700615094178,92.27362180716592,32509,271214,-17.58782268454268,-761.8578841939604
2019,2017,-2,0_5km,gt_50km,4378.045922008319,683.325565138039,358,271214,4704.821210864758,326.77528885643846
2019,2017,-2,5_10km,gt_50km,3758.7091578587933,477.2072658649941,1278,271214,4085.484446715232,326.77528885643846
2019,2017,-2,10_25km,gt_50km,1865.7335966391868,160.60274182416208,9508,271214,2192.5088854956252,326.77528885643846
2019,2017,-2,25_50km,gt_50km,1005.4159575469866,90.32980806825537,32509,271214,1332.191246403425,326.77528885643846
2019,2018,-1,0_5km,gt_50km,0.0,0.0,358,207960,0.0,0.0
2019,2018,-1,5_10km,gt_50km,0.0,0.0,1278,207960,0.0,0.0
2019,2018,-1,10_25km,gt_50km,0.0,0.0,9508,207960,0.0,0.0
2019,2018,-1,25_50km,gt_50km,0.0,0.0,32509,207960,0.0,0.0
2019,2019,0,0_5km,gt_50km,1191.7644895074436,325.7263195346288,358,207960,433.0450376973825,-758.7194518100611
2019,2019,0,5_10km,gt_50km,7.0521954348587315,267.9836381025516,1278,207960,-751.6672563752023,-758.7194518100611
2019,2019,0,10_25km,gt_50km,711.5552046738422,126.5074395156059,9508,207960,-47.16424713621886,-758.7194518100611
2019,2019,0,25_50km,gt_50km,402.11663684921285,76.99071179708092,32509,207960,-356.6028149608482,-758.7194518100611
2019,2020,1,0_5km,gt_50km,-225.24704987102916,253.6294059707846,358,185173,98.6912413226981,323.93829119372725
2019,2020,1,5_10km,gt_50km,-454.9076555860197,306.0800367390935,1278,185173,-130.96936439229242,323.93829119372725
2019,2020,1,10_25km,gt_50km,-524.2078316126195,124.09964965459106,9495,185173,-200.2695404188923,323.93829119372725
2019,2020,1,25_50km,gt_50km,-828.1510115327851,79.12019724014486,31820,185173,-504.21272033905785,323.93829119372725
2019,2021,2,0_5km,gt_50km,897.3962106808928,369.3961951443982,358,182280,686.936082104313,-210.46012857657976
2019,2021,2,5_10km,gt_50km,-239.44221615724203,262.49531781952993,1278,182280,-449.9023447338218,-210.46012857657976
2019,2021,2,10_25km,gt_50km,93.78331911907371,136.3647382647787,9490,182280,-116.67680945750605,-210.46012857657976
2019,2021,2,25_50km,gt_50km,-421.195797107575,84.10955617738922,31796,182280,-631.6559256841548,-210.46012857657976
2019,2022,3,0_5km,gt_50km,814.1652785306026,325.05533413714664,358,182280,449.9725430839072,-364.1927354466954
2019,2022,3,5_10km,gt_50km,-2.868008541574909,292.09885875349835,1278,182280,-367.0607439882703,-364.1927354466954
2019,2022,3,10_25km,gt_50km,261.6497706060779,133.01893333356472,9490,182280,-102.5429648406175,-364.1927354466954
2019,2022,3,25_50km,gt_50km,193.07509520560146,90.1614273254008,31796,182280,-171.11764024109394,-364.1927354466954
2019,2023,4,0_5km,gt_50km,2257.1309476910096,565.6417744099076,358,182280,1654.749215275362,-602.3817324156474
2019,2023,4,5_10km,gt_50km,1620.524502282322,400.93353377012625,1278,182280,1018.1427698666746,-602.3817324156474
2019,2023,4,10_25km,gt_50km,582.9089756365746,114.98803271345746,9490,182280,-19.47275677907278,-602.3817324156474
2019,2023,4,25_50km,gt_50km,981.4151138986638,103.33148156154175,31796,182280,379.0333814830164,-602.3817324156474
2019,2024,5,0_5km,gt_50km,1075.5741431264983,415.8810645843205,358,172329,536.9994518917273,-538.5746912347711
2019,2024,5,5_10km,gt_50km,191.52194033281552,275.2226326639061,1263,172329,-347.05275090195556,-538.5746912347711
2019,2024,5,10_25km,gt_50km,52.254022891403565,116.8815194718373,8832,172329,-486.3206683433675,-538.5746912347711
2019,2024,5,25_50km,gt_50km,411.46060073466197,101.91364605403133,30477,172329,-127.1140905001091,-538.5746912347711
2019,2025,6,0_5km,gt_50km,1375.6288647792117,713.1931898335929,358,170147,896.3661105133069,-479.26275426590485
2019,2025,6,5_10km,gt_50km,189.38964528481688,305.75832134818074,1263,170147,-289.87310898108797,-479.26275426590485
2019,2025,6,10_25km,gt_50km,-10.280781317345202,117.13973770818333,8822,170147,-489.54353558325005,-479.26275426590485
2019,2025,6,25_50km,gt_50km,95.762116080456,88.56652110145123,30450,170147,-383.50063818544885,-479.26275426590485
2020,2012,-8,0_5km,gt_50km,-4.343146270070065,116.73623583635568,23592,229812,-713.9315160018264,-709.5883697317563
2020,2012,-8,5_10km,gt_50km,139.4671655910363,112.97057894870645,35978,229812,-570.12120414072,-709.5883697317563
2020,2012,-8,10_25km,gt_50km,573.1600301717175,57.79441514259925,132925,229812,-136.42833956003878,-709.5883697317563
2020,2012,-8,25_50km,gt_50km,507.1954359350057,48.45144971843616,206588,229812,-202.39293379675058,-709.5883697317563
2020,2013,-7,0_5km,gt_50km,-586.2729697365223,113.99374561290526,23592,228560,-1499.459443226507,-913.1864734899846
2020,2013,-7,5_10km,gt_50km,-666.8142979247452,105.89441237271059,35978,228560,-1580.0007714147298,-913.1864734899846
2020,2013,-7,10_25km,gt_50km,-341.30488760238995,54.22228060009335,132925,228560,-1254.4913610923745,-913.1864734899846
2020,2013,-7,25_50km,gt_50km,-49.47190468972701,46.82605626061282,206588,228560,-962.6583781797116,-913.1864734899846
2020,2014,-6,0_5km,gt_50km,-492.7470594580102,127.68339854703217,23592,228383,-1049.734785855509,-556.9877263974988
2020,2014,-6,5_10km,gt_50km,-689.749821141937,109.33931372602905,35978,228383,-1246.7375475394358,-556.9877263974988
2020,2014,-6,10_25km,gt_50km,-166.7988426099107,58.08258622497431,132925,228383,-723.7865690074095,-556.9877263974988
2020,2014,-6,25_50km,gt_50km,221.12460409163475,51.14629043479815,206588,228383,-335.86312230586407,-556.9877263974988
2020,2015,-5,0_5km,gt_50km,-718.2018283229049,110.27913742281052,23592,228383,-1630.1269596098252,-911.9251312869203
2020,2015,-5,5_10km,gt_50km,-780.2437026605344,108.56043990685791,35978,228383,-1692.1688339474547,-911.9251312869203
2020,2015,-5,10_25km,gt_50km,-345.8425430636355,53.6192139631056,132925,228383,-1257.7676743505558,-911.9251312869203
2020,2015,-5,25_50km,gt_50km,-5.194059135604562,46.27958427828257,206588,228383,-917.1191904225249,-911.9251312869203
2020,2016,-4,0_5km,gt_50km,-718.7212730578684,119.21636425324785,23592,228383,-952.2052865318499,-233.4840134739815
2020,2016,-4,5_10km,gt_50km,-396.2657536692591,114.4698443258442,35978,228383,-629.7497671432405,-233.4840134739815
2020,2016,-4,10_25km,gt_50km,53.83705201800305,59.88759359666548,132925,228383,-179.64696145597844,-233.4840134739815
2020,2016,-4,25_50km,gt_50km,765.0293185450225,60.65176090420956,206588,228383,531.5453050710411,-233.4840134739815
2020,2017,-3,0_5km,gt_50km,687.7808923705934,156.72334553128016,23592,228383,1181.3851446679241,493.6042522973307
2020,2017,-3,5_10km,gt_50km,850.6080736952965,134.65055716302274,35978,228383,1344.2123259926273,493.6042522973307
2020,2017,-3,10_25km,gt_50km,1232.5435798094697,71.07687157898873,132925,228383,1726.1478321068005,493.6042522973307
2020,2017,-3,25_50km,gt_50km,1248.4068207126963,61.43094691762532,206588,228383,1742.011073010027,493.6042522973307
2020,2018,-2,0_5km,gt_50km,1312.862005919993,159.358114852546,23592,185173,1401.3380098779978,88.47600395800475
2020,2018,-2,5_10km,gt_50km,790.2904890396028,132.50500680924605,35978,185173,878.7664929976075,88.47600395800475
2020,2018,-2,10_25km,gt_50km,975.3681355474524,69.53497009491926,132925,185173,1063.8441395054572,88.47600395800475
2020,2018,-2,25_50km,gt_50km,670.6124415961675,56.27128148787769,206588,185173,759.0884455541723,88.47600395800475
2020,2019,-1,0_5km,gt_50km,0.0,0.0,23592,185173,0.0,0.0
2020,2019,-1,5_10km,gt_50km,0.0,0.0,35978,185173,0.0,0.0
2020,2019,-1,10_25km,gt_50km,0.0,0.0,132925,185173,0.0,0.0
2020,2019,-1,25_50km,gt_50km,0.0,0.0,206588,185173,0.0,0.0
2020,2020,0,0_5km,gt_50km,518.8326402810935,157.85169035147774,23592,185173,931.2469354328256,412.414295151732
2020,2020,0,5_10km,gt_50km,70.1586434653479,131.99800606193898,35978,185173,482.5729386170799,412.414295151732
2020,2020,0,10_25km,gt_50km,-96.87611873657903,66.74087585643113,132925,185173,315.538176415153,412.414295151732
2020,2020,0,25_50km,gt_50km,-98.3386619266521,57.35862888712797,206588,185173,314.0756332250799,412.414295151732
2020,2021,1,0_5km,gt_50km,804.6183545324991,165.9687294177999,23283,182280,680.9369612285864,-123.68139330391278
2020,2021,1,5_10km,gt_50km,-96.00847011243192,129.73838318516312,35727,182280,-219.6898634163447,-123.68139330391278
2020,2021,1,10_25km,gt_50km,211.4516689219144,66.34383445998448,132476,182280,87.7702756180016,-123.68139330391278
2020,2021,1,25_50km,gt_50km,154.9158423137774,56.21658696283616,206234,182280,31.23444900986462,-123.68139330391278
2020,2022,2,0_5km,gt_50km,932.8379436644909,162.50870121209744,23283,182280,655.4239434904625,-277.41400017402844
2020,2022,2,5_10km,gt_50km,150.29896929363872,135.9144695357671,35727,182280,-127.11503088038974,-277.41400017402844
2020,2022,2,10_25km,gt_50km,174.02944900437623,66.58874859122064,132476,182280,-103.38455116965221,-277.41400017402844
2020,2022,2,25_50km,gt_50km,252.54575040942944,56.08152668417607,206234,182280,-24.86824976459901,-277.41400017402844
2020,2023,3,0_5km,gt_50km,-157.77106223549663,129.94021042962157,23283,182280,-673.3740593784771,-515.6029971429805
2020,2023,3,5_10km,gt_50km,-465.3254655236774,117.29918053034953,35727,182280,-980.9284626666579,-515.6029971429805
2020,2023,3,10_25km,gt_50km,-286.2523244937315,58.89917587226894,132476,182280,-801.855321636712,-515.6029971429805
2020,2023,3,25_50km,gt_50km,-183.32528696645943,51.122102064554475,206234,182280,-698.9282841094399,-515.6029971429805
2020,2024,4,0_5km,gt_50km,782.1161052859037,154.49055523685192,23036,172329,246.87869205580262,-535.2374132301011
2020,2024,4,5_10km,gt_50km,315.60029337117794,135.29830180818203,35300,172329,-219.63711985892317,-535.2374132301011
2020,2024,4,10_25km,gt_50km,174.8838295147528,67.58696146928952,131112,172329,-360.3535837153483,-535.2374132301011
2020,2024,4,25_50km,gt_50km,-165.74367616531674,54.342065096808426,203788,172329,-700.9810893954178,-535.2374132301011
2020,2025,5,0_5km,gt_50km,144.09661216506055,143.12479565741697,22904,170147,-414.0250852214128,-558.1216973864733
2020,2025,5,5_10km,gt_50km,-209.7425297576624,127.26034108547518,35138,170147,-767.8642271441357,-558.1216973864733
2020,2025,5,10_25km,gt_50km,-48.910301961538835,65.3974117877094,130550,170147,-607.0319993480122,-558.1216973864733
2020,2025,5,25_50km,gt_50km,-295.45897155107775,52.65393341109725,202376,170147,-853.5806689375511,-558.1216973864733
2021,2013,-8,0_5km,gt_50km,873.1289231403177,104.62228305106544,9180,255288,-707.3820024204902,-1580.510925560808
2021,2013,-8,5_10km,gt_50km,922.8083515991042,88.22142407338238,15687,255288,-657.7025739617037,-1580.510925560808
2021,2013,-8,10_25km,gt_50km,1075.1311538651091,57.33949745482099,76316,255288,-505.3797716956988,-1580.510925560808
2021,2013,-8,25_50km,gt_50km,754.2638752390066,52.11205186302136,161439,255288,-826.2470503218013,-1580.510925560808
2021,2014,-7,0_5km,gt_50km,1154.6888111732762,126.45885946860705,9180,251805,-6.670826032658819,-1161.359637205935
2021,2014,-7,5_10km,gt_50km,854.8903948643717,100.033241317759,15687,251805,-306.4692423415633,-1161.359637205935
2021,2014,-7,10_25km,gt_50km,1005.7803006116781,64.4089321448068,76316,251805,-155.57933659425703,-1161.359637205935
2021,2014,-7,25_50km,gt_50km,690.7693734947195,54.11488371558684,161439,251805,-470.5902637112156,-1161.359637205935
2021,2015,-6,0_5km,gt_50km,1187.1187592265815,104.08629213264652,9180,251805,-507.10630964049165,-1694.225068867073
2021,2015,-6,5_10km,gt_50km,1180.5060858800157,92.02075395129407,15687,251805,-513.7189829870575,-1694.225068867073
2021,2015,-6,10_25km,gt_50km,1256.278889402789,59.30557842692414,76316,251805,-437.94617946428406,-1694.225068867073
2021,2015,-6,25_50km,gt_50km,865.9394031680666,50.600135250075624,161439,251805,-828.2856656990065,-1694.225068867073
2021,2016,-5,0_5km,gt_50km,1785.6033580889289,133.2180771867436,9180,251805,911.9326098191128,-873.6707482698159
2021,2016,-5,5_10km,gt_50km,1415.6591836702182,102.63760818160112,15687,251805,541.9884354004022,-873.6707482698159
2021,2016,-5,10_25km,gt_50km,1091.0526091231281,64.36355585752916,76316,251805,217.38186085331233,-873.6707482698159
2021,2016,-5,25_50km,gt_50km,892.3650889419094,56.228221326272255,161439,251805,18.694340672093553,-873.6707482698159
2021,2017,-4,0_5km,gt_50km,2286.9025753432734,176.0723527977363,9180,251805,2526.7159252890838,239.8133499458102
2021,2017,-4,5_10km,gt_50km,2133.391437453088,148.52640516238858,15687,251805,2373.2047873988986,239.8133499458102
2021,2017,-4,10_25km,gt_50km,1233.4354540051145,76.19850874418918,76316,251805,1473.2488039509246,239.8133499458102
2021,2017,-4,25_50km,gt_50km,798.6932159899436,61.94811295311841,161439,251805,1038.5065659357538,239.8133499458102
2021,2018,-3,0_5km,gt_50km,895.1632149880099,134.7124952730137,9180,201771,823.6269857817158,-71.53622920629417
2021,2018,-3,5_10km,gt_50km,382.0729185410439,108.13300883393858,15687,201771,310.5366893347497,-71.53622920629417
2021,2018,-3,10_25km,gt_50km,147.1971482694999,68.90438910145723,76316,201771,75.66091906320575,-71.53622920629417
2021,2018,-3,25_50km,gt_50km,70.58496741807136,63.06139335655391,161439,201771,-0.9512617882228054,-71.53622920629417
2021,2019,-2,0_5km,gt_50km,1188.6116974035147,121.42554318258945,9180,201771,376.25336371431297,-812.3583336892017
2021,2019,-2,5_10km,gt_50km,882.0844062896641,97.33923369853757,15687,201771,69.7260726004624,-812.3583336892017
2021,2019,-2,10_25km,gt_50km,864.246990384135,61.79356543285238,76316,201771,51.88865669493326,-812.3583336892017
2021,2019,-2,25_50km,gt_50km,797.9102521226337,56.287202109310904,161439,201771,-14.44808156656806,-812.3583336892017
2021,2020,-1,0_5km,gt_50km,0.0,0.0,9180,182280,0.0,0.0
2021,2020,-1,5_10km,gt_50km,0.0,0.0,15687,182280,0.0,0.0
2021,2020,-1,10_25km,gt_50km,0.0,0.0,76316,182280,0.0,0.0
2021,2020,-1,25_50km,gt_50km,0.0,0.0,161439,182280,0.0,0.0
2021,2021,0,0_5km,gt_50km,817.2416835605222,116.89282957123966,9180,182280,289.67019887128055,-527.5714846892416
2021,2021,0,5_10km,gt_50km,882.3087188963434,103.97270341211535,15687,182280,354.73723420710184,-527.5714846892416
2021,2021,0,10_25km,gt_50km,609.7215317470831,61.57636650112115,76316,182280,82.15004705784143,-527.5714846892416
2021,2021,0,25_50km,gt_50km,350.1378836621872,52.77421503181868,161439,182280,-177.4336010270544,-527.5714846892416
2021,2022,1,0_5km,gt_50km,787.2075017686195,122.05718584526446,9180,182280,105.90341020926236,-681.3040915593572
2021,2022,1,5_10km,gt_50km,833.9005854632744,101.30752545332375,15687,182280,152.59649390391726,-681.3040915593572
2021,2022,1,10_25km,gt_50km,693.9045153538432,60.12054686611647,76316,182280,12.600423794486039,-681.3040915593572
2021,2022,1,25_50km,gt_50km,658.304366163801,54.5272794217935,161439,182280,-22.999725395556155,-681.3040915593572
2021,2023,2,0_5km,gt_50km,1005.4415322185448,121.4166062933454,9180,182280,85.94844369023564,-919.4930885283092
2021,2023,2,5_10km,gt_50km,1133.043329071536,113.54634162575184,15687,182280,213.55024054322678,-919.4930885283092
2021,2023,2,10_25km,gt_50km,829.643287085396,59.891951813031355,76316,182280,-89.8498014429132,-919.4930885283092
2021,2023,2,25_50km,gt_50km,709.5008521999558,53.73193129089593,161439,182280,-209.99223632835333,-919.4930885283092
2021,2024,3,0_5km,gt_50km,817.4078467363851,117.90086707009762,8996,172329,-79.14125888672707,-896.5491056231122
2021,2024,3,5_10km,gt_50km,900.3939160152635,104.96890666946692,15481,172329,3.8448103921512953,-896.5491056231122
2021,2024,3,10_25km,gt_50km,668.4397044139092,62.49739261329924,74673,172329,-228.10940120920293,-896.5491056231122
2021,2024,3,25_50km,gt_50km,414.2030059830623,55.57959549584842,157813,172329,-482.34609964004983,-896.5491056231122
2021,2025,4,0_5km,gt_50km,668.4033653937835,111.79972958223024,8956,170147,-245.54873080720174,-913.9520962009852
2021,2025,4,5_10km,gt_50km,768.5234993262601,102.0944340040721,15438,170147,-145.42859687472512,-913.9520962009852
2021,2025,4,10_25km,gt_50km,661.7491253956707,61.13868852625953,74500,170147,-252.20297080531452,-913.9520962009852
2021,2025,4,25_50km,gt_50km,461.9841956837682,55.15298367472103,157014,170147,-451.96790051721706,-913.9520962009852
2024,2016,-8,0_5km,gt_50km,-176.33664800601696,72.24149410746881,33962,210082,351.81675885747757,528.1534068634945
2024,2016,-8,5_10km,gt_50km,-307.1792098823014,68.356570955914,53013,210082,220.97419698119316,528.1534068634945
2024,2016,-8,10_25km,gt_50km,-376.1385545904511,47.624245100090384,174067,210082,152.01485227304337,528.1534068634945
2024,2016,-8,25_50km,gt_50km,-143.45081362126365,50.50238270578902,215636,210082,384.7025932422309,528.1534068634945
2024,2017,-7,0_5km,gt_50km,-36.72855702781021,100.40855697715605,33962,210082,1743.1801811827806,1779.9087382105909
2024,2017,-7,5_10km,gt_50km,-461.9979115507281,81.94699459498838,53013,210082,1317.9108266598628,1779.9087382105909
2024,2017,-7,10_25km,gt_50km,-600.1436774600561,59.79061527975354,174067,210082,1179.7650607505348,1779.9087382105909
2024,2017,-7,25_50km,gt_50km,-576.9463424261203,60.32209323344607,215636,210082,1202.9623957844706,1779.9087382105909
2024,2018,-6,0_5km,gt_50km,-1108.7101072146204,83.25401755630725,33962,184083,392.01292600146513,1500.7230332160855
2024,2018,-6,5_10km,gt_50km,-1376.0128250696903,73.35107198616743,53013,184083,124.71020814639529,1500.7230332160855
2024,2018,-6,10_25km,gt_50km,-1288.6709693860605,59.45918207412585,174067,184083,212.05206383002496,1500.7230332160855
2024,2018,-6,25_50km,gt_50km,-1171.517355450479,60.66884885699285,215636,184083,329.20567776560637,1500.7230332160855
2024,2019,-5,0_5km,gt_50km,-658.5103469960058,75.41868555345162,33962,184083,115.58573447579381,774.0960814717996
2024,2019,-5,5_10km,gt_50km,-802.4716270389475,66.39865764267705,53013,184083,-28.37554556714797,774.0960814717996
2024,2019,-5,10_25km,gt_50km,-764.9562419541431,49.33594293784263,174067,184083,9.139839517656517,774.0960814717996
2024,2019,-5,25_50km,gt_50km,-604.0094747981633,51.82193517531851,215636,184083,170.0866066736363,774.0960814717996
2024,2020,-4,0_5km,gt_50km,-920.4317011241719,70.0149250494394,33962,174115,-35.83171305389848,884.5999880702734
2024,2020,-4,5_10km,gt_50km,-1048.8047343939434,67.0154847179218,53013,174115,-164.2047463236699,884.5999880702734
2024,2020,-4,10_25km,gt_50km,-839.5197687188992,52.26005566555174,174067,174115,45.08021935137419,884.5999880702734
2024,2020,-4,25_50km,gt_50km,-527.6904170410503,54.017410982558225,215636,174115,356.9095710292231,884.5999880702734
2024,2021,-3,0_5km,gt_50km,-595.4537825735649,62.75793500414439,33962,172329,-224.45666487193367,370.9971177016313
2024,2021,-3,5_10km,gt_50km,-654.591281847072,58.98792966714858,53013,172329,-283.59416414544074,370.9971177016313
2024,2021,-3,10_25km,gt_50km,-430.5129874619984,44.14511947146954,174067,172329,-59.51586976036712,370.9971177016313
2024,2021,-3,25_50km,gt_50km,-201.52866094684623,44.579557068892456,215636,172329,169.46845675478505,370.9971177016313
2024,2022,-2,0_5km,gt_50km,-240.8177741199899,60.15697517689116,33962,172329,-39.09540419634511,201.7223699236448
2024,2022,-2,5_10km,gt_50km,-364.8831720108154,57.24489975108203,53013,172329,-163.16080208717057,201.7223699236448
2024,2022,-2,10_25km,gt_50km,-215.3618643767808,38.38782755624018,174067,172329,-13.639494453135997,201.7223699236448
2024,2022,-2,25_50km,gt_50km,58.012019218866214,40.28548136869894,215636,172329,259.734389142511,201.7223699236448
2024,2023,-1,0_5km,gt_50km,0.0,0.0,33962,172329,0.0,0.0
2024,2023,-1,5_10km,gt_50km,0.0,0.0,53013,172329,0.0,0.0
2024,2023,-1,10_25km,gt_50km,0.0,0.0,174067,172329,0.0,0.0
2024,2023,-1,25_50km,gt_50km,0.0,0.0,215636,172329,0.0,0.0
2024,2024,0,0_5km,gt_50km,-165.34874978255195,53.959253037601066,33962,172329,-178.14163839604623,-12.792888613494297
2024,2024,0,5_10km,gt_50km,-220.65436143935665,53.22937928870639,53013,172329,-233.44725005285093,-12.792888613494297
2024,2024,0,10_25km,gt_50km,-111.36261033532779,38.61632653969509,174067,172329,-124.15549894882209,-12.792888613494297
2024,2024,0,25_50km,gt_50km,-118.69220572709226,40.59052771176252,215636,172329,-131.48509434058656,-12.792888613494297
2024,2025,1,0_5km,gt_50km,-217.4313073513896,57.569137723620486,33620,170147,-269.0347975009558,-51.6034901495662
2024,2025,1,5_10km,gt_50km,-250.86098526088955,57.70086684128284,52793,170147,-302.46447541045575,-51.6034901495662
2024,2025,1,10_25km,gt_50km,-140.0389017139063,38.4160884318313,173411,170147,-191.6423918634725,-51.6034901495662
2024,2025,1,25_50km,gt_50km,-202.4922500989909,39.87923237226274,214928,170147,-254.0957402485571,-51.6034901495662
2025,2017,-8,0_5km,gt_50km,567.6626691872646,145.21443106106437,12881,241784,1808.364941414389,1240.7022722271245
2025,2017,-8,5_10km,gt_50km,923.6914760436407,127.96706583717993,22141,241784,2164.393748270765,1240.7022722271245
2025,2017,-8,10_25km,gt_50km,1355.8373489971618,77.69175160511739,95147,241784,2596.5396212242863,1240.7022722271245
2025,2017,-8,25_50km,gt_50km,1061.9222286426752,70.81924020906777,174650,241784,2302.6245008697997,1240.7022722271245
2025,2018,-7,0_5km,gt_50km,-57.08520474919044,133.06648251131656,12881,194701,941.2961301981148,998.3813349473053
2025,2018,-7,5_10km,gt_50km,-91.63685302454758,107.9734571550885,22141,194701,906.7444819227577,998.3813349473053
2025,2018,-7,10_25km,gt_50km,170.4309680916017,72.60200102542784,95147,194701,1168.812303038907,998.3813349473053
2025,2018,-7,25_50km,gt_50km,636.8168270008277,75.59998474473439,174650,194701,1635.198161948133,998.3813349473053
2025,2019,-6,0_5km,gt_50km,-76.75928351261592,120.51641420617881,12881,194701,307.3806081413264,384.1398916539423
2025,2019,-6,5_10km,gt_50km,201.7709296945377,101.94473135860702,22141,194701,585.91082134848,384.1398916539423
2025,2019,-6,10_25km,gt_50km,405.0994966679099,63.67101433151661,95147,194701,789.2393883218522,384.1398916539423
2025,2019,-6,25_50km,gt_50km,489.1607863398747,64.72244083022527,174650,194701,873.300677993817,384.1398916539423
2025,2020,-5,0_5km,gt_50km,-295.06791057696626,126.51669132599575,12881,175903,606.6542837924821,901.7221943694484
2025,2020,-5,5_10km,gt_50km,-485.31912061428653,97.14255452833643,22141,175903,416.40307375516187,901.7221943694484
2025,2020,-5,10_25km,gt_50km,49.35330128315752,68.30380686617497,95147,175903,951.0754956526059,901.7221943694484
2025,2020,-5,25_50km,gt_50km,221.07141374031073,67.68095227448542,174650,175903,1122.7936081097591,901.7221943694484
2025,2021,-4,0_5km,gt_50km,8.987460780723325,125.11628489293268,12881,173341,372.09730634959215,363.1098455688688
2025,2021,-4,5_10km,gt_50km,-86.44697440515807,96.37146436778694,22141,173341,276.66287116371075,363.1098455688688
2025,2021,-4,10_25km,gt_50km,197.06010930139865,59.38512884818208,95147,173341,560.1699548702675,363.1098455688688
2025,2021,-4,25_50km,gt_50km,313.92792258334276,58.41532908909474,174650,173341,677.0377681522116,363.1098455688688
2025,2022,-3,0_5km,gt_50km,465.04574287523286,134.02736113932053,12881,173341,654.9170094879806,189.87126661274777
2025,2022,-3,5_10km,gt_50km,180.40024976541474,86.73049084618559,22141,173341,370.2715163781625,189.87126661274777
2025,2022,-3,10_25km,gt_50km,387.9506572019614,54.81771128255789,95147,173341,577.8219238147092,189.87126661274777
2025,2022,-3,25_50km,gt_50km,411.6718530477013,54.68290488628318,174650,173341,601.5431196604491,189.87126661274777
2025,2023,-2,0_5km,gt_50km,84.11507671044494,103.25806617999717,12881,173341,75.16534118207764,-8.949735528367302
2025,2023,-2,5_10km,gt_50km,0.9965481000935821,74.10694384158221,22141,173341,-7.95318742827372,-8.949735528367302
2025,2023,-2,10_25km,gt_50km,127.22261397850981,47.895159264993495,95147,173341,118.27287845014251,-8.949735528367302
2025,2023,-2,25_50km,gt_50km,-100.23277149387266,48.187969209807456,174650,173341,-109.18250702223996,-8.949735528367302
2025,2024,-1,0_5km,gt_50km,0.0,0.0,12881,170147,0.0,0.0
2025,2024,-1,5_10km,gt_50km,0.0,0.0,22141,170147,0.0,0.0
2025,2024,-1,10_25km,gt_50km,0.0,0.0,95147,170147,0.0,0.0
2025,2024,-1,25_50km,gt_50km,0.0,0.0,174650,170147,0.0,0.0
2025,2025,0,0_5km,gt_50km,-23.463164904539248,105.28226689322129,12881,170147,-72.83711637696017,-49.37395147242092
2025,2025,0,5_10km,gt_50km,-109.81135356485507,74.47223363148808,22141,170147,-159.18530503727598,-49.37395147242092
2025,2025,0,10_25km,gt_50km,-42.11940979932525,47.05405455547912,95147,170147,-91.49336127174617,-49.37395147242092
2025,2025,0,25_50km,gt_50km,-151.82416360561024,46.97387223957984,174650,170147,-201.19811507803115,-49.37395147242092
